,city,address,area,floor,name,price,province,rooms,toward,unit,year,origin_url
0,合肥,龙岗-临泉东路和王岗大道交叉口东南角,90㎡,中层（共18层）,圣地亚哥,128万,安徽,3室2厅,南北向,14222元/㎡,2013年建,https://hf.esf.fang.com/chushou/3_404230646.htm
1,合肥,龙岗-临泉东路和王岗大道交叉口东南角,90㎡,中层（共18层）,圣地亚哥,128万,安徽,3室2厅,南北向,14222元/㎡,2013年建,https://hf.esf.fang.com/chushou/3_404230646.htm
2,合肥,生态公园-淮海大道与大众路交口,95㎡,中层（共18层）,正荣·悦都荟,132万,安徽,3室2厅,南向,13895元/㎡,2019年建,https://hf.esf.fang.com/chushou/3_404304901.htm
3,合肥,生态公园-淮海大道与大众路交口,95㎡,中层（共18层）,正荣·悦都荟,132万,安徽,3室2厅,南向,13895元/㎡,2019年建,https://hf.esf.fang.com/chushou/3_404304901.htm
4,合肥,撮镇-文一名门金隅裕溪路与东风大道交口,37㎡,中层（共22层）,文一名门金隅,32万,安徽,2室1厅,南北向,8649元/㎡,2017年建,https://hf.esf.fang.com/chushou/3_404372096.htm
5,合肥,撮镇-文一名门金隅裕溪路与东风大道交口,37㎡,中层（共22层）,文一名门金隅,32万,安徽,2室1厅,南北向,8649元/㎡,2017年建,https://hf.esf.fang.com/chushou/3_404372096.htm
6,合肥,龙岗-长江东路与和县里交口,50㎡,高层（共30层）,柏庄金座,46万,安徽,2室1厅,南向,9200元/㎡,2019年建,https://hf.esf.fang.com/chushou/3_398859799.htm
7,合肥,龙岗-长江东路与和县里交口,50㎡,高层（共30层）,柏庄金座,46万,安徽,2室1厅,南向,9200元/㎡,2019年建,https://hf.esf.fang.com/chushou/3_398859799.htm
8,合肥,新亚汽车站-张洼路与临泉路交汇处向北100米(原红星机械,120㎡,中层（共27层）,天目未来,158万,安徽,4室2厅,南向,13167元/㎡,2012年建,https://hf.esf.fang.com/chushou/3_381138154.htm
9,合肥,新亚汽车站-张洼路与临泉路交汇处向北100米(原红星机械,120㎡,中层（共27层）,天目未来,158万,安徽,4室2厅,南向,13167元/㎡,2012年建,https://hf.esf.fang.com/chushou/3_381138154.htm
10,合肥,骆岗-东二环路与南淝河路交口东南,94.7㎡,低层（共26层）,金隅大成郡,168万,安徽,3室2厅,南向,17740元/㎡,2019年建,https://hf.esf.fang.com/chushou/3_395799614.htm
11,合肥,骆岗-东二环路与南淝河路交口东南,94.7㎡,低层（共26层）,金隅大成郡,168万,安徽,3室2厅,南向,17740元/㎡,2019年建,https://hf.esf.fang.com/chushou/3_395799614.htm
12,重庆,礼嘉-光照路附近 (金通大道与金海大道交界处步行5,123㎡,低层（共8层）,礼悦江山,176.5万,直辖市,4室2厅,南向,14350元/㎡,2019年建,https://cq.esf.fang.com/chushou/3_195837996.htm
13,重庆,礼嘉-光照路附近 (金通大道与金海大道交界处步行5,123㎡,低层（共8层）,礼悦江山,176.5万,直辖市,4室2厅,南向,14350元/㎡,2019年建,https://cq.esf.fang.com/chushou/3_195837996.htm
14,合肥,,,,,,安徽,,,,,
15,合肥,,,,,,安徽,,,,,
16,合肥,撮镇-裕溪路与东风大道交口,32㎡,中层（共28层）,文一名门金隅,25万,安徽,2室1厅,南向,7812元/㎡,2018年建,https://hf.esf.fang.com/chushou/3_402726185.htm
17,合肥,撮镇-裕溪路与东风大道交口,32㎡,中层（共28层）,文一名门金隅,25万,安徽,2室1厅,南向,7812元/㎡,2018年建,https://hf.esf.fang.com/chushou/3_402726185.htm
18,合肥,龙岗-临泉东路与通达路交口西北,83㎡,低层（共6层）,静安新天地,99万,安徽,2室2厅,南北向,11928元/㎡,2012年建,https://hf.esf.fang.com/chushou/3_404229188.htm
19,合肥,龙岗-临泉东路与通达路交口西北,83㎡,低层（共6层）,静安新天地,99万,安徽,2室2厅,南北向,11928元/㎡,2012年建,https://hf.esf.fang.com/chushou/3_404229188.htm
20,合肥,合钢-上海路与滨河路交口,56㎡,低层（共28层）,一尔悦城,52万,安徽,3室2厅,南北向,9286元/㎡,2019年建,https://hf.esf.fang.com/chushou/3_391268976.htm
21,合肥,合钢-上海路与滨河路交口,56㎡,低层（共28层）,一尔悦城,52万,安徽,3室2厅,南北向,9286元/㎡,2019年建,https://hf.esf.fang.com/chushou/3_391268976.htm
22,合肥,长江批发市场-长江东大街与花冲路交口西南角,33㎡,高层（共33层）,利港银河之光,27万,安徽,2室1厅,南向,8182元/㎡,,https://hf.esf.fang.com/chushou/3_395765691.htm
23,合肥,长江批发市场-长江东大街与花冲路交口西南角,33㎡,高层（共33层）,利港银河之光,27万,安徽,2室1厅,南向,8182元/㎡,,https://hf.esf.fang.com/chushou/3_395765691.htm
24,合肥,长江批发市场-临泉东路与顺祥路交汇处,86㎡,中层（共15层）,皇马花园,105万,安徽,2室2厅,南北向,12209元/㎡,2016年建,https://hf.esf.fang.com/chushou/3_404300268.htm
25,合肥,长江批发市场-临泉东路与顺祥路交汇处,86㎡,中层（共15层）,皇马花园,105万,安徽,2室2厅,南北向,12209元/㎡,2016年建,https://hf.esf.fang.com/chushou/3_404300268.htm
26,重庆,天星桥-小龙坎正街369号,57㎡,高层（共26层）,融侨诺丁阳光,80万,直辖市,1室1厅,南向,14035元/㎡,2007年建,https://cq.esf.fang.com/chushou/3_195696489.htm
27,重庆,天星桥-小龙坎正街369号,57㎡,高层（共26层）,融侨诺丁阳光,80万,直辖市,1室1厅,南向,14035元/㎡,2007年建,https://cq.esf.fang.com/chushou/3_195696489.htm
28,重庆,凤天路-凤西路一站,100㎡,低层（共32层）,华宇城,160万,直辖市,3室2厅,南北向,16000元/㎡,2016年建,https://cq.esf.fang.com/chushou/3_195860939.htm
29,重庆,凤天路-凤西路一站,100㎡,低层（共32层）,华宇城,160万,直辖市,3室2厅,南北向,16000元/㎡,2016年建,https://cq.esf.fang.com/chushou/3_195860939.htm
30,重庆,龙兴-两江新区龙兴两江大道,131㎡,中层（共12层）,协信哈罗国际,145万,直辖市,4室2厅,南向,11069元/㎡,2017年建,https://cq.esf.fang.com/chushou/3_195891373.htm
31,重庆,龙兴-两江新区龙兴两江大道,131㎡,中层（共12层）,协信哈罗国际,145万,直辖市,4室2厅,南向,11069元/㎡,2017年建,https://cq.esf.fang.com/chushou/3_195891373.htm
32,重庆,一号桥-重庆市渝中区黄花园双钢路(两江丽景旁),88.4㎡,高层（共32层）,康田国际,135万,直辖市,2室2厅,南向,15271元/㎡,2009年建,https://cq.esf.fang.com/chushou/3_195514315.htm
33,重庆,一号桥-重庆市渝中区黄花园双钢路(两江丽景旁),88.4㎡,高层（共32层）,康田国际,135万,直辖市,2室2厅,南向,15271元/㎡,2009年建,https://cq.esf.fang.com/chushou/3_195514315.htm
34,重庆,巴滨路-龙洲湾巴滨路(巴南新区府附近),91.71㎡,低层（共31层）,华宇龙湾,92万,直辖市,3室2厅,南北向,10032元/㎡,2015年建,https://cq.esf.fang.com/chushou/3_195903338.htm
35,重庆,巴滨路-龙洲湾巴滨路(巴南新区府附近),91.71㎡,低层（共31层）,华宇龙湾,92万,直辖市,3室2厅,南北向,10032元/㎡,2015年建,https://cq.esf.fang.com/chushou/3_195903338.htm
36,重庆,,,,,,直辖市,,,,,
37,重庆,,,,,,直辖市,,,,,
38,重庆,江津-江津双福新区津马大道与福成大道交汇处,98㎡,中层（共32层）,中骏.雍景湾,63.5万,直辖市,3室2厅,南北向,6480元/㎡,,https://cq.esf.fang.com/chushou/3_195769286.htm
39,重庆,江津-江津双福新区津马大道与福成大道交汇处,98㎡,中层（共32层）,中骏.雍景湾,63.5万,直辖市,3室2厅,南北向,6480元/㎡,,https://cq.esf.fang.com/chushou/3_195769286.htm
40,合肥,撮镇-文一名门金隅裕溪路与东风大道交口,31㎡,高层（共19层）,文一名门金隅,24万,安徽,2室1厅,南向,7742元/㎡,2018年建,https://hf.esf.fang.com/chushou/3_404384925.htm
41,合肥,撮镇-文一名门金隅裕溪路与东风大道交口,31㎡,高层（共19层）,文一名门金隅,24万,安徽,2室1厅,南向,7742元/㎡,2018年建,https://hf.esf.fang.com/chushou/3_404384925.htm
42,合肥,骆岗-东二环路与南淝河路交口东南,94㎡,中层（共24层）,金隅大成郡,164万,安徽,3室2厅,南向,17447元/㎡,,https://hf.esf.fang.com/chushou/3_394938120.htm
43,合肥,骆岗-东二环路与南淝河路交口东南,94㎡,中层（共24层）,金隅大成郡,164万,安徽,3室2厅,南向,17447元/㎡,,https://hf.esf.fang.com/chushou/3_394938120.htm
44,合肥,包河工业园-包河区包河大道与西安路交汇处,60㎡,高层（共22层）,合肥南翔茗座,45万,安徽,2室2厅,东向,7500元/㎡,2017年建,https://hf.esf.fang.com/chushou/3_387785990.htm
45,合肥,包河工业园-包河区包河大道与西安路交汇处,60㎡,高层（共22层）,合肥南翔茗座,45万,安徽,2室2厅,东向,7500元/㎡,2017年建,https://hf.esf.fang.com/chushou/3_387785990.htm
46,合肥,生态公园-淮海大道与大众路交口,95㎡,中层（共18层）,正荣·悦都荟,132万,安徽,3室2厅,南向,13895元/㎡,2019年建,https://hf.esf.fang.com/chushou/3_393164052.htm
47,合肥,生态公园-淮海大道与大众路交口,95㎡,中层（共18层）,正荣·悦都荟,132万,安徽,3室2厅,南向,13895元/㎡,2019年建,https://hf.esf.fang.com/chushou/3_393164052.htm
48,合肥,职教城-包公大道与烈山路交口北500米西侧,95㎡,高层（共27层）,碧桂园·正荣悦玺,160万,安徽,3室2厅,南向,16842元/㎡,,https://hf.esf.fang.com/chushou/3_381659536.htm
49,合肥,职教城-包公大道与烈山路交口北500米西侧,95㎡,高层（共27层）,碧桂园·正荣悦玺,160万,安徽,3室2厅,南向,16842元/㎡,,https://hf.esf.fang.com/chushou/3_381659536.htm
50,合肥,生态公园-相城路与淮海大道交口西北角,97㎡,中层（共18层）,保利罗兰香谷,128万,安徽,4室2厅,南向,13196元/㎡,2019年建,https://hf.esf.fang.com/chushou/3_396069617.htm
51,合肥,生态公园-相城路与淮海大道交口西北角,97㎡,中层（共18层）,保利罗兰香谷,128万,安徽,4室2厅,南向,13196元/㎡,2019年建,https://hf.esf.fang.com/chushou/3_396069617.htm
52,重庆,步行街-西滨路(原重钢五六厂),94㎡,中层（共33层）,佳兆业滨江新城,110万,直辖市,3室1厅,北向,11702元/㎡,2016年建,https://cq.esf.fang.com/chushou/3_195157301.htm
53,重庆,步行街-西滨路(原重钢五六厂),94㎡,中层（共33层）,佳兆业滨江新城,110万,直辖市,3室1厅,北向,11702元/㎡,2016年建,https://cq.esf.fang.com/chushou/3_195157301.htm
54,重庆,界石-江南新城天鹿大道,98㎡,高层（共7层）,金科美辰,120万,直辖市,3室2厅,南向,12245元/㎡,2018年建,https://cq.esf.fang.com/chushou/3_195733892.htm
55,重庆,界石-江南新城天鹿大道,98㎡,高层（共7层）,金科美辰,120万,直辖市,3室2厅,南向,12245元/㎡,2018年建,https://cq.esf.fang.com/chushou/3_195733892.htm
56,重庆,茄子溪-大渡口西城大道旁(福茄路),97㎡,中层（共9层）,卓越西麓九里,93万,直辖市,3室2厅,南北向,9588元/㎡,2018年建,https://cq.esf.fang.com/chushou/3_195780313.htm
57,重庆,茄子溪-大渡口西城大道旁(福茄路),97㎡,中层（共9层）,卓越西麓九里,93万,直辖市,3室2厅,南北向,9588元/㎡,2018年建,https://cq.esf.fang.com/chushou/3_195780313.htm
58,重庆,鸳鸯-大雅云居山北部新区金开大道1230号,75㎡,中层（共26层）,大雅云居山,114.5万,直辖市,2室2厅,南北向,15267元/㎡,2016年建,https://cq.esf.fang.com/chushou/3_195855690.htm
59,重庆,鸳鸯-大雅云居山北部新区金开大道1230号,75㎡,中层（共26层）,大雅云居山,114.5万,直辖市,2室2厅,南北向,15267元/㎡,2016年建,https://cq.esf.fang.com/chushou/3_195855690.htm
60,重庆,南岸其他-江南新城金鹿大道南,119㎡,中层（共24层）,璟樾云山,114万,直辖市,4室2厅,南北向,9580元/㎡,2019年建,https://cq.esf.fang.com/chushou/3_195719139.htm
61,重庆,南岸其他-江南新城金鹿大道南,119㎡,中层（共24层）,璟樾云山,114万,直辖市,4室2厅,南北向,9580元/㎡,2019年建,https://cq.esf.fang.com/chushou/3_195719139.htm
62,重庆,观音桥-观音桥步行街洋河一路68号,51㎡,低层（共33层）,新华协信中心,85万,直辖市,1室1厅,东南向,16667元/㎡,2019年建,https://cq.esf.fang.com/chushou/3_195736320.htm
63,重庆,观音桥-观音桥步行街洋河一路68号,51㎡,低层（共33层）,新华协信中心,85万,直辖市,1室1厅,东南向,16667元/㎡,2019年建,https://cq.esf.fang.com/chushou/3_195736320.htm
64,芜湖,南瑞-利民东路中段(原新兴铸管厂地块),100㎡,低层（共30层）,皖新春江明月,104万,安徽,3室2厅,南北向,10400元/㎡,,https://wuhu.esf.fang.com/chushou/3_176036850.htm
65,芜湖,南瑞-利民东路中段(原新兴铸管厂地块),100㎡,低层（共30层）,皖新春江明月,104万,安徽,3室2厅,南北向,10400元/㎡,,https://wuhu.esf.fang.com/chushou/3_176036850.htm
66,合肥,生态公园-正荣·悦都荟淮海大道与大众路交口,120㎡,中层（共14层）,正荣·悦都荟,159万,安徽,4室2厅,南向,13250元/㎡,2019年建,https://hf.esf.fang.com/chushou/3_403072084.htm
67,合肥,生态公园-正荣·悦都荟淮海大道与大众路交口,120㎡,中层（共14层）,正荣·悦都荟,159万,安徽,4室2厅,南向,13250元/㎡,2019年建,https://hf.esf.fang.com/chushou/3_403072084.htm
68,合肥,撮镇-裕溪路与东风大道交口,38.5㎡,低层（共18层）,文一名门金隅,31万,安徽,2室1厅,南向,8052元/㎡,2018年建,https://hf.esf.fang.com/chushou/3_369576394.htm
69,合肥,撮镇-裕溪路与东风大道交口,38.5㎡,低层（共18层）,文一名门金隅,31万,安徽,2室1厅,南向,8052元/㎡,2018年建,https://hf.esf.fang.com/chushou/3_369576394.htm
70,合肥,和平广场-合裕路明光路与全椒路交汇处东南一环交口东北角,84㎡,中层（共33层）,鼎元府邸,175万,安徽,2室2厅,南向,20833元/㎡,2013年建,https://hf.esf.fang.com/chushou/3_373352879.htm
71,合肥,和平广场-合裕路明光路与全椒路交汇处东南一环交口东北角,84㎡,中层（共33层）,鼎元府邸,175万,安徽,2室2厅,南向,20833元/㎡,2013年建,https://hf.esf.fang.com/chushou/3_373352879.htm
72,合肥,四里河路-临泉路与肥西路交口北200米,94㎡,高层（共27层）,合景庐月湾,190万,安徽,3室2厅,南向,20213元/㎡,2019年建,https://hf.esf.fang.com/chushou/3_381646574.htm
73,合肥,四里河路-临泉路与肥西路交口北200米,94㎡,高层（共27层）,合景庐月湾,190万,安徽,3室2厅,南向,20213元/㎡,2019年建,https://hf.esf.fang.com/chushou/3_381646574.htm
74,合肥,撮镇-裕溪路与东风大道交口,37㎡,高层（共18层）,文一名门金隅,29万,安徽,2室1厅,南向,7838元/㎡,2018年建,https://hf.esf.fang.com/chushou/3_403634385.htm
75,合肥,撮镇-裕溪路与东风大道交口,37㎡,高层（共18层）,文一名门金隅,29万,安徽,2室1厅,南向,7838元/㎡,2018年建,https://hf.esf.fang.com/chushou/3_403634385.htm
76,合肥,大蜀山-长江西路与红皖路交汇处北600米,89㎡,中层（共6层）,博威香槟小镇,157万,安徽,3室2厅,南北向,17640元/㎡,2011年建,https://hf.esf.fang.com/chushou/3_402834828.htm
77,合肥,大蜀山-长江西路与红皖路交汇处北600米,89㎡,中层（共6层）,博威香槟小镇,157万,安徽,3室2厅,南北向,17640元/㎡,2011年建,https://hf.esf.fang.com/chushou/3_402834828.htm
78,重庆,茄子溪-大渡口西城大道旁(福茄路),100㎡,中层（共13层）,卓越西麓九里,109.6万,直辖市,4室2厅,东南向,10960元/㎡,2018年建,https://cq.esf.fang.com/chushou/3_195666292.htm
79,重庆,茄子溪-大渡口西城大道旁(福茄路),100㎡,中层（共13层）,卓越西麓九里,109.6万,直辖市,4室2厅,东南向,10960元/㎡,2018年建,https://cq.esf.fang.com/chushou/3_195666292.htm
80,重庆,茶园新区-茶园新区米兰路中段,67.84㎡,高层（共19层）,光华安纳溪湖,82万,直辖市,2室2厅,南北向,12087元/㎡,2016年建,https://cq.esf.fang.com/chushou/3_195892073.htm
81,重庆,茶园新区-茶园新区米兰路中段,67.84㎡,高层（共19层）,光华安纳溪湖,82万,直辖市,2室2厅,南北向,12087元/㎡,2016年建,https://cq.esf.fang.com/chushou/3_195892073.htm
82,重庆,龙头寺-渝北区渝鲁大道777号(火车北站旁),127㎡,高层（共11层）,鲁能星城三街区,199万,直辖市,3室2厅,南向,15669元/㎡,2005年建,https://cq.esf.fang.com/chushou/3_195907568.htm
83,重庆,龙头寺-渝北区渝鲁大道777号(火车北站旁),127㎡,高层（共11层）,鲁能星城三街区,199万,直辖市,3室2厅,南向,15669元/㎡,2005年建,https://cq.esf.fang.com/chushou/3_195907568.htm
84,重庆,五红路-洋河东路3号,116㎡,高层（共23层）,长安丽都,190万,直辖市,3室2厅,南向,16379元/㎡,2007年建,https://cq.esf.fang.com/chushou/3_195531668.htm
85,重庆,五红路-洋河东路3号,116㎡,高层（共23层）,长安丽都,190万,直辖市,3室2厅,南向,16379元/㎡,2007年建,https://cq.esf.fang.com/chushou/3_195531668.htm
86,重庆,蔡家-蔡家半岛.嘉运大道与同康路交汇处,97㎡,高层（共12层）,融创映湖十里,105万,直辖市,3室2厅,东南向,10825元/㎡,2015年建,https://cq.esf.fang.com/chushou/3_195733952.htm
87,重庆,蔡家-蔡家半岛.嘉运大道与同康路交汇处,97㎡,高层（共12层）,融创映湖十里,105万,直辖市,3室2厅,东南向,10825元/㎡,2015年建,https://cq.esf.fang.com/chushou/3_195733952.htm
88,芜湖,大学城-长江南路与红花山路交汇处,131㎡,中层（共34层）,伟星蔚蓝海岸,200万,安徽,3室2厅,南北向,15267元/㎡,,https://wuhu.esf.fang.com/chushou/3_174761112.htm
89,芜湖,大学城-长江南路与红花山路交汇处,131㎡,中层（共34层）,伟星蔚蓝海岸,200万,安徽,3室2厅,南北向,15267元/㎡,,https://wuhu.esf.fang.com/chushou/3_174761112.htm
90,芜湖,政务文化中心-万科城南区安徽省芜湖市鸠江区涌金路南,110㎡,低层（共17层）,万科城南区,128万,安徽,3室2厅,南向,11636元/㎡,2013年建,https://wuhu.esf.fang.com/chushou/3_175049112.htm
91,芜湖,政务文化中心-万科城南区安徽省芜湖市鸠江区涌金路南,110㎡,低层（共17层）,万科城南区,128万,安徽,3室2厅,南向,11636元/㎡,2013年建,https://wuhu.esf.fang.com/chushou/3_175049112.htm
92,芜湖,银泰城-区滨江大道与利民西路交汇处,95.89㎡,低层（共33层）,国贸天琴湾,153万,安徽,2室2厅,南北向,15956元/㎡,,https://wuhu.esf.fang.com/chushou/3_174778356.htm
93,芜湖,银泰城-区滨江大道与利民西路交汇处,95.89㎡,低层（共33层）,国贸天琴湾,153万,安徽,2室2厅,南北向,15956元/㎡,,https://wuhu.esf.fang.com/chushou/3_174778356.htm
94,芜湖,大学城-安徽省芜湖市弋江区乌霞山西路南200米,99.5㎡,高层（共22层）,中央城C区,143万,安徽,2室2厅,南向,14372元/㎡,2009年建,https://wuhu.esf.fang.com/chushou/3_175000314.htm
95,芜湖,大学城-安徽省芜湖市弋江区乌霞山西路南200米,99.5㎡,高层（共22层）,中央城C区,143万,安徽,2室2厅,南向,14372元/㎡,2009年建,https://wuhu.esf.fang.com/chushou/3_175000314.htm
96,芜湖,银泰城-区滨江大道与利民路交汇处,141㎡,低层（共30层）,华仑港湾,210万,安徽,3室2厅,南北向,14894元/㎡,2015年建,https://wuhu.esf.fang.com/chushou/3_173031403.htm
97,芜湖,银泰城-区滨江大道与利民路交汇处,141㎡,低层（共30层）,华仑港湾,210万,安徽,3室2厅,南北向,14894元/㎡,2015年建,https://wuhu.esf.fang.com/chushou/3_173031403.htm
98,芜湖,,,,,,安徽,,,,,
99,芜湖,,,,,,安徽,,,,,
100,合肥,和煦园-茨河路与界首路交口东北角,190㎡,高层（共6层）,合肥唐宁府,358万,安徽,5室3厅,南向,18842元/㎡,2019年建,https://hf.esf.fang.com/chushou/3_390690277.htm
101,合肥,和煦园-茨河路与界首路交口东北角,190㎡,高层（共6层）,合肥唐宁府,358万,安徽,5室3厅,南向,18842元/㎡,2019年建,https://hf.esf.fang.com/chushou/3_390690277.htm
102,合肥,新省府-包河大道与南京路交口,11㎡,中层（共27层）,招商·雍华府,22万,安徽,2室1厅,南向,20000元/㎡,2018年建,https://hf.esf.fang.com/chushou/3_402855640.htm
103,合肥,新省府-包河大道与南京路交口,11㎡,中层（共27层）,招商·雍华府,22万,安徽,2室1厅,南向,20000元/㎡,2018年建,https://hf.esf.fang.com/chushou/3_402855640.htm
104,合肥,生态公园-大众路与涣水路交口西南角,121㎡,中层（共11层）,华地·紫悦府,150万,安徽,4室2厅,南向,12397元/㎡,2019年建,https://hf.esf.fang.com/chushou/3_372747305.htm
105,合肥,生态公园-大众路与涣水路交口西南角,121㎡,中层（共11层）,华地·紫悦府,150万,安徽,4室2厅,南向,12397元/㎡,2019年建,https://hf.esf.fang.com/chushou/3_372747305.htm
106,合肥,生态公园-相城路与淮海大道交口西北角,92㎡,中层（共28层）,保利罗兰香谷,124万,安徽,3室2厅,南北向,13478元/㎡,,https://hf.esf.fang.com/chushou/3_397665773.htm
107,合肥,生态公园-相城路与淮海大道交口西北角,92㎡,中层（共28层）,保利罗兰香谷,124万,安徽,3室2厅,南北向,13478元/㎡,,https://hf.esf.fang.com/chushou/3_397665773.htm
108,合肥,上派-肥西县,92㎡,中层（共28层）,中梁优步学府,124万,安徽,3室2厅,南北向,13478元/㎡,2018年建,https://hf.esf.fang.com/chushou/3_395777406.htm
109,合肥,上派-肥西县,92㎡,中层（共28层）,中梁优步学府,124万,安徽,3室2厅,南北向,13478元/㎡,2018年建,https://hf.esf.fang.com/chushou/3_395777406.htm
110,合肥,科技园-长江路与鸡鸣山路交口西北处,104㎡,低层（共25层）,保利·柏林之春,165万,安徽,3室2厅,南北向,15865元/㎡,,https://hf.esf.fang.com/chushou/3_395725137.htm
111,合肥,科技园-长江路与鸡鸣山路交口西北处,104㎡,低层（共25层）,保利·柏林之春,165万,安徽,3室2厅,南北向,15865元/㎡,,https://hf.esf.fang.com/chushou/3_395725137.htm
112,重庆,龙兴-两江新区龙兴两江大道,111㎡,中层（共6层）,协信哈罗国际,110万,直辖市,4室3厅,南北向,9910元/㎡,2019年建,https://cq.esf.fang.com/chushou/3_195899226.htm
113,重庆,龙兴-两江新区龙兴两江大道,111㎡,中层（共6层）,协信哈罗国际,110万,直辖市,4室3厅,南北向,9910元/㎡,2019年建,https://cq.esf.fang.com/chushou/3_195899226.htm
114,重庆,茄子溪-大渡口西城大道旁(福茄路),102㎡,高层（共8层）,卓越西麓九里,95万,直辖市,3室2厅,东南向,9314元/㎡,2019年建,https://cq.esf.fang.com/chushou/3_195656722.htm
115,重庆,茄子溪-大渡口西城大道旁(福茄路),102㎡,高层（共8层）,卓越西麓九里,95万,直辖市,3室2厅,东南向,9314元/㎡,2019年建,https://cq.esf.fang.com/chushou/3_195656722.htm
116,重庆,区府-翠柏路88号,60㎡,低层（共7层）,翠柏小区,47.5万,直辖市,2室1厅,南向,7917元/㎡,2009年建,https://cq.esf.fang.com/chushou/3_195907967.htm
117,重庆,区府-翠柏路88号,60㎡,低层（共7层）,翠柏小区,47.5万,直辖市,2室1厅,南向,7917元/㎡,2009年建,https://cq.esf.fang.com/chushou/3_195907967.htm
118,重庆,界石-巴南区东城大道南段,94㎡,中层（共18层）,华南城·巴南华府,68万,直辖市,3室2厅,南北向,7234元/㎡,2020年建,https://cq.esf.fang.com/chushou/3_195805131.htm
119,重庆,界石-巴南区东城大道南段,94㎡,中层（共18层）,华南城·巴南华府,68万,直辖市,3室2厅,南北向,7234元/㎡,2020年建,https://cq.esf.fang.com/chushou/3_195805131.htm
120,重庆,礼嘉-重庆华侨城华悦荟天际湾营销中心,37㎡,高层（共19层）,华侨城天际湾,71.5万,直辖市,2室1厅,南北向,19324元/㎡,2020年建,https://cq.esf.fang.com/chushou/3_195803289.htm
121,重庆,礼嘉-重庆华侨城华悦荟天际湾营销中心,37㎡,高层（共19层）,华侨城天际湾,71.5万,直辖市,2室1厅,南北向,19324元/㎡,2020年建,https://cq.esf.fang.com/chushou/3_195803289.htm
122,重庆,双碑-井口镇政府斜对面212国道旁大竹林大桥(规划,125㎡,中层（共26层）,嘉阅滨江,161.7万,直辖市,4室2厅,南北向,12936元/㎡,2018年建,https://cq.esf.fang.com/chushou/3_195786189.htm
123,重庆,双碑-井口镇政府斜对面212国道旁大竹林大桥(规划,125㎡,中层（共26层）,嘉阅滨江,161.7万,直辖市,4室2厅,南北向,12936元/㎡,2018年建,https://cq.esf.fang.com/chushou/3_195786189.htm
124,芜湖,"开发区管委会-银湖北路,裕安路",144㎡,高层（共6层）,宇润人才公寓,84万,安徽,4室2厅,南向,5833元/㎡,2006年建,https://wuhu.esf.fang.com/chushou/3_174649330.htm
125,芜湖,"开发区管委会-银湖北路,裕安路",144㎡,高层（共6层）,宇润人才公寓,84万,安徽,4室2厅,南向,5833元/㎡,2006年建,https://wuhu.esf.fang.com/chushou/3_174649330.htm
126,芜湖,大学城-安徽省芜湖市弋江区中山南路4号站,87.57㎡,高层（共17层）,中央城F区,128万,安徽,2室1厅,南向,14617元/㎡,2000年建,https://wuhu.esf.fang.com/chushou/3_175671467.htm
127,芜湖,大学城-安徽省芜湖市弋江区中山南路4号站,87.57㎡,高层（共17层）,中央城F区,128万,安徽,2室1厅,南向,14617元/㎡,2000年建,https://wuhu.esf.fang.com/chushou/3_175671467.htm
128,芜湖,大学城-美好首玺中山南路与文津西路交汇处(安徽机电职,114㎡,中层（共18层）,美好首玺,140万,安徽,3室2厅,南北向,12281元/㎡,2019年建,https://wuhu.esf.fang.com/chushou/3_175018690.htm
129,芜湖,大学城-美好首玺中山南路与文津西路交汇处(安徽机电职,114㎡,中层（共18层）,美好首玺,140万,安徽,3室2厅,南北向,12281元/㎡,2019年建,https://wuhu.esf.fang.com/chushou/3_175018690.htm
130,芜湖,政务文化中心-安徽省芜湖市鸠江区涌金路南,114㎡,高层（共17层）,万科城南区,145万,安徽,3室2厅,南向,12719元/㎡,2015年建,https://wuhu.esf.fang.com/chushou/3_174616192.htm
131,芜湖,政务文化中心-安徽省芜湖市鸠江区涌金路南,114㎡,高层（共17层）,万科城南区,145万,安徽,3室2厅,南向,12719元/㎡,2015年建,https://wuhu.esf.fang.com/chushou/3_174616192.htm
132,芜湖,龙窝湖-安徽省芜湖市三山区龙窝湖旁(峨山西路以北,87㎡,高层（共18层）,芜湖碧桂园白鹭湾,68万,安徽,2室2厅,南向,7816元/㎡,2000年建,https://wuhu.esf.fang.com/chushou/3_174733539.htm
133,芜湖,龙窝湖-安徽省芜湖市三山区龙窝湖旁(峨山西路以北,87㎡,高层（共18层）,芜湖碧桂园白鹭湾,68万,安徽,2室2厅,南向,7816元/㎡,2000年建,https://wuhu.esf.fang.com/chushou/3_174733539.htm
134,芜湖,大学城-安徽省芜湖市弋江区中山南路4号站,105㎡,低层（共17层）,中央城F区,130万,安徽,3室2厅,南北向,12381元/㎡,2010年建,https://wuhu.esf.fang.com/chushou/3_175908201.htm
135,芜湖,大学城-安徽省芜湖市弋江区中山南路4号站,105㎡,低层（共17层）,中央城F区,130万,安徽,3室2厅,南北向,12381元/㎡,2010年建,https://wuhu.esf.fang.com/chushou/3_175908201.htm
136,上海,嘉兴-武原街道长安北路583-30号(长安路与华丰,83㎡,中层（共18层）,滨海未来城,67万,直辖市,4室2厅,南北向,8072元/㎡,2016年建,https://sh.esf.fang.com/chushou/3_367114177.htm
137,上海,嘉兴-武原街道长安北路583-30号(长安路与华丰,83㎡,中层（共18层）,滨海未来城,67万,直辖市,4室2厅,南北向,8072元/㎡,2016年建,https://sh.esf.fang.com/chushou/3_367114177.htm
138,合肥,阜阳路桥-庐阳区北二环与阜阳路交口,100㎡,中层（共24层）,蓝光 · 半岛公馆,150万,安徽,3室2厅,南北向,15000元/㎡,2018年建,https://hf.esf.fang.com/chushou/3_404063690.htm
139,合肥,阜阳路桥-庐阳区北二环与阜阳路交口,100㎡,中层（共24层）,蓝光 · 半岛公馆,150万,安徽,3室2厅,南北向,15000元/㎡,2018年建,https://hf.esf.fang.com/chushou/3_404063690.htm
140,合肥,芙蓉社区-融创城翡翠路与石笋路交口以南(安医大二附院对,130㎡,高层（共35层）,融创城,240万,安徽,3室2厅,南向,18462元/㎡,2018年建,https://hf.esf.fang.com/chushou/3_404137573.htm
141,合肥,芙蓉社区-融创城翡翠路与石笋路交口以南(安医大二附院对,130㎡,高层（共35层）,融创城,240万,安徽,3室2厅,南向,18462元/㎡,2018年建,https://hf.esf.fang.com/chushou/3_404137573.htm
142,合肥,临泉东路-临泉东路与和县路交叉口东西两侧,128.33㎡,中层（共33层）,万达华府,200万,安徽,4室2厅,南向,15585元/㎡,,https://hf.esf.fang.com/chushou/3_404323260.htm
143,合肥,临泉东路-临泉东路与和县路交叉口东西两侧,128.33㎡,中层（共33层）,万达华府,200万,安徽,4室2厅,南向,15585元/㎡,,https://hf.esf.fang.com/chushou/3_404323260.htm
144,合肥,瑶海公园-物流大道与武里山路交汇处,66㎡,高层（共18层）,兴华苑,68万,安徽,2室2厅,南向,10303元/㎡,2013年建,https://hf.esf.fang.com/chushou/3_404371201.htm
145,合肥,瑶海公园-物流大道与武里山路交汇处,66㎡,高层（共18层）,兴华苑,68万,安徽,2室2厅,南向,10303元/㎡,2013年建,https://hf.esf.fang.com/chushou/3_404371201.htm
146,合肥,桃花-繁华大道与飞虎路交叉口西北角,113㎡,高层（共6层）,东冠繁华逸城,156万,安徽,3室2厅,南北向,13805元/㎡,2014年建,https://hf.esf.fang.com/chushou/3_403881328.htm
147,合肥,桃花-繁华大道与飞虎路交叉口西北角,113㎡,高层（共6层）,东冠繁华逸城,156万,安徽,3室2厅,南北向,13805元/㎡,2014年建,https://hf.esf.fang.com/chushou/3_403881328.htm
148,合肥,财富广场-临泉路与肥西路交口东北角50米,109㎡,中层（共33层）,华润橡树湾,228万,安徽,3室2厅,南北向,20917元/㎡,2013年建,https://hf.esf.fang.com/chushou/3_403951722.htm
149,合肥,财富广场-临泉路与肥西路交口东北角50米,109㎡,中层（共33层）,华润橡树湾,228万,安徽,3室2厅,南北向,20917元/㎡,2013年建,https://hf.esf.fang.com/chushou/3_403951722.htm
150,合肥,黄山大厦-园林局大院寿春路逍遥津正大门旁,31㎡,低层（共6层）,园林局大院,58.5万,安徽,1室1厅,南向,18871元/㎡,2002年建,https://hf.esf.fang.com/chushou/3_404275701.htm
151,合肥,黄山大厦-园林局大院寿春路逍遥津正大门旁,31㎡,低层（共6层）,园林局大院,58.5万,安徽,1室1厅,南向,18871元/㎡,2002年建,https://hf.esf.fang.com/chushou/3_404275701.htm
152,重庆,蔡家-两江新区蔡家岗立交旁,122㎡,中层（共8层）,金科集美嘉悦,155万,直辖市,4室2厅,南北向,12705元/㎡,2019年建,https://cq.esf.fang.com/chushou/3_195739315.htm
153,重庆,蔡家-两江新区蔡家岗立交旁,122㎡,中层（共8层）,金科集美嘉悦,155万,直辖市,4室2厅,南北向,12705元/㎡,2019年建,https://cq.esf.fang.com/chushou/3_195739315.htm
154,重庆,五里店-黄花园大桥北桥头大湾车站旁,83㎡,高层（共33层）,渝能明日城市,116万,直辖市,2室2厅,南北向,13976元/㎡,2011年建,https://cq.esf.fang.com/chushou/3_195907229.htm
155,重庆,五里店-黄花园大桥北桥头大湾车站旁,83㎡,高层（共33层）,渝能明日城市,116万,直辖市,2室2厅,南北向,13976元/㎡,2011年建,https://cq.esf.fang.com/chushou/3_195907229.htm
156,重庆,水土-竹溪河公园旁,99㎡,中层（共7层）,合景融创·璟月台,113万,直辖市,3室2厅,南北向,11414元/㎡,2019年建,https://cq.esf.fang.com/chushou/3_195725781.htm
157,重庆,水土-竹溪河公园旁,99㎡,中层（共7层）,合景融创·璟月台,113万,直辖市,3室2厅,南北向,11414元/㎡,2019年建,https://cq.esf.fang.com/chushou/3_195725781.htm
158,重庆,西永-西永微电园地铁站片区,98㎡,中层（共18层）,重庆融创文旅城,110万,直辖市,3室2厅,南向,11224元/㎡,2018年建,https://cq.esf.fang.com/chushou/3_195327821.htm
159,重庆,西永-西永微电园地铁站片区,98㎡,中层（共18层）,重庆融创文旅城,110万,直辖市,3室2厅,南向,11224元/㎡,2018年建,https://cq.esf.fang.com/chushou/3_195327821.htm
160,重庆,界石-江南新城天鹿大道,99㎡,低层（共6层）,金科美辰,125万,直辖市,4室2厅,南向,12626元/㎡,2020年建,https://cq.esf.fang.com/chushou/3_195733920.htm
161,重庆,界石-江南新城天鹿大道,99㎡,低层（共6层）,金科美辰,125万,直辖市,4室2厅,南向,12626元/㎡,2020年建,https://cq.esf.fang.com/chushou/3_195733920.htm
162,重庆,朝天门-重庆市东和湾位于渝中区朝千路38号附1号,86㎡,中层（共32层）,东和湾,138万,直辖市,2室2厅,南北向,16047元/㎡,2004年建,https://cq.esf.fang.com/chushou/3_195526667.htm
163,重庆,朝天门-重庆市东和湾位于渝中区朝千路38号附1号,86㎡,中层（共32层）,东和湾,138万,直辖市,2室2厅,南北向,16047元/㎡,2004年建,https://cq.esf.fang.com/chushou/3_195526667.htm
164,芜湖,"三山广场-龙湖路,近高岗埠路",97㎡,高层（共18层）,华强江山府,77万,安徽,3室2厅,南向,7938元/㎡,2018年建,https://wuhu.esf.fang.com/chushou/3_174685170.htm
165,芜湖,"三山广场-龙湖路,近高岗埠路",97㎡,高层（共18层）,华强江山府,77万,安徽,3室2厅,南向,7938元/㎡,2018年建,https://wuhu.esf.fang.com/chushou/3_174685170.htm
166,芜湖,"政务文化中心-中江大道以东,万春西路以南,徽州路以西,规划",89.39㎡,低层（共16层）,新华联梦想城,110万,安徽,2室2厅,南向,12306元/㎡,2000年建,https://wuhu.esf.fang.com/chushou/3_174326825.htm
167,芜湖,"政务文化中心-中江大道以东,万春西路以南,徽州路以西,规划",89.39㎡,低层（共16层）,新华联梦想城,110万,安徽,2室2厅,南向,12306元/㎡,2000年建,https://wuhu.esf.fang.com/chushou/3_174326825.htm
168,芜湖,汽配城-芜湖市鸠江区黄甸路,51㎡,中层（共11层）,伟星·万悦城,35万,安徽,1室1厅,东西向,6863元/㎡,,https://wuhu.esf.fang.com/chushou/3_173905916.htm
169,芜湖,汽配城-芜湖市鸠江区黄甸路,51㎡,中层（共11层）,伟星·万悦城,35万,安徽,1室1厅,东西向,6863元/㎡,,https://wuhu.esf.fang.com/chushou/3_173905916.htm
170,芜湖,政务文化中心-清水镇芜屯城市干道,96㎡,中层（共29层）,金都檀宫,76万,安徽,3室2厅,南向,7917元/㎡,2019年建,https://wuhu.esf.fang.com/chushou/3_172799136.htm
171,芜湖,政务文化中心-清水镇芜屯城市干道,96㎡,中层（共29层）,金都檀宫,76万,安徽,3室2厅,南向,7917元/㎡,2019年建,https://wuhu.esf.fang.com/chushou/3_172799136.htm
172,芜湖,南瑞-江城国际瑞景苑南瑞新城世纪联华向南,98㎡,中层（共11层）,江城国际瑞景苑,95.8万,安徽,2室2厅,西南向,9776元/㎡,2013年建,https://wuhu.esf.fang.com/chushou/3_176057156.htm
173,芜湖,南瑞-江城国际瑞景苑南瑞新城世纪联华向南,98㎡,中层（共11层）,江城国际瑞景苑,95.8万,安徽,2室2厅,西南向,9776元/㎡,2013年建,https://wuhu.esf.fang.com/chushou/3_176057156.htm
174,芜湖,大学城-九华南路安徽师范大学南校区对面,112㎡,高层（共11层）,柏庄·春暖花开,145万,安徽,3室2厅,南北向,12946元/㎡,,https://wuhu.esf.fang.com/chushou/3_173748303.htm
175,芜湖,大学城-九华南路安徽师范大学南校区对面,112㎡,高层（共11层）,柏庄·春暖花开,145万,安徽,3室2厅,南北向,12946元/㎡,,https://wuhu.esf.fang.com/chushou/3_173748303.htm
176,上海,武宁-东新路88弄,174.95㎡,低层（共33层）,新湖明珠城,1280万,直辖市,4室2厅,南向,73164元/㎡,2008年建,https://sh.esf.fang.com/chushou/3_376248442.htm
177,上海,武宁-东新路88弄,174.95㎡,低层（共33层）,新湖明珠城,1280万,直辖市,4室2厅,南向,73164元/㎡,2008年建,https://sh.esf.fang.com/chushou/3_376248442.htm
178,上海,嘉兴-南湾路与外环东路交汇处,89㎡,中层（共20层）,福晟天地,72万,直辖市,3室2厅,南北向,8090元/㎡,2019年建,https://sh.esf.fang.com/chushou/3_367919032.htm
179,上海,嘉兴-南湾路与外环东路交汇处,89㎡,中层（共20层）,福晟天地,72万,直辖市,3室2厅,南北向,8090元/㎡,2019年建,https://sh.esf.fang.com/chushou/3_367919032.htm
180,上海,西郊-淞虹路855弄,98㎡,中层（共8层）,郁庭峰,655万,直辖市,3室1厅,南向,66837元/㎡,2002年建,https://sh.esf.fang.com/chushou/3_376943732.htm
181,上海,西郊-淞虹路855弄,98㎡,中层（共8层）,郁庭峰,655万,直辖市,3室1厅,南向,66837元/㎡,2002年建,https://sh.esf.fang.com/chushou/3_376943732.htm
182,上海,嘉兴-碧桂园天凝源著天凝大道与东方路交汇处(天凝人,68㎡,高层（共16层）,碧桂园天凝源著,57.5万,直辖市,2室2厅,南北向,8456元/㎡,2019年建,https://sh.esf.fang.com/chushou/3_375826945.htm
183,上海,嘉兴-碧桂园天凝源著天凝大道与东方路交汇处(天凝人,68㎡,高层（共16层）,碧桂园天凝源著,57.5万,直辖市,2室2厅,南北向,8456元/㎡,2019年建,https://sh.esf.fang.com/chushou/3_375826945.htm
184,上海,嘉兴-九龙山将军高尔夫俱乐部正对面,65㎡,中层（共8层）,中南·漫悦湾,53.6万,直辖市,2室2厅,南北向,8246元/㎡,2019年建,https://sh.esf.fang.com/chushou/3_367638999.htm
185,上海,嘉兴-九龙山将军高尔夫俱乐部正对面,65㎡,中层（共8层）,中南·漫悦湾,53.6万,直辖市,2室2厅,南北向,8246元/㎡,2019年建,https://sh.esf.fang.com/chushou/3_367638999.htm
186,上海,,,,,,直辖市,,,,,
187,上海,,,,,,直辖市,,,,,
188,上海,嘉兴-嘉善县魏塘街道G320国道与善西公路交叉口,68㎡,中层（共15层）,旭辉·光耀城,63.5万,直辖市,2室2厅,南北向,9338元/㎡,2014年建,https://sh.esf.fang.com/chushou/3_370227791.htm
189,上海,嘉兴-嘉善县魏塘街道G320国道与善西公路交叉口,68㎡,中层（共15层）,旭辉·光耀城,63.5万,直辖市,2室2厅,南北向,9338元/㎡,2014年建,https://sh.esf.fang.com/chushou/3_370227791.htm
190,合肥,和煦园-合肥唐宁府茨河路与界首路交口东北角,158㎡,中层（共24层）,合肥唐宁府,370万,安徽,4室2厅,南北向,23418元/㎡,2019年建,https://hf.esf.fang.com/chushou/3_404276702.htm
191,合肥,和煦园-合肥唐宁府茨河路与界首路交口东北角,158㎡,中层（共24层）,合肥唐宁府,370万,安徽,4室2厅,南北向,23418元/㎡,2019年建,https://hf.esf.fang.com/chushou/3_404276702.htm
192,合肥,撮镇-裕溪路与桥头集路西北角,100㎡,中层（共12层）,远洋庐玥风景,96万,安徽,3室2厅,南北向,9600元/㎡,,https://hf.esf.fang.com/chushou/3_394850874.htm
193,合肥,撮镇-裕溪路与桥头集路西北角,100㎡,中层（共12层）,远洋庐玥风景,96万,安徽,3室2厅,南北向,9600元/㎡,,https://hf.esf.fang.com/chushou/3_394850874.htm
194,合肥,长江批发市场-临泉东路与顺祥路交汇处,95㎡,中层（共6层）,皇马花园,99万,安徽,2室2厅,南北向,10421元/㎡,2016年建,https://hf.esf.fang.com/chushou/3_373993850.htm
195,合肥,长江批发市场-临泉东路与顺祥路交汇处,95㎡,中层（共6层）,皇马花园,99万,安徽,2室2厅,南北向,10421元/㎡,2016年建,https://hf.esf.fang.com/chushou/3_373993850.htm
196,合肥,生态公园-相城路与淮海大道交口西北角,134㎡,中层（共6层）,保利罗兰香谷,180万,安徽,4室2厅,南向,13433元/㎡,2019年建,https://hf.esf.fang.com/chushou/3_396071717.htm
197,合肥,生态公园-相城路与淮海大道交口西北角,134㎡,中层（共6层）,保利罗兰香谷,180万,安徽,4室2厅,南向,13433元/㎡,2019年建,https://hf.esf.fang.com/chushou/3_396071717.htm
198,合肥,大杨镇-四里河路与合淮路交汇处以西,155㎡,低层（共6层）,文一泰禾·合肥院子,265万,安徽,6室3厅,南向,17097元/㎡,2019年建,https://hf.esf.fang.com/chushou/3_369994621.htm
199,合肥,大杨镇-四里河路与合淮路交汇处以西,155㎡,低层（共6层）,文一泰禾·合肥院子,265万,安徽,6室3厅,南向,17097元/㎡,2019年建,https://hf.esf.fang.com/chushou/3_369994621.htm
200,合肥,生态公园-淮海大道与大众路交口,120㎡,中层（共11层）,正荣·悦都荟,168万,安徽,4室2厅,南向,14000元/㎡,2019年建,https://hf.esf.fang.com/chushou/3_389458674.htm
201,合肥,生态公园-淮海大道与大众路交口,120㎡,中层（共11层）,正荣·悦都荟,168万,安徽,4室2厅,南向,14000元/㎡,2019年建,https://hf.esf.fang.com/chushou/3_389458674.htm
202,重庆,大学城-康田漫城大学城东路重庆科技学院前行右转100,79.5㎡,高层（共28层）,康田漫城,81万,直辖市,3室2厅,南向,10189元/㎡,2012年建,https://cq.esf.fang.com/chushou/3_195088763.htm
203,重庆,大学城-康田漫城大学城东路重庆科技学院前行右转100,79.5㎡,高层（共28层）,康田漫城,81万,直辖市,3室2厅,南向,10189元/㎡,2012年建,https://cq.esf.fang.com/chushou/3_195088763.htm
204,重庆,大学城-大学城南二路(重庆城市管理学院对面),87㎡,低层（共25层）,恒大未来城,88万,直辖市,3室2厅,南北向,10115元/㎡,2015年建,https://cq.esf.fang.com/chushou/3_194834678.htm
205,重庆,大学城-大学城南二路(重庆城市管理学院对面),87㎡,低层（共25层）,恒大未来城,88万,直辖市,3室2厅,南北向,10115元/㎡,2015年建,https://cq.esf.fang.com/chushou/3_194834678.htm
206,重庆,大学城-金科廊桥水乡大学城南二路166号(重庆大学虎,110㎡,低层（共27层）,金科廊桥水乡,109.8万,直辖市,3室2厅,西南向,9982元/㎡,2015年建,https://cq.esf.fang.com/chushou/3_195088738.htm
207,重庆,大学城-金科廊桥水乡大学城南二路166号(重庆大学虎,110㎡,低层（共27层）,金科廊桥水乡,109.8万,直辖市,3室2厅,西南向,9982元/㎡,2015年建,https://cq.esf.fang.com/chushou/3_195088738.htm
208,重庆,江北嘴-江北嘴(中央公园旁),71.63㎡,中层（共33层）,江北嘴新鸥鹏教育城,146万,直辖市,3室2厅,南向,20383元/㎡,2018年建,https://cq.esf.fang.com/chushou/3_193372220.htm
209,重庆,江北嘴-江北嘴(中央公园旁),71.63㎡,中层（共33层）,江北嘴新鸥鹏教育城,146万,直辖市,3室2厅,南向,20383元/㎡,2018年建,https://cq.esf.fang.com/chushou/3_193372220.htm
210,重庆,南桥寺-南桥寺中医院右侧301米,71㎡,中层（共31层）,光华可乐小镇,95万,直辖市,2室2厅,南北向,13380元/㎡,2012年建,https://cq.esf.fang.com/chushou/3_193350357.htm
211,重庆,南桥寺-南桥寺中医院右侧301米,71㎡,中层（共31层）,光华可乐小镇,95万,直辖市,2室2厅,南北向,13380元/㎡,2012年建,https://cq.esf.fang.com/chushou/3_193350357.htm
212,重庆,鸿恩寺-鸿恩路181号,101㎡,中层（共31层）,保利江上明珠畅园,130万,直辖市,2室1厅,南向,12871元/㎡,2015年建,https://cq.esf.fang.com/chushou/3_195894822.htm
213,重庆,鸿恩寺-鸿恩路181号,101㎡,中层（共31层）,保利江上明珠畅园,130万,直辖市,2室1厅,南向,12871元/㎡,2015年建,https://cq.esf.fang.com/chushou/3_195894822.htm
214,芜湖,龙窝湖-安徽省芜湖市三山区龙窝湖旁(峨山西路以北,116.5㎡,低层（共32层）,芜湖碧桂园白鹭湾,91万,安徽,3室2厅,南北向,7811元/㎡,2015年建,https://wuhu.esf.fang.com/chushou/3_176015989.htm
215,芜湖,龙窝湖-安徽省芜湖市三山区龙窝湖旁(峨山西路以北,116.5㎡,低层（共32层）,芜湖碧桂园白鹭湾,91万,安徽,3室2厅,南北向,7811元/㎡,2015年建,https://wuhu.esf.fang.com/chushou/3_176015989.htm
216,芜湖,龙窝湖-安徽省芜湖市三山区碧桂园,96㎡,中层（共32层）,芜湖碧桂园三山水韵,70万,安徽,3室2厅,南北向,7292元/㎡,2016年建,https://wuhu.esf.fang.com/chushou/3_174749118.htm
217,芜湖,龙窝湖-安徽省芜湖市三山区碧桂园,96㎡,中层（共32层）,芜湖碧桂园三山水韵,70万,安徽,3室2厅,南北向,7292元/㎡,2016年建,https://wuhu.esf.fang.com/chushou/3_174749118.htm
218,芜湖,龙窝湖-安徽省芜湖市三山区碧桂园,109㎡,高层（共18层）,芜湖碧桂园三山水韵,83万,安徽,3室2厅,南北向,7615元/㎡,2016年建,https://wuhu.esf.fang.com/chushou/3_174749637.htm
219,芜湖,龙窝湖-安徽省芜湖市三山区碧桂园,109㎡,高层（共18层）,芜湖碧桂园三山水韵,83万,安徽,3室2厅,南北向,7615元/㎡,2016年建,https://wuhu.esf.fang.com/chushou/3_174749637.htm
220,芜湖,"大学城-九华南路文昌路,柏庄春暖花开东侧",90㎡,低层（共11层）,弋江嘉园,79万,安徽,2室2厅,南向,8778元/㎡,2013年建,https://wuhu.esf.fang.com/chushou/3_164475008.htm
221,芜湖,"大学城-九华南路文昌路,柏庄春暖花开东侧",90㎡,低层（共11层）,弋江嘉园,79万,安徽,2室2厅,南向,8778元/㎡,2013年建,https://wuhu.esf.fang.com/chushou/3_164475008.htm
222,芜湖,大砻坊-东方路与湖滨路交叉口西南100米,149㎡,中层（共33层）,东方龙城采薇苑,160万,安徽,3室2厅,南北向,10738元/㎡,2016年建,https://wuhu.esf.fang.com/chushou/3_175773089.htm
223,芜湖,大砻坊-东方路与湖滨路交叉口西南100米,149㎡,中层（共33层）,东方龙城采薇苑,160万,安徽,3室2厅,南北向,10738元/㎡,2016年建,https://wuhu.esf.fang.com/chushou/3_175773089.htm
224,芜湖,龙窝湖-龙山大道与浮山路交汇处,108㎡,低层（共34层）,伟星金域国际,86万,安徽,3室2厅,南北向,7963元/㎡,2015年建,https://wuhu.esf.fang.com/chushou/3_174732675.htm
225,芜湖,龙窝湖-龙山大道与浮山路交汇处,108㎡,低层（共34层）,伟星金域国际,86万,安徽,3室2厅,南北向,7963元/㎡,2015年建,https://wuhu.esf.fang.com/chushou/3_174732675.htm
226,上海,嘉兴-嘉善姚庄镇,70㎡,中层（共12层）,加州阳光城,59.2万,直辖市,2室2厅,南北向,8457元/㎡,2018年建,https://sh.esf.fang.com/chushou/3_367913617.htm
227,上海,嘉兴-嘉善姚庄镇,70㎡,中层（共12层）,加州阳光城,59.2万,直辖市,2室2厅,南北向,8457元/㎡,2018年建,https://sh.esf.fang.com/chushou/3_367913617.htm
228,上海,嘉兴-嘉善大道与世纪大道交叉口,65㎡,中层（共19层）,嘉善万联城,53.8万,直辖市,2室2厅,南北向,8277元/㎡,2014年建,https://sh.esf.fang.com/chushou/3_370760344.htm
229,上海,嘉兴-嘉善大道与世纪大道交叉口,65㎡,中层（共19层）,嘉善万联城,53.8万,直辖市,2室2厅,南北向,8277元/㎡,2014年建,https://sh.esf.fang.com/chushou/3_370760344.htm
230,上海,嘉兴-绿城春风十里嘉兴凤桥梅花洲景区,75㎡,高层（共11层）,绿城春风十里,79万,直辖市,2室2厅,南北向,10533元/㎡,2018年建,https://sh.esf.fang.com/chushou/3_371520737.htm
231,上海,嘉兴-绿城春风十里嘉兴凤桥梅花洲景区,75㎡,高层（共11层）,绿城春风十里,79万,直辖市,2室2厅,南北向,10533元/㎡,2018年建,https://sh.esf.fang.com/chushou/3_371520737.htm
232,上海,徐汇滨江-海波花苑龙华西路31弄52-73号、龙华西路,84.08㎡,低层（共6层）,海波花苑,570万,直辖市,2室2厅,南向,67793元/㎡,1997年建,https://sh.esf.fang.com/chushou/3_376196208.htm
233,上海,徐汇滨江-海波花苑龙华西路31弄52-73号、龙华西路,84.08㎡,低层（共6层）,海波花苑,570万,直辖市,2室2厅,南向,67793元/㎡,1997年建,https://sh.esf.fang.com/chushou/3_376196208.htm
234,上海,嘉兴-嘉兴港区乍浦港南湾路19号,85㎡,中层（共16层）,嘉兴东方巴黎城,82万,直辖市,3室2厅,南北向,9647元/㎡,2013年建,https://sh.esf.fang.com/chushou/3_367901268.htm
235,上海,嘉兴-嘉兴港区乍浦港南湾路19号,85㎡,中层（共16层）,嘉兴东方巴黎城,82万,直辖市,3室2厅,南北向,9647元/㎡,2013年建,https://sh.esf.fang.com/chushou/3_367901268.htm
236,合肥,龙岗-临泉东路与吴敬梓路交汇东北,139㎡,低层（共18层）,恒大城,150万,安徽,4室2厅,南北向,10791元/㎡,2012年建,https://hf.esf.fang.com/chushou/3_342135069.htm
237,合肥,龙岗-临泉东路与吴敬梓路交汇东北,139㎡,低层（共18层）,恒大城,150万,安徽,4室2厅,南北向,10791元/㎡,2012年建,https://hf.esf.fang.com/chushou/3_342135069.htm
238,合肥,蜀山新产业园-望江西路与创新大道交汇处(管委会对面),40㎡,中层（共20层）,汇景城市中心,39.66万,安徽,1室1厅,南向,9915元/㎡,2019年建,https://hf.esf.fang.com/chushou/3_394218849.htm
239,合肥,蜀山新产业园-望江西路与创新大道交汇处(管委会对面),40㎡,中层（共20层）,汇景城市中心,39.66万,安徽,1室1厅,南向,9915元/㎡,2019年建,https://hf.esf.fang.com/chushou/3_394218849.htm
240,合肥,长江东路-东风大道与新世界路交口向西200米,98.7㎡,中层（共16层）,华润紫玥台,99万,安徽,3室2厅,南向,10030元/㎡,2019年建,https://hf.esf.fang.com/chushou/3_394700370.htm
241,合肥,长江东路-东风大道与新世界路交口向西200米,98.7㎡,中层（共16层）,华润紫玥台,99万,安徽,3室2厅,南向,10030元/㎡,2019年建,https://hf.esf.fang.com/chushou/3_394700370.htm
242,合肥,卫岗-马鞍山路铂金汉宫南350米,30㎡,中层（共19层）,玲珑大厦,28.16万,安徽,1室1厅,南向,9387元/㎡,,https://hf.esf.fang.com/chushou/3_394271041.htm
243,合肥,卫岗-马鞍山路铂金汉宫南350米,30㎡,中层（共19层）,玲珑大厦,28.16万,安徽,1室1厅,南向,9387元/㎡,,https://hf.esf.fang.com/chushou/3_394271041.htm
244,合肥,生态公园-前岭路以东、东方大道南北两侧,90㎡,中层（共28层）,当代MOMΛ未来城,90万,安徽,3室2厅,南北向,10000元/㎡,2018年建,https://hf.esf.fang.com/chushou/3_374890028.htm
245,合肥,生态公园-前岭路以东、东方大道南北两侧,90㎡,中层（共28层）,当代MOMΛ未来城,90万,安徽,3室2厅,南北向,10000元/㎡,2018年建,https://hf.esf.fang.com/chushou/3_374890028.htm
246,合肥,蜀山新产业园-望江西路与创新大道交汇处(管委会对面),45㎡,中层（共20层）,汇景城市中心,38.66万,安徽,2室1厅,南向,8591元/㎡,2019年建,https://hf.esf.fang.com/chushou/3_394222537.htm
247,合肥,蜀山新产业园-望江西路与创新大道交汇处(管委会对面),45㎡,中层（共20层）,汇景城市中心,38.66万,安徽,2室1厅,南向,8591元/㎡,2019年建,https://hf.esf.fang.com/chushou/3_394222537.htm
248,重庆,礼嘉-华宇御澜湾北部新区礼嘉组团F标准分区F01-,158㎡,,华宇御澜湾,338万,直辖市,,东向,21392元/㎡,,https://cq.esf.fang.com/chushou/10_195862612.htm
249,重庆,礼嘉-华宇御澜湾北部新区礼嘉组团F标准分区F01-,158㎡,,华宇御澜湾,338万,直辖市,,东向,21392元/㎡,,https://cq.esf.fang.com/chushou/10_195862612.htm
250,重庆,双山-双山路118号,197㎡,高层（共7层）,晋愉融府,258万,直辖市,5室3厅,南向,13096元/㎡,2013年建,https://cq.esf.fang.com/chushou/3_195265259.htm
251,重庆,双山-双山路118号,197㎡,高层（共7层）,晋愉融府,258万,直辖市,5室3厅,南向,13096元/㎡,2013年建,https://cq.esf.fang.com/chushou/3_195265259.htm
252,重庆,大竹林-金科天元道大竹林街道斑竹路8号,93.5㎡,中层（共33层）,金科天元道,150万,直辖市,3室2厅,东南向,16043元/㎡,2016年建,https://cq.esf.fang.com/chushou/3_195862876.htm
253,重庆,大竹林-金科天元道大竹林街道斑竹路8号,93.5㎡,中层（共33层）,金科天元道,150万,直辖市,3室2厅,东南向,16043元/㎡,2016年建,https://cq.esf.fang.com/chushou/3_195862876.htm
254,重庆,大学城-沙坪坝大学城北路94号,60㎡,中层（共31层）,龙湖U城8组团,81万,直辖市,2室1厅,东向,13500元/㎡,2014年建,https://cq.esf.fang.com/chushou/3_195804278.htm
255,重庆,大学城-沙坪坝大学城北路94号,60㎡,中层（共31层）,龙湖U城8组团,81万,直辖市,2室1厅,东向,13500元/㎡,2014年建,https://cq.esf.fang.com/chushou/3_195804278.htm
256,重庆,鱼洞-鱼洞大江东路(护士学校旁),47㎡,低层（共17层）,优跃城,57万,直辖市,2室1厅,南向,12128元/㎡,2015年建,https://cq.esf.fang.com/chushou/3_194603126.htm
257,重庆,鱼洞-鱼洞大江东路(护士学校旁),47㎡,低层（共17层）,优跃城,57万,直辖市,2室1厅,南向,12128元/㎡,2015年建,https://cq.esf.fang.com/chushou/3_194603126.htm
258,重庆,龙头寺-渝北区龙头寺文慧路17号,91.9㎡,中层（共29层）,保利香槟花园F区,148万,直辖市,3室2厅,南北向,16104元/㎡,2018年建,https://cq.esf.fang.com/chushou/3_194357171.htm
259,重庆,龙头寺-渝北区龙头寺文慧路17号,91.9㎡,中层（共29层）,保利香槟花园F区,148万,直辖市,3室2厅,南北向,16104元/㎡,2018年建,https://cq.esf.fang.com/chushou/3_194357171.htm
260,芜湖,银泰城-森海都市花园禹王宫路53号附近,99.5㎡,中层（共6层）,森海都市花园,120万,安徽,3室2厅,南向,12060元/㎡,2003年建,https://wuhu.esf.fang.com/chushou/3_176066650.htm
261,芜湖,银泰城-森海都市花园禹王宫路53号附近,99.5㎡,中层（共6层）,森海都市花园,120万,安徽,3室2厅,南向,12060元/㎡,2003年建,https://wuhu.esf.fang.com/chushou/3_176066650.htm
262,芜湖,北门-中江路与万春路交界,43㎡,中层（共13层）,南翔铭座,26万,安徽,1室1厅,南北向,6047元/㎡,2019年建,https://wuhu.esf.fang.com/chushou/3_175679882.htm
263,芜湖,北门-中江路与万春路交界,43㎡,中层（共13层）,南翔铭座,26万,安徽,1室1厅,南北向,6047元/㎡,2019年建,https://wuhu.esf.fang.com/chushou/3_175679882.htm
264,芜湖,大学城-澛港新区西区安徽省芜湖市弋江区九龙路与商业街,48.75㎡,中层（共6层）,澛港新区西区,37万,安徽,1室1厅,南北向,7590元/㎡,2000年建,https://wuhu.esf.fang.com/chushou/3_175786446.htm
265,芜湖,大学城-澛港新区西区安徽省芜湖市弋江区九龙路与商业街,48.75㎡,中层（共6层）,澛港新区西区,37万,安徽,1室1厅,南北向,7590元/㎡,2000年建,https://wuhu.esf.fang.com/chushou/3_175786446.htm
266,芜湖,新时代商业街-安徽省芜湖市弋江区中山南路,84.84㎡,低层（共33层）,儒林西苑,95万,安徽,2室2厅,南向,11198元/㎡,,https://wuhu.esf.fang.com/chushou/3_175858099.htm
267,芜湖,新时代商业街-安徽省芜湖市弋江区中山南路,84.84㎡,低层（共33层）,儒林西苑,95万,安徽,2室2厅,南向,11198元/㎡,,https://wuhu.esf.fang.com/chushou/3_175858099.htm
268,芜湖,方特欢乐世界-安徽省芜湖市鸠江区景观大道,107.5㎡,高层（共17层）,赛纳丽城,152万,安徽,3室2厅,南向,14140元/㎡,2018年建,https://wuhu.esf.fang.com/chushou/3_173070022.htm
269,芜湖,方特欢乐世界-安徽省芜湖市鸠江区景观大道,107.5㎡,高层（共17层）,赛纳丽城,152万,安徽,3室2厅,南向,14140元/㎡,2018年建,https://wuhu.esf.fang.com/chushou/3_173070022.htm
270,芜湖,大学城-伟星蔚蓝海岸长江南路与红花山路交汇处,89㎡,高层（共34层）,伟星蔚蓝海岸,168.7万,安徽,2室2厅,南向,18955元/㎡,2018年建,https://wuhu.esf.fang.com/chushou/3_175816687.htm
271,芜湖,大学城-伟星蔚蓝海岸长江南路与红花山路交汇处,89㎡,高层（共34层）,伟星蔚蓝海岸,168.7万,安徽,2室2厅,南向,18955元/㎡,2018年建,https://wuhu.esf.fang.com/chushou/3_175816687.htm
272,上海,临平路-天宝路358弄,45.02㎡,中层（共7层）,天宝路358弄小区,275万,直辖市,1室1厅,南向,61084元/㎡,2015年建,https://sh.esf.fang.com/chushou/3_376791285.htm
273,上海,临平路-天宝路358弄,45.02㎡,中层（共7层）,天宝路358弄小区,275万,直辖市,1室1厅,南向,61084元/㎡,2015年建,https://sh.esf.fang.com/chushou/3_376791285.htm
274,上海,嘉兴-纬一路与体育路交叉口,67㎡,中层（共16层）,新西塘孔雀城,83万,直辖市,2室2厅,南北向,12388元/㎡,2018年建,https://sh.esf.fang.com/chushou/3_369229346.htm
275,上海,嘉兴-纬一路与体育路交叉口,67㎡,中层（共16层）,新西塘孔雀城,83万,直辖市,2室2厅,南北向,12388元/㎡,2018年建,https://sh.esf.fang.com/chushou/3_369229346.htm
276,上海,龙华-龙南七村龙南七村1-82号,72.63㎡,低层（共7层）,龙南七村,425万,直辖市,2室1厅,南向,58516元/㎡,1995年建,https://sh.esf.fang.com/chushou/3_376928589.htm
277,上海,龙华-龙南七村龙南七村1-82号,72.63㎡,低层（共7层）,龙南七村,425万,直辖市,2室1厅,南向,58516元/㎡,1995年建,https://sh.esf.fang.com/chushou/3_376928589.htm
278,上海,嘉兴-嘉兴市秀洲区中环北路与城北路交叉口,80㎡,中层（共13层）,万科中环公园,62.5万,直辖市,2室2厅,南北向,7812元/㎡,2014年建,https://sh.esf.fang.com/chushou/3_367922367.htm
279,上海,嘉兴-嘉兴市秀洲区中环北路与城北路交叉口,80㎡,中层（共13层）,万科中环公园,62.5万,直辖市,2室2厅,南北向,7812元/㎡,2014年建,https://sh.esf.fang.com/chushou/3_367922367.htm
280,上海,武宁-东新路88弄,57.61㎡,中层（共32层）,新湖明珠城,499万,直辖市,1室2厅,南向,86617元/㎡,2005年建,https://sh.esf.fang.com/chushou/3_376533283.htm
281,上海,武宁-东新路88弄,57.61㎡,中层（共32层）,新湖明珠城,499万,直辖市,1室2厅,南向,86617元/㎡,2005年建,https://sh.esf.fang.com/chushou/3_376533283.htm
282,上海,周浦-年家浜东路129弄,89.4㎡,中层（共18层）,印象春城,400万,直辖市,2室2厅,南向,44743元/㎡,2007年建,https://sh.esf.fang.com/chushou/3_347874011.htm
283,上海,周浦-年家浜东路129弄,89.4㎡,中层（共18层）,印象春城,400万,直辖市,2室2厅,南向,44743元/㎡,2007年建,https://sh.esf.fang.com/chushou/3_347874011.htm
284,合肥,生态公园-淮海大道与大众路交口,130㎡,中层（共11层）,正荣·悦都荟,168万,安徽,4室2厅,南北向,12923元/㎡,,https://hf.esf.fang.com/chushou/3_343271162.htm
285,合肥,生态公园-淮海大道与大众路交口,130㎡,中层（共11层）,正荣·悦都荟,168万,安徽,4室2厅,南北向,12923元/㎡,,https://hf.esf.fang.com/chushou/3_343271162.htm
286,合肥,临泉东路-临泉东路与和县路交叉口东西两侧,100㎡,高层（共34层）,万达华府,155万,安徽,3室2厅,南北向,15500元/㎡,,https://hf.esf.fang.com/chushou/3_342135943.htm
287,合肥,临泉东路-临泉东路与和县路交叉口东西两侧,100㎡,高层（共34层）,万达华府,155万,安徽,3室2厅,南北向,15500元/㎡,,https://hf.esf.fang.com/chushou/3_342135943.htm
288,合肥,大杨镇-西二环董铺路与四里河路交口(董铺路999号),155㎡,中层（共6层）,文一泰禾·合肥院子,245万,安徽,4室2厅,南向,15806元/㎡,2019年建,https://hf.esf.fang.com/chushou/3_394937066.htm
289,合肥,大杨镇-西二环董铺路与四里河路交口(董铺路999号),155㎡,中层（共6层）,文一泰禾·合肥院子,245万,安徽,4室2厅,南向,15806元/㎡,2019年建,https://hf.esf.fang.com/chushou/3_394937066.htm
290,合肥,天鹅湖-潜山路与习友路交口向北,50㎡,中层（共28层）,天珑广场,56.13万,安徽,2室1厅,南北向,11226元/㎡,2017年建,https://hf.esf.fang.com/chushou/3_380587113.htm
291,合肥,天鹅湖-潜山路与习友路交口向北,50㎡,中层（共28层）,天珑广场,56.13万,安徽,2室1厅,南北向,11226元/㎡,2017年建,https://hf.esf.fang.com/chushou/3_380587113.htm
292,重庆,照母山-金山大道28号,86.75㎡,高层（共26层）,万科城,122万,直辖市,2室2厅,南北向,14063元/㎡,2014年建,https://cq.esf.fang.com/chushou/3_194824124.htm
293,重庆,照母山-金山大道28号,86.75㎡,高层（共26层）,万科城,122万,直辖市,2室2厅,南北向,14063元/㎡,2014年建,https://cq.esf.fang.com/chushou/3_194824124.htm
294,重庆,磁器口-沙坪坝区教院路8号,68㎡,低层（共19层）,百年世家,88万,直辖市,2室2厅,南向,12941元/㎡,2004年建,https://cq.esf.fang.com/chushou/3_194331769.htm
295,重庆,磁器口-沙坪坝区教院路8号,68㎡,低层（共19层）,百年世家,88万,直辖市,2室2厅,南向,12941元/㎡,2004年建,https://cq.esf.fang.com/chushou/3_194331769.htm
296,重庆,空港新城-兰馨大道12号,88㎡,中层（共12层）,盛景天下,90万,直辖市,2室2厅,西北向,10227元/㎡,2007年建,https://cq.esf.fang.com/chushou/3_194054188.htm
297,重庆,空港新城-兰馨大道12号,88㎡,中层（共12层）,盛景天下,90万,直辖市,2室2厅,西北向,10227元/㎡,2007年建,https://cq.esf.fang.com/chushou/3_194054188.htm
298,重庆,鱼洞-鱼洞箭河路(渝南大道与箭河路交界处),88.9㎡,高层（共8层）,协信星澜汇,99万,直辖市,3室2厅,南北向,11136元/㎡,2019年建,https://cq.esf.fang.com/chushou/3_194798925.htm
299,重庆,鱼洞-鱼洞箭河路(渝南大道与箭河路交界处),88.9㎡,高层（共8层）,协信星澜汇,99万,直辖市,3室2厅,南北向,11136元/㎡,2019年建,https://cq.esf.fang.com/chushou/3_194798925.htm
300,重庆,茶园新区-南岸金鹿大道2924号,88㎡,低层（共33层）,融创欧麓花园城铂爵郡,116.5万,直辖市,3室2厅,南向,13239元/㎡,2017年建,https://cq.esf.fang.com/chushou/3_193813162.htm
301,重庆,茶园新区-南岸金鹿大道2924号,88㎡,低层（共33层）,融创欧麓花园城铂爵郡,116.5万,直辖市,3室2厅,南向,13239元/㎡,2017年建,https://cq.esf.fang.com/chushou/3_193813162.htm
302,芜湖,政务文化中心-金都檀宫清水镇芜屯城市干道,120㎡,中层（共18层）,金都檀宫,95.5万,安徽,3室2厅,南北向,7958元/㎡,2019年建,https://wuhu.esf.fang.com/chushou/3_175575660.htm
303,芜湖,政务文化中心-金都檀宫清水镇芜屯城市干道,120㎡,中层（共18层）,金都檀宫,95.5万,安徽,3室2厅,南北向,7958元/㎡,2019年建,https://wuhu.esf.fang.com/chushou/3_175575660.htm
304,芜湖,王家巷-芜湖市镜湖区高新技术产业开发区,42.89㎡,中层（共3层）,团结二村,53.8万,安徽,2室1厅,南向,12544元/㎡,1995年建,https://wuhu.esf.fang.com/chushou/3_175676251.htm
305,芜湖,王家巷-芜湖市镜湖区高新技术产业开发区,42.89㎡,中层（共3层）,团结二村,53.8万,安徽,2室1厅,南向,12544元/㎡,1995年建,https://wuhu.esf.fang.com/chushou/3_175676251.htm
306,芜湖,新时代商业街-儒林西苑安徽省芜湖市弋江区中山南路,80㎡,高层（共33层）,儒林西苑,88万,安徽,2室2厅,南北向,11000元/㎡,2013年建,https://wuhu.esf.fang.com/chushou/3_175819334.htm
307,芜湖,新时代商业街-儒林西苑安徽省芜湖市弋江区中山南路,80㎡,高层（共33层）,儒林西苑,88万,安徽,2室2厅,南北向,11000元/㎡,2013年建,https://wuhu.esf.fang.com/chushou/3_175819334.htm
308,芜湖,三山区人民政府-高岗埠路以北、官河路以东、大福路以西,109㎡,中层（共16层）,沁园小区,78万,安徽,3室2厅,南北向,7156元/㎡,,https://wuhu.esf.fang.com/chushou/3_171193685.htm
309,芜湖,三山区人民政府-高岗埠路以北、官河路以东、大福路以西,109㎡,中层（共16层）,沁园小区,78万,安徽,3室2厅,南北向,7156元/㎡,,https://wuhu.esf.fang.com/chushou/3_171193685.htm
310,芜湖,大学城-安徽省芜湖市弋江区大工山路313号,81㎡,中层（共7层）,弋江嘉园·徽韵,82万,安徽,2室2厅,东向,10123元/㎡,1999年建,https://wuhu.esf.fang.com/chushou/3_175061077.htm
311,芜湖,大学城-安徽省芜湖市弋江区大工山路313号,81㎡,中层（共7层）,弋江嘉园·徽韵,82万,安徽,2室2厅,东向,10123元/㎡,1999年建,https://wuhu.esf.fang.com/chushou/3_175061077.htm
312,芜湖,南瑞-大工山路与仓津路交汇处(元亩塘南侧),97㎡,中层（共28层）,雅旭新乐府,100万,安徽,3室2厅,南向,10309元/㎡,2019年建,https://wuhu.esf.fang.com/chushou/3_174683904.htm
313,芜湖,南瑞-大工山路与仓津路交汇处(元亩塘南侧),97㎡,中层（共28层）,雅旭新乐府,100万,安徽,3室2厅,南向,10309元/㎡,2019年建,https://wuhu.esf.fang.com/chushou/3_174683904.htm
314,上海,御桥-康桥路1558弄、康桥路1259弄,142㎡,低层（共18层）,绿洲康城亲水湾,760万,直辖市,4室2厅,南北向,53521元/㎡,2009年建,https://sh.esf.fang.com/chushou/3_370980887.htm
315,上海,御桥-康桥路1558弄、康桥路1259弄,142㎡,低层（共18层）,绿洲康城亲水湾,760万,直辖市,4室2厅,南北向,53521元/㎡,2009年建,https://sh.esf.fang.com/chushou/3_370980887.htm
316,上海,昆山-曹新路和三星路交界处,67㎡,中层（共12层）,中置花苑,93万,直辖市,3室2厅,南北向,13881元/㎡,2009年建,https://sh.esf.fang.com/chushou/3_370031170.htm
317,上海,昆山-曹新路和三星路交界处,67㎡,中层（共12层）,中置花苑,93万,直辖市,3室2厅,南北向,13881元/㎡,2009年建,https://sh.esf.fang.com/chushou/3_370031170.htm
318,上海,嘉兴-大众·湖滨花园魏塘镇善江公路东侧、世纪大道北,75㎡,中层（共17层）,大众·湖滨花园,77.8万,直辖市,3室2厅,南北向,10373元/㎡,2018年建,https://sh.esf.fang.com/chushou/3_371381113.htm
319,上海,嘉兴-大众·湖滨花园魏塘镇善江公路东侧、世纪大道北,75㎡,中层（共17层）,大众·湖滨花园,77.8万,直辖市,3室2厅,南北向,10373元/㎡,2018年建,https://sh.esf.fang.com/chushou/3_371381113.htm
320,上海,南码头-东方路1888弄,85㎡,中层（共25层）,东方明珠国际公寓,598万,直辖市,2室2厅,南北向,70353元/㎡,2009年建,https://sh.esf.fang.com/chushou/3_370787281.htm
321,上海,南码头-东方路1888弄,85㎡,中层（共25层）,东方明珠国际公寓,598万,直辖市,2室2厅,南北向,70353元/㎡,2009年建,https://sh.esf.fang.com/chushou/3_370787281.htm
322,上海,御桥-京浦小区京浦路82弄、京浦路160弄、沪南公,53㎡,低层（共6层）,京浦小区,320万,直辖市,2室1厅,南向,60377元/㎡,1995年建,https://sh.esf.fang.com/chushou/3_376856364.htm
323,上海,御桥-京浦小区京浦路82弄、京浦路160弄、沪南公,53㎡,低层（共6层）,京浦小区,320万,直辖市,2室1厅,南向,60377元/㎡,1995年建,https://sh.esf.fang.com/chushou/3_376856364.htm
324,上海,张江-孙桥公寓孙桥路235弄,51.39㎡,中层（共6层）,孙桥公寓,210万,直辖市,1室1厅,南向,40864元/㎡,1997年建,https://sh.esf.fang.com/chushou/3_376916032.htm
325,上海,张江-孙桥公寓孙桥路235弄,51.39㎡,中层（共6层）,孙桥公寓,210万,直辖市,1室1厅,南向,40864元/㎡,1997年建,https://sh.esf.fang.com/chushou/3_376916032.htm
326,合肥,桥头集-肥东县新安江路与祥和路交口,25㎡,中层（共19层）,京建中心,18.12万,安徽,1室1厅,南向,7248元/㎡,2017年建,https://hf.esf.fang.com/chushou/3_394255821.htm
327,合肥,桥头集-肥东县新安江路与祥和路交口,25㎡,中层（共19层）,京建中心,18.12万,安徽,1室1厅,南向,7248元/㎡,2017年建,https://hf.esf.fang.com/chushou/3_394255821.htm
328,合肥,南门换乘中心-徽州大道以东、龙川路以南,45㎡,中层（共19层）,合肥绿地中央广场,43.16万,安徽,2室1厅,南向,9591元/㎡,2018年建,https://hf.esf.fang.com/chushou/3_394273517.htm
329,合肥,南门换乘中心-徽州大道以东、龙川路以南,45㎡,中层（共19层）,合肥绿地中央广场,43.16万,安徽,2室1厅,南向,9591元/㎡,2018年建,https://hf.esf.fang.com/chushou/3_394273517.htm
330,合肥,文化旅游城-南宁路与金斗西路交口东南角,40㎡,中层（共28层）,保利海上五月花,70.36万,安徽,1室1厅,南北向,17590元/㎡,2016年建,https://hf.esf.fang.com/chushou/3_387647271.htm
331,合肥,文化旅游城-南宁路与金斗西路交口东南角,40㎡,中层（共28层）,保利海上五月花,70.36万,安徽,1室1厅,南北向,17590元/㎡,2016年建,https://hf.esf.fang.com/chushou/3_387647271.htm
332,合肥,滨湖假日-合肥市滨湖区四川路与云谷路交口东北角,56㎡,中层（共19层）,华冶嘉誉,45.16万,安徽,2室1厅,南向,8064元/㎡,2017年建,https://hf.esf.fang.com/chushou/3_394147854.htm
333,合肥,滨湖假日-合肥市滨湖区四川路与云谷路交口东北角,56㎡,中层（共19层）,华冶嘉誉,45.16万,安徽,2室1厅,南向,8064元/㎡,2017年建,https://hf.esf.fang.com/chushou/3_394147854.htm
334,合肥,生态公园-淮海大道与大众路交口,119㎡,高层（共11层）,正荣·悦都荟,145万,安徽,4室2厅,南北向,12185元/㎡,,https://hf.esf.fang.com/chushou/3_382493819.htm
335,合肥,生态公园-淮海大道与大众路交口,119㎡,高层（共11层）,正荣·悦都荟,145万,安徽,4室2厅,南北向,12185元/㎡,,https://hf.esf.fang.com/chushou/3_382493819.htm
336,合肥,龙岗-临泉东路与吴敬梓路交汇东北,94㎡,低层（共32层）,恒大城,128万,安徽,3室2厅,南北向,13617元/㎡,2019年建,https://hf.esf.fang.com/chushou/3_385984632.htm
337,合肥,龙岗-临泉东路与吴敬梓路交汇东北,94㎡,低层（共32层）,恒大城,128万,安徽,3室2厅,南北向,13617元/㎡,2019年建,https://hf.esf.fang.com/chushou/3_385984632.htm
338,重庆,李家沱-渝南大道32号,77.9㎡,高层（共8层）,丽都锦城,90万,直辖市,3室2厅,南北向,11553元/㎡,2012年建,https://cq.esf.fang.com/chushou/3_194643469.htm
339,重庆,李家沱-渝南大道32号,77.9㎡,高层（共8层）,丽都锦城,90万,直辖市,3室2厅,南北向,11553元/㎡,2012年建,https://cq.esf.fang.com/chushou/3_194643469.htm
340,重庆,解放碑-解放碑较场口中兴路,41㎡,高层（共33层）,熊猫公馆,74万,直辖市,2室1厅,北向,18049元/㎡,2016年建,https://cq.esf.fang.com/chushou/3_193918765.htm
341,重庆,解放碑-解放碑较场口中兴路,41㎡,高层（共33层）,熊猫公馆,74万,直辖市,2室1厅,北向,18049元/㎡,2016年建,https://cq.esf.fang.com/chushou/3_193918765.htm
342,重庆,照母山-金开大道金州大道交汇处,85㎡,低层（共7层）,协信春山台,298万,直辖市,4室2厅,南向,35059元/㎡,2015年建,https://cq.esf.fang.com/chushou/3_194792910.htm
343,重庆,照母山-金开大道金州大道交汇处,85㎡,低层（共7层）,协信春山台,298万,直辖市,4室2厅,南向,35059元/㎡,2015年建,https://cq.esf.fang.com/chushou/3_194792910.htm
344,重庆,李家沱-巴南大道9号,78㎡,低层（共32层）,恒大城,96万,直辖市,2室2厅,南向,12308元/㎡,2012年建,https://cq.esf.fang.com/chushou/3_194100238.htm
345,重庆,李家沱-巴南大道9号,78㎡,低层（共32层）,恒大城,96万,直辖市,2室2厅,南向,12308元/㎡,2012年建,https://cq.esf.fang.com/chushou/3_194100238.htm
346,重庆,照母山-渝北照母山星融路9号,72㎡,高层（共33层）,融创凡尔赛领馆四期,125万,直辖市,2室2厅,南向,17361元/㎡,2016年建,https://cq.esf.fang.com/chushou/3_194140422.htm
347,重庆,照母山-渝北照母山星融路9号,72㎡,高层（共33层）,融创凡尔赛领馆四期,125万,直辖市,2室2厅,南向,17361元/㎡,2016年建,https://cq.esf.fang.com/chushou/3_194140422.htm
348,重庆,农业园区-重庆市渝北区回兴街道宝石路14号,71.31㎡,中层（共6层）,枫桥水郡,73万,直辖市,2室2厅,北向,10237元/㎡,2008年建,https://cq.esf.fang.com/chushou/3_194781013.htm
349,重庆,农业园区-重庆市渝北区回兴街道宝石路14号,71.31㎡,中层（共6层）,枫桥水郡,73万,直辖市,2室2厅,北向,10237元/㎡,2008年建,https://cq.esf.fang.com/chushou/3_194781013.htm
350,重庆,西永-西永微电园地铁站片区,98㎡,高层（共17层）,万达文旅城,109万,直辖市,3室2厅,南北向,11122元/㎡,2017年建,https://cq.esf.fang.com/chushou/3_194598394.htm
351,重庆,西永-西永微电园地铁站片区,98㎡,高层（共17层）,万达文旅城,109万,直辖市,3室2厅,南北向,11122元/㎡,2017年建,https://cq.esf.fang.com/chushou/3_194598394.htm
352,芜湖,银泰城-华仑港湾区滨江大道与利民路交汇处,122㎡,低层（共28层）,华仑港湾,195.2万,安徽,3室2厅,南北向,16000元/㎡,2014年建,https://wuhu.esf.fang.com/chushou/3_175552326.htm
353,芜湖,银泰城-华仑港湾区滨江大道与利民路交汇处,122㎡,低层（共28层）,华仑港湾,195.2万,安徽,3室2厅,南北向,16000元/㎡,2014年建,https://wuhu.esf.fang.com/chushou/3_175552326.htm
354,芜湖,新时代商业街-安徽省芜湖市弋江区中山南路,86.67㎡,中层（共32层）,儒林西苑,102万,安徽,2室1厅,南北向,11769元/㎡,2010年建,https://wuhu.esf.fang.com/chushou/3_172996039.htm
355,芜湖,新时代商业街-安徽省芜湖市弋江区中山南路,86.67㎡,中层（共32层）,儒林西苑,102万,安徽,2室1厅,南北向,11769元/㎡,2010年建,https://wuhu.esf.fang.com/chushou/3_172996039.htm
356,芜湖,大砻坊-东方龙城清荷苑,86㎡,高层（共29层）,东方龙城清荷苑,105万,安徽,2室2厅,南向,12209元/㎡,2012年建,https://wuhu.esf.fang.com/chushou/3_175038433.htm
357,芜湖,大砻坊-东方龙城清荷苑,86㎡,高层（共29层）,东方龙城清荷苑,105万,安徽,2室2厅,南向,12209元/㎡,2012年建,https://wuhu.esf.fang.com/chushou/3_175038433.htm
358,芜湖,新时代商业街-安徽省芜湖市镜湖区三潭路,119㎡,高层（共12层）,长江长现代城二期,145万,安徽,3室2厅,南向,12185元/㎡,,https://wuhu.esf.fang.com/chushou/3_174837919.htm
359,芜湖,新时代商业街-安徽省芜湖市镜湖区三潭路,119㎡,高层（共12层）,长江长现代城二期,145万,安徽,3室2厅,南向,12185元/㎡,,https://wuhu.esf.fang.com/chushou/3_174837919.htm
360,芜湖,其他-芳村,243㎡,,水墨江南,178万,安徽,,南向,7325元/㎡,,https://wuhu.esf.fang.com/chushou/10_174098627.htm
361,芜湖,其他-芳村,243㎡,,水墨江南,178万,安徽,,南向,7325元/㎡,,https://wuhu.esf.fang.com/chushou/10_174098627.htm
362,芜湖,南瑞-皖新春江明月利民东路中段(原新兴铸管厂地块),96㎡,中层（共30层）,皖新春江明月,110万,安徽,3室2厅,南北向,11458元/㎡,2020年建,https://wuhu.esf.fang.com/chushou/3_176038335.htm
363,芜湖,南瑞-皖新春江明月利民东路中段(原新兴铸管厂地块),96㎡,中层（共30层）,皖新春江明月,110万,安徽,3室2厅,南北向,11458元/㎡,2020年建,https://wuhu.esf.fang.com/chushou/3_176038335.htm
364,芜湖,北门-中江路与万春路交界,58.9㎡,高层（共11层）,南翔铭座,35万,安徽,1室2厅,南北向,5942元/㎡,2019年建,https://wuhu.esf.fang.com/chushou/3_176012810.htm
365,芜湖,北门-中江路与万春路交界,58.9㎡,高层（共11层）,南翔铭座,35万,安徽,1室2厅,南北向,5942元/㎡,2019年建,https://wuhu.esf.fang.com/chushou/3_176012810.htm
366,上海,三林-杉林新月家园环林东路879弄、环林东路875,63㎡,中层（共14层）,杉林新月家园,332万,直辖市,1室1厅,南向,52698元/㎡,2003年建,https://sh.esf.fang.com/chushou/3_376718190.htm
367,上海,三林-杉林新月家园环林东路879弄、环林东路875,63㎡,中层（共14层）,杉林新月家园,332万,直辖市,1室1厅,南向,52698元/㎡,2003年建,https://sh.esf.fang.com/chushou/3_376718190.htm
368,上海,临港新城-方竹路222弄、方竹路333弄,89㎡,高层（共5层）,滴水湖馨苑,215万,直辖市,3室2厅,南向,24157元/㎡,2013年建,https://sh.esf.fang.com/chushou/3_351688988.htm
369,上海,临港新城-方竹路222弄、方竹路333弄,89㎡,高层（共5层）,滴水湖馨苑,215万,直辖市,3室2厅,南向,24157元/㎡,2013年建,https://sh.esf.fang.com/chushou/3_351688988.htm
370,上海,嘉兴-罗星街道厍浜村、白水塘路南侧、厍浜港东侧悦隽,65.8㎡,高层（共6层）,新城中骏·悦隽半岛,67.4万,直辖市,2室2厅,南北向,10243元/㎡,2016年建,https://sh.esf.fang.com/chushou/3_371271039.htm
371,上海,嘉兴-罗星街道厍浜村、白水塘路南侧、厍浜港东侧悦隽,65.8㎡,高层（共6层）,新城中骏·悦隽半岛,67.4万,直辖市,2室2厅,南北向,10243元/㎡,2016年建,https://sh.esf.fang.com/chushou/3_371271039.htm
372,上海,古北-黄金城道259弄、黄金城道258弄,114.05㎡,低层（共18层）,古北嘉年华庭,1000万,直辖市,2室2厅,南向,87681元/㎡,2005年建,https://sh.esf.fang.com/chushou/3_370034419.htm
373,上海,古北-黄金城道259弄、黄金城道258弄,114.05㎡,低层（共18层）,古北嘉年华庭,1000万,直辖市,2室2厅,南向,87681元/㎡,2005年建,https://sh.esf.fang.com/chushou/3_370034419.htm
374,上海,临港新城-竹柏路100弄、竹柏路366弄、竹柏路111,88㎡,高层（共4层）,宜浩佳园,265万,直辖市,2室2厅,南向,30114元/㎡,2008年建,https://sh.esf.fang.com/chushou/3_368513864.htm
375,上海,临港新城-竹柏路100弄、竹柏路366弄、竹柏路111,88㎡,高层（共4层）,宜浩佳园,265万,直辖市,2室2厅,南向,30114元/㎡,2008年建,https://sh.esf.fang.com/chushou/3_368513864.htm
376,上海,临港新城-古棕路168弄、马樱丹路127弄,85.2㎡,高层（共12层）,绿地东岸涟城,210万,直辖市,2室2厅,南北向,24648元/㎡,2009年建,https://sh.esf.fang.com/chushou/3_355012322.htm
377,上海,临港新城-古棕路168弄、马樱丹路127弄,85.2㎡,高层（共12层）,绿地东岸涟城,210万,直辖市,2室2厅,南北向,24648元/㎡,2009年建,https://sh.esf.fang.com/chushou/3_355012322.htm
378,合肥,大蜀山-望江西路与枫林路交汇处向东南600米,380㎡,低层（共3层）,保利西山林语,800万,安徽,5室4厅,南向,21053元/㎡,2019年建,https://hf.esf.fang.com/chushou/3_385886561.htm
379,合肥,大蜀山-望江西路与枫林路交汇处向东南600米,380㎡,低层（共3层）,保利西山林语,800万,安徽,5室4厅,南向,21053元/㎡,2019年建,https://hf.esf.fang.com/chushou/3_385886561.htm
380,合肥,和平广场-合裕路明光路与全椒路交汇处东南一环交口东北角,105㎡,中层（共27层）,鼎元府邸,225万,安徽,3室2厅,南向,21429元/㎡,2013年建,https://hf.esf.fang.com/chushou/3_353448583.htm
381,合肥,和平广场-合裕路明光路与全椒路交汇处东南一环交口东北角,105㎡,中层（共27层）,鼎元府邸,225万,安徽,3室2厅,南向,21429元/㎡,2013年建,https://hf.esf.fang.com/chushou/3_353448583.htm
382,合肥,长江批发市场-长江东路金泰气配城对面,85㎡,中层（共25层）,琥珀名城,115万,安徽,2室2厅,南北向,13529元/㎡,2010年建,https://hf.esf.fang.com/chushou/3_396821695.htm
383,合肥,长江批发市场-长江东路金泰气配城对面,85㎡,中层（共25层）,琥珀名城,115万,安徽,2室2厅,南北向,13529元/㎡,2010年建,https://hf.esf.fang.com/chushou/3_396821695.htm
384,合肥,桃花-香蒲路与玉兰大道交口,60㎡,高层（共19层）,加桥普波公馆,37.16万,安徽,2室1厅,南向,6193元/㎡,2018年建,https://hf.esf.fang.com/chushou/3_394254255.htm
385,合肥,桃花-香蒲路与玉兰大道交口,60㎡,高层（共19层）,加桥普波公馆,37.16万,安徽,2室1厅,南向,6193元/㎡,2018年建,https://hf.esf.fang.com/chushou/3_394254255.htm
386,合肥,长江批发市场-皇马花园临泉东路与顺祥路交汇处,81.99㎡,中层（共6层）,皇马花园,106万,安徽,2室2厅,南北向,12928元/㎡,2020年建,https://hf.esf.fang.com/chushou/3_404428095.htm
387,合肥,长江批发市场-皇马花园临泉东路与顺祥路交汇处,81.99㎡,中层（共6层）,皇马花园,106万,安徽,2室2厅,南北向,12928元/㎡,2020年建,https://hf.esf.fang.com/chushou/3_404428095.htm
388,重庆,大学城-大学城思贤路重庆科技学院前行右转200米,66㎡,高层（共31层）,北麓国际城一期,68万,直辖市,2室2厅,西南向,10303元/㎡,2014年建,https://cq.esf.fang.com/chushou/3_194586906.htm
389,重庆,大学城-大学城思贤路重庆科技学院前行右转200米,66㎡,高层（共31层）,北麓国际城一期,68万,直辖市,2室2厅,西南向,10303元/㎡,2014年建,https://cq.esf.fang.com/chushou/3_194586906.htm
390,重庆,上清寺-重庆市渝中区解放碑人和街巴蜀中学附近,59.41㎡,高层（共15层）,巴教村,90万,直辖市,1室2厅,南向,15149元/㎡,1996年建,https://cq.esf.fang.com/chushou/3_194934144.htm
391,重庆,上清寺-重庆市渝中区解放碑人和街巴蜀中学附近,59.41㎡,高层（共15层）,巴教村,90万,直辖市,1室2厅,南向,15149元/㎡,1996年建,https://cq.esf.fang.com/chushou/3_194934144.htm
392,重庆,弹子石-弹子石腾龙大道洋人街转盘,71㎡,中层（共32层）,华润凯旋天地,126万,直辖市,3室2厅,东北向,17746元/㎡,2017年建,https://cq.esf.fang.com/chushou/3_194980156.htm
393,重庆,弹子石-弹子石腾龙大道洋人街转盘,71㎡,中层（共32层）,华润凯旋天地,126万,直辖市,3室2厅,东北向,17746元/㎡,2017年建,https://cq.esf.fang.com/chushou/3_194980156.htm
394,重庆,龙洲湾-凯川紫依云巴文化公园旁(轻轨大山村站),87.6㎡,低层（共24层）,凯川紫依云,105万,直辖市,3室2厅,南向,11986元/㎡,2015年建,https://cq.esf.fang.com/chushou/3_194980915.htm
395,重庆,龙洲湾-凯川紫依云巴文化公园旁(轻轨大山村站),87.6㎡,低层（共24层）,凯川紫依云,105万,直辖市,3室2厅,南向,11986元/㎡,2015年建,https://cq.esf.fang.com/chushou/3_194980915.htm
396,重庆,空港新城-空港新城舟济路2号,59㎡,低层（共31层）,爱加欧郡,75万,直辖市,2室2厅,南向,12712元/㎡,2016年建,https://cq.esf.fang.com/chushou/3_194946851.htm
397,重庆,空港新城-空港新城舟济路2号,59㎡,低层（共31层）,爱加欧郡,75万,直辖市,2室2厅,南向,12712元/㎡,2016年建,https://cq.esf.fang.com/chushou/3_194946851.htm
398,重庆,鱼洞-鱼洞箭河路(渝南大道与箭河路交界处),86㎡,中层（共16层）,协信星澜汇,76万,直辖市,3室2厅,南北向,8837元/㎡,2018年建,https://cq.esf.fang.com/chushou/3_194878849.htm
399,重庆,鱼洞-鱼洞箭河路(渝南大道与箭河路交界处),86㎡,中层（共16层）,协信星澜汇,76万,直辖市,3室2厅,南北向,8837元/㎡,2018年建,https://cq.esf.fang.com/chushou/3_194878849.htm
400,芜湖,政务文化中心-鸠江北路与涌金路交汇处(万科城北侧),123.72㎡,高层（共11层）,大发融悦东方,173万,安徽,4室2厅,南北向,13983元/㎡,,https://wuhu.esf.fang.com/chushou/3_174731232.htm
401,芜湖,政务文化中心-鸠江北路与涌金路交汇处(万科城北侧),123.72㎡,高层（共11层）,大发融悦东方,173万,安徽,4室2厅,南北向,13983元/㎡,,https://wuhu.esf.fang.com/chushou/3_174731232.htm
402,芜湖,"方特欢乐世界-望江苑长江中路,近天门山西路",101.36㎡,中层（共16层）,望江苑,110万,安徽,3室2厅,南向,10852元/㎡,2013年建,https://wuhu.esf.fang.com/chushou/3_176049401.htm
403,芜湖,"方特欢乐世界-望江苑长江中路,近天门山西路",101.36㎡,中层（共16层）,望江苑,110万,安徽,3室2厅,南向,10852元/㎡,2013年建,https://wuhu.esf.fang.com/chushou/3_176049401.htm
404,芜湖,大砻坊-大砻坊公共服务中心东方龙城,88㎡,中层（共30层）,东方龙城甘棠苑,127万,安徽,2室2厅,南北向,14432元/㎡,2015年建,https://wuhu.esf.fang.com/chushou/3_173031353.htm
405,芜湖,大砻坊-大砻坊公共服务中心东方龙城,88㎡,中层（共30层）,东方龙城甘棠苑,127万,安徽,2室2厅,南北向,14432元/㎡,2015年建,https://wuhu.esf.fang.com/chushou/3_173031353.htm
406,芜湖,龙窝湖-安徽省芜湖市三山区碧桂园,129㎡,中层（共30层）,芜湖碧桂园三山水韵,90万,安徽,3室2厅,南向,6977元/㎡,2017年建,https://wuhu.esf.fang.com/chushou/3_176017355.htm
407,芜湖,龙窝湖-安徽省芜湖市三山区碧桂园,129㎡,中层（共30层）,芜湖碧桂园三山水韵,90万,安徽,3室2厅,南向,6977元/㎡,2017年建,https://wuhu.esf.fang.com/chushou/3_176017355.htm
408,芜湖,新市口-区吉和南路与北京西路交汇处(国家海事局旁),82.76㎡,中层（共28层）,名流印象,126万,安徽,2室2厅,南向,15225元/㎡,2013年建,https://wuhu.esf.fang.com/chushou/3_174994492.htm
409,芜湖,新市口-区吉和南路与北京西路交汇处(国家海事局旁),82.76㎡,中层（共28层）,名流印象,126万,安徽,2室2厅,南向,15225元/㎡,2013年建,https://wuhu.esf.fang.com/chushou/3_174994492.htm
410,芜湖,"大学城-弋江嘉园九华南路文昌路,柏庄春暖花开东侧",81㎡,高层（共7层）,弋江嘉园,82万,安徽,2室2厅,南北向,10123元/㎡,2012年建,https://wuhu.esf.fang.com/chushou/3_175050664.htm
411,芜湖,"大学城-弋江嘉园九华南路文昌路,柏庄春暖花开东侧",81㎡,高层（共7层）,弋江嘉园,82万,安徽,2室2厅,南北向,10123元/㎡,2012年建,https://wuhu.esf.fang.com/chushou/3_175050664.htm
412,芜湖,大学城-汇成名郡九华南路东侧(国际会展中心对面),32.23㎡,中层（共23层）,汇成名郡,36.8万,安徽,1室0厅,北向,11418元/㎡,2010年建,https://wuhu.esf.fang.com/chushou/3_176030338.htm
413,芜湖,大学城-汇成名郡九华南路东侧(国际会展中心对面),32.23㎡,中层（共23层）,汇成名郡,36.8万,安徽,1室0厅,北向,11418元/㎡,2010年建,https://wuhu.esf.fang.com/chushou/3_176030338.htm
414,北京,永清-荣盛阿尔卡迪亚永清花语城益田道与榕花路交口,83㎡,低层（共18层）,荣盛阿尔卡迪亚永清花语城,71.6万,直辖市,2室2厅,南向,8627元/㎡,2019年建,https://bj.esf.fang.com/chushou/3_444076079.htm
415,北京,永清-荣盛阿尔卡迪亚永清花语城益田道与榕花路交口,83㎡,低层（共18层）,荣盛阿尔卡迪亚永清花语城,71.6万,直辖市,2室2厅,南向,8627元/㎡,2019年建,https://bj.esf.fang.com/chushou/3_444076079.htm
416,上海,泗泾-新凯家园四期泽悦路326弄、泽悦路325弄、,77㎡,中层（共13层）,新凯家园四期,202万,直辖市,2室1厅,南北向,26234元/㎡,2012年建,https://sh.esf.fang.com/chushou/3_376830146.htm
417,上海,泗泾-新凯家园四期泽悦路326弄、泽悦路325弄、,77㎡,中层（共13层）,新凯家园四期,202万,直辖市,2室1厅,南北向,26234元/㎡,2012年建,https://sh.esf.fang.com/chushou/3_376830146.htm
418,上海,浦江-浦江瑞和城贰街区汇延路59弄,101㎡,高层（共18层）,浦江瑞和城贰街区,300万,直辖市,3室2厅,南北向,29703元/㎡,2014年建,https://sh.esf.fang.com/chushou/3_376934313.htm
419,上海,浦江-浦江瑞和城贰街区汇延路59弄,101㎡,高层（共18层）,浦江瑞和城贰街区,300万,直辖市,3室2厅,南北向,29703元/㎡,2014年建,https://sh.esf.fang.com/chushou/3_376934313.htm
420,上海,南桥-高州路100弄,87㎡,高层（共18层）,金辉天鹅湾,345万,直辖市,3室2厅,南向,39655元/㎡,2016年建,https://sh.esf.fang.com/chushou/3_376849698.htm
421,上海,南桥-高州路100弄,87㎡,高层（共18层）,金辉天鹅湾,345万,直辖市,3室2厅,南向,39655元/㎡,2016年建,https://sh.esf.fang.com/chushou/3_376849698.htm
422,上海,泗泾-金地自在城二期泗祥路518弄,128㎡,中层（共18层）,金地自在城二期,429万,直辖市,3室2厅,南北向,33516元/㎡,2014年建,https://sh.esf.fang.com/chushou/3_376843414.htm
423,上海,泗泾-金地自在城二期泗祥路518弄,128㎡,中层（共18层）,金地自在城二期,429万,直辖市,3室2厅,南北向,33516元/㎡,2014年建,https://sh.esf.fang.com/chushou/3_376843414.htm
424,上海,金汇镇-天和前滩时代万顺路2768弄,79㎡,高层（共18层）,天和前滩时代,208万,直辖市,3室1厅,南向,26329元/㎡,2016年建,https://sh.esf.fang.com/chushou/3_376825648.htm
425,上海,金汇镇-天和前滩时代万顺路2768弄,79㎡,高层（共18层）,天和前滩时代,208万,直辖市,3室1厅,南向,26329元/㎡,2016年建,https://sh.esf.fang.com/chushou/3_376825648.htm
426,上海,泗泾-万业梦立方泗通路688弄,79㎡,低层（共14层）,万业梦立方,303万,直辖市,2室2厅,南北向,38354元/㎡,2017年建,https://sh.esf.fang.com/chushou/3_376776209.htm
427,上海,泗泾-万业梦立方泗通路688弄,79㎡,低层（共14层）,万业梦立方,303万,直辖市,2室2厅,南北向,38354元/㎡,2017年建,https://sh.esf.fang.com/chushou/3_376776209.htm
428,天津,鼓楼街-富力城天霖园西马路与南城街交口东北角,172.45㎡,低层（共26层）,富力城天霖园,759万,直辖市,3室2厅,南北向,44013元/㎡,2006年建,https://tj.esf.fang.com/chushou/3_243874546.htm
429,天津,鼓楼街-富力城天霖园西马路与南城街交口东北角,172.45㎡,低层（共26层）,富力城天霖园,759万,直辖市,3室2厅,南北向,44013元/㎡,2006年建,https://tj.esf.fang.com/chushou/3_243874546.htm
430,合肥,寿春中学-庐州大道与紫云路交口,93㎡,中层（共33层）,万科蓝山,185万,安徽,3室2厅,南北向,19892元/㎡,,https://hf.esf.fang.com/chushou/3_340902480.htm
431,合肥,寿春中学-庐州大道与紫云路交口,93㎡,中层（共33层）,万科蓝山,185万,安徽,3室2厅,南北向,19892元/㎡,,https://hf.esf.fang.com/chushou/3_340902480.htm
432,合肥,南艳湖-合肥市经开区始信路与卧云路交口,87㎡,高层（共26层）,滨湖香江龙韵,125万,安徽,3室2厅,南北向,14368元/㎡,2015年建,https://hf.esf.fang.com/chushou/3_341635010.htm
433,合肥,南艳湖-合肥市经开区始信路与卧云路交口,87㎡,高层（共26层）,滨湖香江龙韵,125万,安徽,3室2厅,南北向,14368元/㎡,2015年建,https://hf.esf.fang.com/chushou/3_341635010.htm
434,合肥,八中-习友路与茂荫路口,97.6㎡,低层（共33层）,融创九重锦,239万,安徽,3室2厅,南北向,24488元/㎡,2010年建,https://hf.esf.fang.com/chushou/3_394572634.htm
435,合肥,八中-习友路与茂荫路口,97.6㎡,低层（共33层）,融创九重锦,239万,安徽,3室2厅,南北向,24488元/㎡,2010年建,https://hf.esf.fang.com/chushou/3_394572634.htm
436,合肥,长江批发市场-长江东大街与花冲路交口西南角,45㎡,中层（共28层）,利港银河之光,35.33万,安徽,2室1厅,南北向,7851元/㎡,2017年建,https://hf.esf.fang.com/chushou/3_387668737.htm
437,合肥,长江批发市场-长江东大街与花冲路交口西南角,45㎡,中层（共28层）,利港银河之光,35.33万,安徽,2室1厅,南北向,7851元/㎡,2017年建,https://hf.esf.fang.com/chushou/3_387668737.htm
438,合肥,和平广场-东一环全椒路和长江东大街交汇处东南角,133㎡,低层（共25层）,恒盛豪庭,258万,安徽,3室2厅,南向,19398元/㎡,2012年建,https://hf.esf.fang.com/chushou/3_395437153.htm
439,合肥,和平广场-东一环全椒路和长江东大街交汇处东南角,133㎡,低层（共25层）,恒盛豪庭,258万,安徽,3室2厅,南向,19398元/㎡,2012年建,https://hf.esf.fang.com/chushou/3_395437153.htm
440,合肥,南艳湖-习友路和石门路交口西北侧,85.8㎡,低层（共24层）,御湖观邸,128万,安徽,2室1厅,南北向,14918元/㎡,2012年建,https://hf.esf.fang.com/chushou/3_391988105.htm
441,合肥,南艳湖-习友路和石门路交口西北侧,85.8㎡,低层（共24层）,御湖观邸,128万,安徽,2室1厅,南北向,14918元/㎡,2012年建,https://hf.esf.fang.com/chushou/3_391988105.htm
442,重庆,鱼洞-巴南区渔洞大江厂家属区,54㎡,中层（共8层）,大江厂家属区,39万,直辖市,2室2厅,南向,7222元/㎡,1998年建,https://cq.esf.fang.com/chushou/3_194486889.htm
443,重庆,鱼洞-巴南区渔洞大江厂家属区,54㎡,中层（共8层）,大江厂家属区,39万,直辖市,2室2厅,南向,7222元/㎡,1998年建,https://cq.esf.fang.com/chushou/3_194486889.htm
444,重庆,上清寺-重庆市渝中区中山二路136号,77.48㎡,中层（共9层）,儿院小区,63万,直辖市,3室1厅,南向,8131元/㎡,2000年建,https://cq.esf.fang.com/chushou/3_194293821.htm
445,重庆,上清寺-重庆市渝中区中山二路136号,77.48㎡,中层（共9层）,儿院小区,63万,直辖市,3室1厅,南向,8131元/㎡,2000年建,https://cq.esf.fang.com/chushou/3_194293821.htm
446,重庆,大学城-大学城南2路166号,74㎡,中层（共20层）,金科廊桥水乡E区,72万,直辖市,2室2厅,东南向,9730元/㎡,2011年建,https://cq.esf.fang.com/chushou/3_194384045.htm
447,重庆,大学城-大学城南2路166号,74㎡,中层（共20层）,金科廊桥水乡E区,72万,直辖市,2室2厅,东南向,9730元/㎡,2011年建,https://cq.esf.fang.com/chushou/3_194384045.htm
448,重庆,洋河片区-洋河二村三号,145㎡,高层（共18层）,满堂红家苑,148万,直辖市,3室2厅,南向,10207元/㎡,2000年建,https://cq.esf.fang.com/chushou/3_194970157.htm
449,重庆,洋河片区-洋河二村三号,145㎡,高层（共18层）,满堂红家苑,148万,直辖市,3室2厅,南向,10207元/㎡,2000年建,https://cq.esf.fang.com/chushou/3_194970157.htm
450,重庆,华岩新城-华岩新城华福大道北段29号(华岩陶瓷市场旁),93㎡,高层（共26层）,恒大雅苑,102万,直辖市,3室2厅,东北向,10968元/㎡,2016年建,https://cq.esf.fang.com/chushou/3_194587793.htm
451,重庆,华岩新城-华岩新城华福大道北段29号(华岩陶瓷市场旁),93㎡,高层（共26层）,恒大雅苑,102万,直辖市,3室2厅,东北向,10968元/㎡,2016年建,https://cq.esf.fang.com/chushou/3_194587793.htm
452,重庆,江北嘴-寰宇天下江北嘴金融CBD核心(大剧院旁),143.73㎡,高层（共46层）,寰宇天下,395万,直辖市,3室2厅,南向,27482元/㎡,2017年建,https://cq.esf.fang.com/chushou/3_194991029.htm
453,重庆,江北嘴-寰宇天下江北嘴金融CBD核心(大剧院旁),143.73㎡,高层（共46层）,寰宇天下,395万,直辖市,3室2厅,南向,27482元/㎡,2017年建,https://cq.esf.fang.com/chushou/3_194991029.htm
454,重庆,茶园新区-江南新城东城大道,129㎡,低层（共8层）,金辉碧桂园雅居乐麓铭府,117万,直辖市,4室2厅,南向,9070元/㎡,2019年建,https://cq.esf.fang.com/chushou/3_194238625.htm
455,重庆,茶园新区-江南新城东城大道,129㎡,低层（共8层）,金辉碧桂园雅居乐麓铭府,117万,直辖市,4室2厅,南向,9070元/㎡,2019年建,https://cq.esf.fang.com/chushou/3_194238625.htm
456,芜湖,大学城-美好首玺中山南路与文津西路交汇处(安徽机电职,95㎡,中层（共17层）,美好首玺,118万,安徽,3室2厅,南向,12421元/㎡,2019年建,https://wuhu.esf.fang.com/chushou/3_175672012.htm
457,芜湖,大学城-美好首玺中山南路与文津西路交汇处(安徽机电职,95㎡,中层（共17层）,美好首玺,118万,安徽,3室2厅,南向,12421元/㎡,2019年建,https://wuhu.esf.fang.com/chushou/3_175672012.htm
458,芜湖,银泰城-区滨江大道与利民路交汇处,220㎡,中层（共43层）,华仑港湾,300万,安徽,4室2厅,南北向,13636元/㎡,2017年建,https://wuhu.esf.fang.com/chushou/3_174956234.htm
459,芜湖,银泰城-区滨江大道与利民路交汇处,220㎡,中层（共43层）,华仑港湾,300万,安徽,4室2厅,南北向,13636元/㎡,2017年建,https://wuhu.esf.fang.com/chushou/3_174956234.htm
460,芜湖,政务文化中心-北京中路与中江大道交汇处西南侧50米,124㎡,低层（共11层）,祥生府,167万,安徽,4室2厅,南向,13468元/㎡,,https://wuhu.esf.fang.com/chushou/3_175702877.htm
461,芜湖,政务文化中心-北京中路与中江大道交汇处西南侧50米,124㎡,低层（共11层）,祥生府,167万,安徽,4室2厅,南向,13468元/㎡,,https://wuhu.esf.fang.com/chushou/3_175702877.htm
462,芜湖,其他-长江北路与广福路交叉口西侧500米,134㎡,中层（共17层）,万科江东府,163万,安徽,3室2厅,南向,12164元/㎡,2019年建,https://wuhu.esf.fang.com/chushou/3_175681937.htm
463,芜湖,其他-长江北路与广福路交叉口西侧500米,134㎡,中层（共17层）,万科江东府,163万,安徽,3室2厅,南向,12164元/㎡,2019年建,https://wuhu.esf.fang.com/chushou/3_175681937.htm
464,芜湖,政务文化中心-阳翰路与鸠江北路交汇处(二十八中北侧),117㎡,低层（共17层）,信达翡丽世家,140万,安徽,3室2厅,南北向,11966元/㎡,2012年建,https://wuhu.esf.fang.com/chushou/3_175659084.htm
465,芜湖,政务文化中心-阳翰路与鸠江北路交汇处(二十八中北侧),117㎡,低层（共17层）,信达翡丽世家,140万,安徽,3室2厅,南北向,11966元/㎡,2012年建,https://wuhu.esf.fang.com/chushou/3_175659084.htm
466,芜湖,政务文化中心-清水镇芜屯城市干道,98㎡,高层（共18层）,金都檀宫,81万,安徽,3室2厅,南北向,8265元/㎡,2010年建,https://wuhu.esf.fang.com/chushou/3_174684452.htm
467,芜湖,政务文化中心-清水镇芜屯城市干道,98㎡,高层（共18层）,金都檀宫,81万,安徽,3室2厅,南北向,8265元/㎡,2010年建,https://wuhu.esf.fang.com/chushou/3_174684452.htm
468,芜湖,大学城-中央城高校园区,99.5㎡,高层（共22层）,中央城,135万,安徽,2室2厅,南向,13568元/㎡,2012年建,https://wuhu.esf.fang.com/chushou/3_175656981.htm
469,芜湖,大学城-中央城高校园区,99.5㎡,高层（共22层）,中央城,135万,安徽,2室2厅,南向,13568元/㎡,2012年建,https://wuhu.esf.fang.com/chushou/3_175656981.htm
470,北京,次渠-永乐店小甸屯村百莱玛工业园对面,78㎡,高层（共22层）,K2十里春风住宅,165万,直辖市,2室2厅,南北向,21154元/㎡,2014年建,https://bj.esf.fang.com/chushou/3_441217730.htm
471,北京,次渠-永乐店小甸屯村百莱玛工业园对面,78㎡,高层（共22层）,K2十里春风住宅,165万,直辖市,2室2厅,南北向,21154元/㎡,2014年建,https://bj.esf.fang.com/chushou/3_441217730.htm
472,北京,"香河-京哈高速香河出口南行,五一路与新华大街交口",45㎡,中层（共25层）,大运河智慧街区,38万,直辖市,1室1厅,南北向,8444元/㎡,2018年建,https://bj.esf.fang.com/chushou/3_437546774.htm
473,北京,"香河-京哈高速香河出口南行,五一路与新华大街交口",45㎡,中层（共25层）,大运河智慧街区,38万,直辖市,1室1厅,南北向,8444元/㎡,2018年建,https://bj.esf.fang.com/chushou/3_437546774.htm
474,北京,怀来-八达岭高速康庄出口(65出口)西南约5公里,67㎡,高层（共12层）,八达岭孔雀城住宅,70万,直辖市,3室2厅,南向,10448元/㎡,2020年建,https://bj.esf.fang.com/chushou/3_444821812.htm
475,北京,怀来-八达岭高速康庄出口(65出口)西南约5公里,67㎡,高层（共12层）,八达岭孔雀城住宅,70万,直辖市,3室2厅,南向,10448元/㎡,2020年建,https://bj.esf.fang.com/chushou/3_444821812.htm
476,北京,太平桥-威尔夏大道丰台华源四里(六里桥东南向太平桥中,106.95㎡,低层（共16层）,威尔夏大道,810万,直辖市,2室1厅,南向,75736元/㎡,2006年建,https://bj.esf.fang.com/chushou/3_444601101.htm
477,北京,太平桥-威尔夏大道丰台华源四里(六里桥东南向太平桥中,106.95㎡,低层（共16层）,威尔夏大道,810万,直辖市,2室1厅,南向,75736元/㎡,2006年建,https://bj.esf.fang.com/chushou/3_444601101.htm
478,北京,固安-北京大兴野生动物园以南3公里路西,112㎡,高层（共11层）,永定河孔雀城英国宫,105万,直辖市,3室2厅,南北向,9375元/㎡,2016年建,https://bj.esf.fang.com/chushou/3_442053348.htm
479,北京,固安-北京大兴野生动物园以南3公里路西,112㎡,高层（共11层）,永定河孔雀城英国宫,105万,直辖市,3室2厅,南北向,9375元/㎡,2016年建,https://bj.esf.fang.com/chushou/3_442053348.htm
480,北京,,,,,,直辖市,,,,,
481,北京,,,,,,直辖市,,,,,
482,上海,康桥-康佳路38弄、康佳路39弄,52㎡,中层（共6层）,康桥月苑,206万,直辖市,1室2厅,南向,39615元/㎡,2009年建,https://sh.esf.fang.com/chushou/3_376605312.htm
483,上海,康桥-康佳路38弄、康佳路39弄,52㎡,中层（共6层）,康桥月苑,206万,直辖市,1室2厅,南向,39615元/㎡,2009年建,https://sh.esf.fang.com/chushou/3_376605312.htm
484,上海,康桥-康桥半岛四期秀沿路1155弄、秀沿路1177,253.32㎡,,康桥半岛四期,1250万,直辖市,,南向,49345元/㎡,,https://sh.esf.fang.com/chushou/10_376227835.htm
485,上海,康桥-康桥半岛四期秀沿路1155弄、秀沿路1177,253.32㎡,,康桥半岛四期,1250万,直辖市,,南向,49345元/㎡,,https://sh.esf.fang.com/chushou/10_376227835.htm
486,上海,金汇镇-朗诗未来街区北行路555弄,74.64㎡,中层（共6层）,朗诗未来街区,240万,直辖市,2室2厅,南北向,32154元/㎡,2015年建,https://sh.esf.fang.com/chushou/3_375969920.htm
487,上海,金汇镇-朗诗未来街区北行路555弄,74.64㎡,中层（共6层）,朗诗未来街区,240万,直辖市,2室2厅,南北向,32154元/㎡,2015年建,https://sh.esf.fang.com/chushou/3_375969920.htm
488,上海,三林-懿行路971弄、和佳路110弄、和佳路105,83㎡,低层（共18层）,东方康德家园,340万,直辖市,2室1厅,南北向,40964元/㎡,2012年建,https://sh.esf.fang.com/chushou/3_367576397.htm
489,上海,三林-懿行路971弄、和佳路110弄、和佳路105,83㎡,低层（共18层）,东方康德家园,340万,直辖市,2室1厅,南北向,40964元/㎡,2012年建,https://sh.esf.fang.com/chushou/3_367576397.htm
490,上海,临港新城-方竹路222弄、方竹路333弄,89㎡,高层（共5层）,滴水湖馨苑,215万,直辖市,3室2厅,南北向,24157元/㎡,2011年建,https://sh.esf.fang.com/chushou/3_350188183.htm
491,上海,临港新城-方竹路222弄、方竹路333弄,89㎡,高层（共5层）,滴水湖馨苑,215万,直辖市,3室2厅,南北向,24157元/㎡,2011年建,https://sh.esf.fang.com/chushou/3_350188183.htm
492,上海,世博-灵岩路79弄、德州路210弄、德州220弄、,34㎡,低层（共6层）,德州五村,150万,直辖市,1室1厅,南向,44118元/㎡,1993年建,https://sh.esf.fang.com/chushou/3_369141743.htm
493,上海,世博-灵岩路79弄、德州路210弄、德州220弄、,34㎡,低层（共6层）,德州五村,150万,直辖市,1室1厅,南向,44118元/㎡,1993年建,https://sh.esf.fang.com/chushou/3_369141743.htm
494,天津,建昌道-嘉畅园杜鹃道与群芳路交口北侧,51㎡,高层（共6层）,嘉畅园,122万,直辖市,1室1厅,南向,23922元/㎡,2010年建,https://tj.esf.fang.com/chushou/3_243902063.htm
495,天津,建昌道-嘉畅园杜鹃道与群芳路交口北侧,51㎡,高层（共6层）,嘉畅园,122万,直辖市,1室1厅,南向,23922元/㎡,2010年建,https://tj.esf.fang.com/chushou/3_243902063.htm
496,天津,"中北镇-旭辉御府中北镇中北大道南侧,海光路西侧",87㎡,中层（共18层）,旭辉御府,180万,直辖市,2室2厅,南北向,20690元/㎡,2016年建,https://tj.esf.fang.com/chushou/3_243605219.htm
497,天津,"中北镇-旭辉御府中北镇中北大道南侧,海光路西侧",87㎡,中层（共18层）,旭辉御府,180万,直辖市,2室2厅,南北向,20690元/㎡,2016年建,https://tj.esf.fang.com/chushou/3_243605219.htm
498,天津,铃铛阁-乐安里红桥区红旗路与芥园道交口,54.56㎡,高层（共5层）,乐安里,120万,直辖市,2室1厅,南北向,21994元/㎡,1976年建,https://tj.esf.fang.com/chushou/3_243883508.htm
499,天津,铃铛阁-乐安里红桥区红旗路与芥园道交口,54.56㎡,高层（共5层）,乐安里,120万,直辖市,2室1厅,南北向,21994元/㎡,1976年建,https://tj.esf.fang.com/chushou/3_243883508.htm
500,天津,南市-和平区荣安大街与广善大街交口东北侧,63.6㎡,高层（共7层）,庆有西里,375万,直辖市,2室1厅,南北向,58962元/㎡,2006年建,https://tj.esf.fang.com/chushou/3_243469881.htm
501,天津,南市-和平区荣安大街与广善大街交口东北侧,63.6㎡,高层（共7层）,庆有西里,375万,直辖市,2室1厅,南北向,58962元/㎡,2006年建,https://tj.esf.fang.com/chushou/3_243469881.htm
502,天津,江都路-隆达新苑河北区革新道通达新苑旁,53.3㎡,中层（共32层）,隆达新苑,100万,直辖市,1室1厅,南向,18762元/㎡,2013年建,https://tj.esf.fang.com/chushou/3_243864398.htm
503,天津,江都路-隆达新苑河北区革新道通达新苑旁,53.3㎡,中层（共32层）,隆达新苑,100万,直辖市,1室1厅,南向,18762元/㎡,2013年建,https://tj.esf.fang.com/chushou/3_243864398.htm
504,合肥,南艳湖-锦绣大道与习友路交汇处,139.5㎡,高层（共11层）,南湖春城,230万,安徽,4室2厅,南北向,16487元/㎡,2012年建,https://hf.esf.fang.com/chushou/3_383232008.htm
505,合肥,南艳湖-锦绣大道与习友路交汇处,139.5㎡,高层（共11层）,南湖春城,230万,安徽,4室2厅,南北向,16487元/㎡,2012年建,https://hf.esf.fang.com/chushou/3_383232008.htm
506,合肥,南艳湖-习友路与慈光路交汇处,117.2㎡,高层（共18层）,南艳滨湖时光,158万,安徽,4室2厅,南北向,13481元/㎡,2007年建,https://hf.esf.fang.com/chushou/3_393797096.htm
507,合肥,南艳湖-习友路与慈光路交汇处,117.2㎡,高层（共18层）,南艳滨湖时光,158万,安徽,4室2厅,南北向,13481元/㎡,2007年建,https://hf.esf.fang.com/chushou/3_393797096.htm
508,合肥,龙岗-临泉东路与吴敬梓路交汇东北,111㎡,中层（共32层）,恒大城,130万,安徽,3室2厅,南向,11712元/㎡,2019年建,https://hf.esf.fang.com/chushou/3_384656298.htm
509,合肥,龙岗-临泉东路与吴敬梓路交汇东北,111㎡,中层（共32层）,恒大城,130万,安徽,3室2厅,南向,11712元/㎡,2019年建,https://hf.esf.fang.com/chushou/3_384656298.htm
510,合肥,寿春中学-庐州大道与紫云路交口,87㎡,低层（共30层）,利港银河广场,150万,安徽,3室2厅,南北向,17241元/㎡,2016年建,https://hf.esf.fang.com/chushou/3_358548891.htm
511,合肥,寿春中学-庐州大道与紫云路交口,87㎡,低层（共30层）,利港银河广场,150万,安徽,3室2厅,南北向,17241元/㎡,2016年建,https://hf.esf.fang.com/chushou/3_358548891.htm
512,合肥,徽园-翠微路与松谷路交叉口,86㎡,中层（共18层）,东海花园,120万,安徽,2室2厅,南向,13953元/㎡,2012年建,https://hf.esf.fang.com/chushou/3_390610930.htm
513,合肥,徽园-翠微路与松谷路交叉口,86㎡,中层（共18层）,东海花园,120万,安徽,2室2厅,南向,13953元/㎡,2012年建,https://hf.esf.fang.com/chushou/3_390610930.htm
514,合肥,龙岗-长江东路与和县里交口,42㎡,高层（共20层）,柏庄金座,37.12万,安徽,2室1厅,南向,8838元/㎡,2018年建,https://hf.esf.fang.com/chushou/3_393218950.htm
515,合肥,龙岗-长江东路与和县里交口,42㎡,高层（共20层）,柏庄金座,37.12万,安徽,2室1厅,南向,8838元/㎡,2018年建,https://hf.esf.fang.com/chushou/3_393218950.htm
516,重庆,西永-西永国际商务区,41㎡,高层（共17层）,首创光和城,42万,直辖市,1室1厅,南北向,10244元/㎡,2015年建,https://cq.esf.fang.com/chushou/3_193907560.htm
517,重庆,西永-西永国际商务区,41㎡,高层（共17层）,首创光和城,42万,直辖市,1室1厅,南北向,10244元/㎡,2015年建,https://cq.esf.fang.com/chushou/3_193907560.htm
518,重庆,两路口-重庆市渝中区两路口健康路46号,99.49㎡,高层（共29层）,花园大厦,105万,直辖市,3室2厅,东向,10554元/㎡,2002年建,https://cq.esf.fang.com/chushou/3_194513040.htm
519,重庆,两路口-重庆市渝中区两路口健康路46号,99.49㎡,高层（共29层）,花园大厦,105万,直辖市,3室2厅,东向,10554元/㎡,2002年建,https://cq.esf.fang.com/chushou/3_194513040.htm
520,重庆,大学城-大学城南二路166号(重庆大学虎溪校区旁),86㎡,低层（共33层）,金科廊桥水乡美丽湾,95万,直辖市,3室2厅,南向,11047元/㎡,2017年建,https://cq.esf.fang.com/chushou/3_193617671.htm
521,重庆,大学城-大学城南二路166号(重庆大学虎溪校区旁),86㎡,低层（共33层）,金科廊桥水乡美丽湾,95万,直辖市,3室2厅,南向,11047元/㎡,2017年建,https://cq.esf.fang.com/chushou/3_193617671.htm
522,重庆,照母山-龙湖九里晴川洋房照母山西金通大道轨道6号线九,429㎡,低层（共3层）,龙湖九里晴川洋房,550万,直辖市,4室2厅,南北向,12821元/㎡,2017年建,https://cq.esf.fang.com/chushou/3_194937827.htm
523,重庆,照母山-龙湖九里晴川洋房照母山西金通大道轨道6号线九,429㎡,低层（共3层）,龙湖九里晴川洋房,550万,直辖市,4室2厅,南北向,12821元/㎡,2017年建,https://cq.esf.fang.com/chushou/3_194937827.htm
524,重庆,大学城-大学城东路往南一路方向320米往南200米处,79㎡,低层（共28层）,协信城立方二期,81万,直辖市,3室2厅,北向,10253元/㎡,2012年建,https://cq.esf.fang.com/chushou/3_194562347.htm
525,重庆,大学城-大学城东路往南一路方向320米往南200米处,79㎡,低层（共28层）,协信城立方二期,81万,直辖市,3室2厅,北向,10253元/㎡,2012年建,https://cq.esf.fang.com/chushou/3_194562347.htm
526,重庆,鱼洞-巴南区鱼洞秦家院280号,67㎡,中层（共18层）,云水苑,62万,直辖市,3室2厅,南向,9254元/㎡,2016年建,https://cq.esf.fang.com/chushou/3_194755592.htm
527,重庆,鱼洞-巴南区鱼洞秦家院280号,67㎡,中层（共18层）,云水苑,62万,直辖市,3室2厅,南向,9254元/㎡,2016年建,https://cq.esf.fang.com/chushou/3_194755592.htm
528,芜湖,政务文化中心-区神山环路以东、神山南路以北、三环路以西、新,39㎡,低层（共21层）,柏庄观邸,25.6万,安徽,1室1厅,南北向,6564元/㎡,2018年建,https://wuhu.esf.fang.com/chushou/3_176013033.htm
529,芜湖,政务文化中心-区神山环路以东、神山南路以北、三环路以西、新,39㎡,低层（共21层）,柏庄观邸,25.6万,安徽,1室1厅,南北向,6564元/㎡,2018年建,https://wuhu.esf.fang.com/chushou/3_176013033.htm
530,芜湖,大砻坊-东方路与湖滨路交叉口西南100米,103㎡,低层（共33层）,东方龙城采薇苑,132万,安徽,3室2厅,南北向,12816元/㎡,2015年建,https://wuhu.esf.fang.com/chushou/3_173032013.htm
531,芜湖,大砻坊-东方路与湖滨路交叉口西南100米,103㎡,低层（共33层）,东方龙城采薇苑,132万,安徽,3室2厅,南北向,12816元/㎡,2015年建,https://wuhu.esf.fang.com/chushou/3_173032013.htm
532,芜湖,大学城-中山南路与文津西路交汇处(安徽机电职业学院东,93㎡,低层（共34层）,美好首玺,110万,安徽,3室2厅,南向,11828元/㎡,,https://wuhu.esf.fang.com/chushou/3_175025142.htm
533,芜湖,大学城-中山南路与文津西路交汇处(安徽机电职业学院东,93㎡,低层（共34层）,美好首玺,110万,安徽,3室2厅,南向,11828元/㎡,,https://wuhu.esf.fang.com/chushou/3_175025142.htm
534,芜湖,银湖-区越秀路与凤鸣湖路交汇处以南,100.2㎡,中层（共11层）,信德华府,105万,安徽,3室2厅,南向,10479元/㎡,2012年建,https://wuhu.esf.fang.com/chushou/3_174252357.htm
535,芜湖,银湖-区越秀路与凤鸣湖路交汇处以南,100.2㎡,中层（共11层）,信德华府,105万,安徽,3室2厅,南向,10479元/㎡,2012年建,https://wuhu.esf.fang.com/chushou/3_174252357.htm
536,北京,长阳-京周路和京良路交汇处西南角(华冠天地西侧),87.62㎡,中层（共11层）,加州水郡西区,235万,直辖市,2室1厅,东南向,26820元/㎡,2010年建,https://bj.esf.fang.com/chushou/3_444804889.htm
537,北京,长阳-京周路和京良路交汇处西南角(华冠天地西侧),87.62㎡,中层（共11层）,加州水郡西区,235万,直辖市,2室1厅,东南向,26820元/㎡,2010年建,https://bj.esf.fang.com/chushou/3_444804889.htm
538,北京,固安-北京大兴野生动物园以南3公里路西,107㎡,中层（共18层）,永定河孔雀城英国宫,100万,直辖市,3室1厅,南北向,9346元/㎡,2016年建,https://bj.esf.fang.com/chushou/3_442053666.htm
539,北京,固安-北京大兴野生动物园以南3公里路西,107㎡,中层（共18层）,永定河孔雀城英国宫,100万,直辖市,3室1厅,南北向,9346元/㎡,2016年建,https://bj.esf.fang.com/chushou/3_442053666.htm
540,北京,金融街-丰侨公寓太平桥大街丰融园15号,60.63㎡,低层（共26层）,丰侨公寓,1200万,直辖市,1室1厅,西向,197922元/㎡,2006年建,https://bj.esf.fang.com/chushou/3_444655380.htm
541,北京,金融街-丰侨公寓太平桥大街丰融园15号,60.63㎡,低层（共26层）,丰侨公寓,1200万,直辖市,1室1厅,西向,197922元/㎡,2006年建,https://bj.esf.fang.com/chushou/3_444655380.htm
542,北京,霸州-温泉新都孔雀城大广高速392号出口(北京新机,125㎡,中层（共24层）,温泉新都孔雀城,90万,直辖市,3室2厅,南北向,7200元/㎡,2017年建,https://bj.esf.fang.com/chushou/3_443903627.htm
543,北京,霸州-温泉新都孔雀城大广高速392号出口(北京新机,125㎡,中层（共24层）,温泉新都孔雀城,90万,直辖市,3室2厅,南北向,7200元/㎡,2017年建,https://bj.esf.fang.com/chushou/3_443903627.htm
544,北京,永清-省道S273高铜线与采留线交汇处北行100米,58㎡,中层（共28层）,空港新都,48万,直辖市,1室1厅,东南向,8276元/㎡,2018年建,https://bj.esf.fang.com/chushou/3_444076918.htm
545,北京,永清-省道S273高铜线与采留线交汇处北行100米,58㎡,中层（共28层）,空港新都,48万,直辖市,1室1厅,东南向,8276元/㎡,2018年建,https://bj.esf.fang.com/chushou/3_444076918.htm
546,北京,怀来-八达岭高速康庄出口(65出口)西南约5公里,56㎡,高层（共12层）,八达岭孔雀城住宅,56万,直辖市,2室2厅,东西向,10000元/㎡,2020年建,https://bj.esf.fang.com/chushou/3_444821205.htm
547,北京,怀来-八达岭高速康庄出口(65出口)西南约5公里,56㎡,高层（共12层）,八达岭孔雀城住宅,56万,直辖市,2室2厅,东西向,10000元/㎡,2020年建,https://bj.esf.fang.com/chushou/3_444821205.htm
548,上海,华泾-龙吟路500弄、龙吟路452弄、 龙吟路50,43㎡,低层（共6层）,紫阳花苑,185万,直辖市,1室1厅,南向,43023元/㎡,1996年建,https://sh.esf.fang.com/chushou/3_363400234.htm
549,上海,华泾-龙吟路500弄、龙吟路452弄、 龙吟路50,43㎡,低层（共6层）,紫阳花苑,185万,直辖市,1室1厅,南向,43023元/㎡,1996年建,https://sh.esf.fang.com/chushou/3_363400234.htm
550,上海,三林-林展路267弄,67.2㎡,中层（共23层）,城林雅苑,270万,直辖市,2室1厅,南向,40179元/㎡,2014年建,https://sh.esf.fang.com/chushou/3_368352451.htm
551,上海,三林-林展路267弄,67.2㎡,中层（共23层）,城林雅苑,270万,直辖市,2室1厅,南向,40179元/㎡,2014年建,https://sh.esf.fang.com/chushou/3_368352451.htm
552,上海,南桥-南桥贝港南区1-4号、101-131号、20,81.6㎡,中层（共6层）,贝港南区,178万,直辖市,3室1厅,南向,21814元/㎡,1996年建,https://sh.esf.fang.com/chushou/3_370967849.htm
553,上海,南桥-南桥贝港南区1-4号、101-131号、20,81.6㎡,中层（共6层）,贝港南区,178万,直辖市,3室1厅,南向,21814元/㎡,1996年建,https://sh.esf.fang.com/chushou/3_370967849.htm
554,上海,颛桥-丰顺路645弄、贵都路158弄,43.94㎡,低层（共6层）,兴银花园,197万,直辖市,1室1厅,南向,44834元/㎡,1995年建,https://sh.esf.fang.com/chushou/3_371411386.htm
555,上海,颛桥-丰顺路645弄、贵都路158弄,43.94㎡,低层（共6层）,兴银花园,197万,直辖市,1室1厅,南向,44834元/㎡,1995年建,https://sh.esf.fang.com/chushou/3_371411386.htm
556,上海,金汇镇-北行路555弄,67.8㎡,高层（共5层）,朗诗未来街区,203万,直辖市,2室2厅,南北向,29941元/㎡,2016年建,https://sh.esf.fang.com/chushou/3_370616119.htm
557,上海,金汇镇-北行路555弄,67.8㎡,高层（共5层）,朗诗未来街区,203万,直辖市,2室2厅,南北向,29941元/㎡,2016年建,https://sh.esf.fang.com/chushou/3_370616119.htm
558,上海,阳城-沪太路1329弄,78.32㎡,中层（共15层）,龙盛佳苑,460万,直辖市,2室1厅,南北向,58733元/㎡,2011年建,https://sh.esf.fang.com/chushou/3_369422491.htm
559,上海,阳城-沪太路1329弄,78.32㎡,中层（共15层）,龙盛佳苑,460万,直辖市,2室1厅,南北向,58733元/㎡,2011年建,https://sh.esf.fang.com/chushou/3_369422491.htm
560,天津,,,,,,直辖市,,,,,
561,天津,,,,,,直辖市,,,,,
562,天津,"中北镇-旭辉御府中北镇中北大道南侧,海光路西侧",83.33㎡,中层（共23层）,旭辉御府,175万,直辖市,2室2厅,南向,21001元/㎡,2017年建,https://tj.esf.fang.com/chushou/3_243836220.htm
563,天津,"中北镇-旭辉御府中北镇中北大道南侧,海光路西侧",83.33㎡,中层（共23层）,旭辉御府,175万,直辖市,2室2厅,南向,21001元/㎡,2017年建,https://tj.esf.fang.com/chushou/3_243836220.htm
564,天津,鼓楼街-中新城上城二期尚佳新苑城厢中路与北马路交口西,124.9㎡,中层（共30层）,中新城上城二期尚佳新苑,610万,直辖市,3室2厅,南向,48839元/㎡,2011年建,https://tj.esf.fang.com/chushou/3_243747203.htm
565,天津,鼓楼街-中新城上城二期尚佳新苑城厢中路与北马路交口西,124.9㎡,中层（共30层）,中新城上城二期尚佳新苑,610万,直辖市,3室2厅,南向,48839元/㎡,2011年建,https://tj.esf.fang.com/chushou/3_243747203.htm
566,天津,广开街-天津市南开区黄河道与富辛庄大街交口西北侧,29.46㎡,低层（共7层）,级升里,115万,直辖市,1室1厅,西向,39036元/㎡,1990年建,https://tj.esf.fang.com/chushou/3_242764233.htm
567,天津,广开街-天津市南开区黄河道与富辛庄大街交口西北侧,29.46㎡,低层（共7层）,级升里,115万,直辖市,1室1厅,西向,39036元/㎡,1990年建,https://tj.esf.fang.com/chushou/3_242764233.htm
568,天津,新港-中国塘塘沽中央大道与新港四号路交汇处,114㎡,中层（共25层）,中国塘,201万,直辖市,3室2厅,南北向,17632元/㎡,2017年建,https://tj.esf.fang.com/chushou/3_243585093.htm
569,天津,新港-中国塘塘沽中央大道与新港四号路交汇处,114㎡,中层（共25层）,中国塘,201万,直辖市,3室2厅,南北向,17632元/㎡,2017年建,https://tj.esf.fang.com/chushou/3_243585093.htm
570,天津,劝业场街-MIFC和平翰林公馆滨江道与南京路交口,46㎡,中层（共46层）,MIFC和平翰林公馆,285万,直辖市,1室1厅,南向,61957元/㎡,2018年建,https://tj.esf.fang.com/chushou/3_243514553.htm
571,天津,劝业场街-MIFC和平翰林公馆滨江道与南京路交口,46㎡,中层（共46层）,MIFC和平翰林公馆,285万,直辖市,1室1厅,南向,61957元/㎡,2018年建,https://tj.esf.fang.com/chushou/3_243514553.htm
572,天津,劝业场街-MIFC和平翰林公馆滨江道与南京路交口,61㎡,高层（共46层）,MIFC和平翰林公馆,350万,直辖市,1室1厅,东向,57377元/㎡,2020年建,https://tj.esf.fang.com/chushou/3_243664194.htm
573,天津,劝业场街-MIFC和平翰林公馆滨江道与南京路交口,61㎡,高层（共46层）,MIFC和平翰林公馆,350万,直辖市,1室1厅,东向,57377元/㎡,2020年建,https://tj.esf.fang.com/chushou/3_243664194.htm
574,合肥,望潜路口-潜山路与望江路交口,135㎡,中层（共33层）,华地学府名都,290万,安徽,4室2厅,南北向,21481元/㎡,2011年建,https://hf.esf.fang.com/chushou/3_393209431.htm
575,合肥,望潜路口-潜山路与望江路交口,135㎡,中层（共33层）,华地学府名都,290万,安徽,4室2厅,南北向,21481元/㎡,2011年建,https://hf.esf.fang.com/chushou/3_393209431.htm
576,合肥,龙岗-包公大道和大众路交汇处,88.6㎡,中层（共28层）,保利罗兰春天,109万,安徽,3室2厅,南北向,12302元/㎡,,https://hf.esf.fang.com/chushou/3_396637762.htm
577,合肥,龙岗-包公大道和大众路交汇处,88.6㎡,中层（共28层）,保利罗兰春天,109万,安徽,3室2厅,南北向,12302元/㎡,,https://hf.esf.fang.com/chushou/3_396637762.htm
578,合肥,南艳湖-始信路与方兴大道交口东北角,89㎡,高层（共30层）,远大尚林苑,146万,安徽,3室2厅,南北向,16404元/㎡,,https://hf.esf.fang.com/chushou/3_394204512.htm
579,合肥,南艳湖-始信路与方兴大道交口东北角,89㎡,高层（共30层）,远大尚林苑,146万,安徽,3室2厅,南北向,16404元/㎡,,https://hf.esf.fang.com/chushou/3_394204512.htm
580,合肥,桃花-繁华大道与飞虎路交叉口西北角,96㎡,高层（共11层）,东冠繁华逸城,135万,安徽,3室2厅,南北向,14062元/㎡,2016年建,https://hf.esf.fang.com/chushou/3_391975436.htm
581,合肥,桃花-繁华大道与飞虎路交叉口西北角,96㎡,高层（共11层）,东冠繁华逸城,135万,安徽,3室2厅,南北向,14062元/㎡,2016年建,https://hf.esf.fang.com/chushou/3_391975436.htm
582,合肥,省人大-繁华大道与重庆路交口,51㎡,高层（共24层）,南翔汽车智慧新城,39万,安徽,2室1厅,南北向,7647元/㎡,2017年建,https://hf.esf.fang.com/chushou/3_393024512.htm
583,合肥,省人大-繁华大道与重庆路交口,51㎡,高层（共24层）,南翔汽车智慧新城,39万,安徽,2室1厅,南北向,7647元/㎡,2017年建,https://hf.esf.fang.com/chushou/3_393024512.htm
584,合肥,高速滨湖时代广场-华山路与紫云路交口东北,168㎡,低层（共26层）,徽盐世纪广场,340万,安徽,4室2厅,南北向,20238元/㎡,2016年建,https://hf.esf.fang.com/chushou/3_322203683.htm
585,合肥,高速滨湖时代广场-华山路与紫云路交口东北,168㎡,低层（共26层）,徽盐世纪广场,340万,安徽,4室2厅,南北向,20238元/㎡,2016年建,https://hf.esf.fang.com/chushou/3_322203683.htm
586,重庆,龙兴-渝北两江新区·龙兴,103㎡,中层（共8层）,龙湖长滩原麓洋房,116万,直辖市,3室2厅,南北向,11262元/㎡,2019年建,https://cq.esf.fang.com/chushou/3_194340862.htm
587,重庆,龙兴-渝北两江新区·龙兴,103㎡,中层（共8层）,龙湖长滩原麓洋房,116万,直辖市,3室2厅,南北向,11262元/㎡,2019年建,https://cq.esf.fang.com/chushou/3_194340862.htm
588,重庆,弹子石-弹子石腾龙大道洋人街转盘,32㎡,高层（共39层）,华润凯旋天地,46万,直辖市,1室1厅,东南向,14375元/㎡,2017年建,https://cq.esf.fang.com/chushou/3_195000474.htm
589,重庆,弹子石-弹子石腾龙大道洋人街转盘,32㎡,高层（共39层）,华润凯旋天地,46万,直辖市,1室1厅,东南向,14375元/㎡,2017年建,https://cq.esf.fang.com/chushou/3_195000474.htm
590,重庆,大竹林-大竹林(国家电网大楼左侧),95㎡,低层（共32层）,江与城江城时光,190万,直辖市,3室1厅,东北向,20000元/㎡,2015年建,https://cq.esf.fang.com/chushou/3_194762405.htm
591,重庆,大竹林-大竹林(国家电网大楼左侧),95㎡,低层（共32层）,江与城江城时光,190万,直辖市,3室1厅,东北向,20000元/㎡,2015年建,https://cq.esf.fang.com/chushou/3_194762405.htm
592,重庆,照母山-金山大道28号,138.1㎡,中层（共32层）,万科城,190万,直辖市,4室2厅,南向,13758元/㎡,2014年建,https://cq.esf.fang.com/chushou/3_194819740.htm
593,重庆,照母山-金山大道28号,138.1㎡,中层（共32层）,万科城,190万,直辖市,4室2厅,南向,13758元/㎡,2014年建,https://cq.esf.fang.com/chushou/3_194819740.htm
594,重庆,悦来-阳光路(国际博览中心旁),75㎡,低层（共32层）,首地江山赋,100万,直辖市,2室2厅,南北向,13333元/㎡,2017年建,https://cq.esf.fang.com/chushou/3_188238436.htm
595,重庆,悦来-阳光路(国际博览中心旁),75㎡,低层（共32层）,首地江山赋,100万,直辖市,2室2厅,南北向,13333元/㎡,2017年建,https://cq.esf.fang.com/chushou/3_188238436.htm
596,重庆,解放碑-重庆市渝中区解放碑七星岗上海一百楼上,120㎡,低层（共33层）,渝海城,148万,直辖市,3室2厅,南北向,12333元/㎡,2000年建,https://cq.esf.fang.com/chushou/3_194791173.htm
597,重庆,解放碑-重庆市渝中区解放碑七星岗上海一百楼上,120㎡,低层（共33层）,渝海城,148万,直辖市,3室2厅,南北向,12333元/㎡,2000年建,https://cq.esf.fang.com/chushou/3_194791173.htm
598,北京,广安门-蝶翠华庭广外大街305号,108㎡,高层（共29层）,蝶翠华庭,960万,直辖市,2室1厅,西南向,88889元/㎡,2009年建,https://bj.esf.fang.com/chushou/3_444861300.htm
599,北京,广安门-蝶翠华庭广外大街305号,108㎡,高层（共29层）,蝶翠华庭,960万,直辖市,2室1厅,西南向,88889元/㎡,2009年建,https://bj.esf.fang.com/chushou/3_444861300.htm
600,北京,广安门-荣丰2008广安门外大街305号院,33.89㎡,高层（共20层）,荣丰2008,435万,直辖市,1室1厅,东南向,128356元/㎡,2005年建,https://bj.esf.fang.com/chushou/3_444624777.htm
601,北京,广安门-荣丰2008广安门外大街305号院,33.89㎡,高层（共20层）,荣丰2008,435万,直辖市,1室1厅,东南向,128356元/㎡,2005年建,https://bj.esf.fang.com/chushou/3_444624777.htm
602,北京,玉泉营-丰台东路与芳菲路交汇处西行130米路南,127.01㎡,低层（共9层）,万年花城二期,820万,直辖市,3室2厅,南北向,64562元/㎡,2005年建,https://bj.esf.fang.com/chushou/3_444770832.htm
603,北京,玉泉营-丰台东路与芳菲路交汇处西行130米路南,127.01㎡,低层（共9层）,万年花城二期,820万,直辖市,3室2厅,南北向,64562元/㎡,2005年建,https://bj.esf.fang.com/chushou/3_444770832.htm
604,北京,大厂-潮白河畔东岸,189㎡,,潮白河孔雀城,350万,直辖市,,南向,18519元/㎡,,https://bj.esf.fang.com/chushou/10_444162876.htm
605,北京,大厂-潮白河畔东岸,189㎡,,潮白河孔雀城,350万,直辖市,,南向,18519元/㎡,,https://bj.esf.fang.com/chushou/10_444162876.htm
606,北京,固安-北京大兴野生动物园以南3公里路西,112.72㎡,高层（共12层）,永定河孔雀城英国宫,105万,直辖市,3室2厅,南北向,9315元/㎡,2016年建,https://bj.esf.fang.com/chushou/3_442053811.htm
607,北京,固安-北京大兴野生动物园以南3公里路西,112.72㎡,高层（共12层）,永定河孔雀城英国宫,105万,直辖市,3室2厅,南北向,9315元/㎡,2016年建,https://bj.esf.fang.com/chushou/3_442053811.htm
608,北京,田村-碧森里田村旱河路阜石路交叉口,91.25㎡,低层（共9层）,碧森里,668万,直辖市,2室1厅,南北向,73205元/㎡,2004年建,https://bj.esf.fang.com/chushou/3_444854503.htm
609,北京,田村-碧森里田村旱河路阜石路交叉口,91.25㎡,低层（共9层）,碧森里,668万,直辖市,2室1厅,南北向,73205元/㎡,2004年建,https://bj.esf.fang.com/chushou/3_444854503.htm
610,上海,嘉定城区-博乐路252弄,88.6㎡,中层（共7层）,李园二村,235万,直辖市,2室2厅,南北向,26524元/㎡,1987年建,https://sh.esf.fang.com/chushou/3_363342943.htm
611,上海,嘉定城区-博乐路252弄,88.6㎡,中层（共7层）,李园二村,235万,直辖市,2室2厅,南北向,26524元/㎡,1987年建,https://sh.esf.fang.com/chushou/3_363342943.htm
612,上海,淞南-淞南五村,62.95㎡,中层（共6层）,淞南五村,237万,直辖市,2室1厅,南向,37649元/㎡,1995年建,https://sh.esf.fang.com/chushou/3_370578742.htm
613,上海,淞南-淞南五村,62.95㎡,中层（共6层）,淞南五村,237万,直辖市,2室1厅,南向,37649元/㎡,1995年建,https://sh.esf.fang.com/chushou/3_370578742.htm
614,上海,松江新城-辰塔路1655弄,210.37㎡,,英郡别院,989万,直辖市,,南向,47012元/㎡,,https://sh.esf.fang.com/chushou/10_371533128.htm
615,上海,松江新城-辰塔路1655弄,210.37㎡,,英郡别院,989万,直辖市,,南向,47012元/㎡,,https://sh.esf.fang.com/chushou/10_371533128.htm
616,上海,镇宁路-镇宁路9号,155.15㎡,低层（共30层）,东方雅苑,1420万,直辖市,3室2厅,东南向,91524元/㎡,2000年建,https://sh.esf.fang.com/chushou/3_361932766.htm
617,上海,镇宁路-镇宁路9号,155.15㎡,低层（共30层）,东方雅苑,1420万,直辖市,3室2厅,东南向,91524元/㎡,2000年建,https://sh.esf.fang.com/chushou/3_361932766.htm
618,上海,世博-上南路1251弄,52㎡,高层（共1层）,上南四村,245万,直辖市,2室1厅,南北向,47115元/㎡,1991年建,https://sh.esf.fang.com/chushou/3_370817716.htm
619,上海,世博-上南路1251弄,52㎡,高层（共1层）,上南四村,245万,直辖市,2室1厅,南北向,47115元/㎡,1991年建,https://sh.esf.fang.com/chushou/3_370817716.htm
620,上海,大华-华灵路880弄、华灵路680弄、华灵路630,95㎡,中层（共6层）,大华一村,450万,直辖市,3室2厅,南北向,47368元/㎡,1996年建,https://sh.esf.fang.com/chushou/3_369927011.htm
621,上海,大华-华灵路880弄、华灵路680弄、华灵路630,95㎡,中层（共6层）,大华一村,450万,直辖市,3室2厅,南北向,47368元/㎡,1996年建,https://sh.esf.fang.com/chushou/3_369927011.htm
622,天津,新港-富贵嘉园新港路与新港一号路交口北侧,91㎡,中层（共28层）,富贵嘉园,157万,直辖市,2室2厅,南北向,17253元/㎡,2011年建,https://tj.esf.fang.com/chushou/3_243623067.htm
623,天津,新港-富贵嘉园新港路与新港一号路交口北侧,91㎡,中层（共28层）,富贵嘉园,157万,直辖市,2室2厅,南北向,17253元/㎡,2011年建,https://tj.esf.fang.com/chushou/3_243623067.htm
624,天津,梅江-天津全运村洞庭路与渌水道交口,139.57㎡,高层（共28层）,天津全运村,515万,直辖市,3室2厅,南北向,36899元/㎡,2017年建,https://tj.esf.fang.com/chushou/3_243806302.htm
625,天津,梅江-天津全运村洞庭路与渌水道交口,139.57㎡,高层（共28层）,天津全运村,515万,直辖市,3室2厅,南北向,36899元/㎡,2017年建,https://tj.esf.fang.com/chushou/3_243806302.htm
626,天津,梅江-金侨新梅江壹号解放南路东侧新梅江卫津河公园与,89㎡,中层（共24层）,金侨新梅江壹号,310万,直辖市,2室2厅,南向,34831元/㎡,2016年建,https://tj.esf.fang.com/chushou/3_243876737.htm
627,天津,梅江-金侨新梅江壹号解放南路东侧新梅江卫津河公园与,89㎡,中层（共24层）,金侨新梅江壹号,310万,直辖市,2室2厅,南向,34831元/㎡,2016年建,https://tj.esf.fang.com/chushou/3_243876737.htm
628,天津,响螺湾-中心商务区安阳道与庆盛道交口东南侧。,131㎡,中层（共31层）,合景誉峰,240万,直辖市,4室2厅,南北向,18321元/㎡,2018年建,https://tj.esf.fang.com/chushou/3_242814559.htm
629,天津,响螺湾-中心商务区安阳道与庆盛道交口东南侧。,131㎡,中层（共31层）,合景誉峰,240万,直辖市,4室2厅,南北向,18321元/㎡,2018年建,https://tj.esf.fang.com/chushou/3_242814559.htm
630,天津,马场街-友谊路与宾友道交口西北侧,57.41㎡,高层（共5层）,新闻里,240万,直辖市,2室1厅,南向,41805元/㎡,1997年建,https://tj.esf.fang.com/chushou/3_243832895.htm
631,天津,马场街-友谊路与宾友道交口西北侧,57.41㎡,高层（共5层）,新闻里,240万,直辖市,2室1厅,南向,41805元/㎡,1997年建,https://tj.esf.fang.com/chushou/3_243832895.htm
632,天津,"华明镇-津滨大道北侧,津昆桥与雪莲桥之间",93㎡,低层（共18层）,舒畅嘉园,149万,直辖市,2室2厅,南北向,16022元/㎡,2013年建,https://tj.esf.fang.com/chushou/3_243795137.htm
633,天津,"华明镇-津滨大道北侧,津昆桥与雪莲桥之间",93㎡,低层（共18层）,舒畅嘉园,149万,直辖市,2室2厅,南北向,16022元/㎡,2013年建,https://tj.esf.fang.com/chushou/3_243795137.htm
634,合肥,南艳湖-锦绣大道与习友路交汇处,77.29㎡,高层（共18层）,南湖春城,123万,安徽,2室2厅,南北向,15914元/㎡,2012年建,https://hf.esf.fang.com/chushou/3_372154344.htm
635,合肥,南艳湖-锦绣大道与习友路交汇处,77.29㎡,高层（共18层）,南湖春城,123万,安徽,2室2厅,南北向,15914元/㎡,2012年建,https://hf.esf.fang.com/chushou/3_372154344.htm
636,合肥,生态公园-淮海大道与大众路交口,95㎡,中层（共11层）,正荣·悦都荟,135万,安徽,3室2厅,南北向,14211元/㎡,,https://hf.esf.fang.com/chushou/3_395230561.htm
637,合肥,生态公园-淮海大道与大众路交口,95㎡,中层（共11层）,正荣·悦都荟,135万,安徽,3室2厅,南北向,14211元/㎡,,https://hf.esf.fang.com/chushou/3_395230561.htm
638,合肥,文化旅游城-庐州大道与丙铺路交口,88㎡,中层（共20层）,万达亲湖苑,148万,安徽,2室2厅,南北向,16818元/㎡,2016年建,https://hf.esf.fang.com/chushou/3_353808072.htm
639,合肥,文化旅游城-庐州大道与丙铺路交口,88㎡,中层（共20层）,万达亲湖苑,148万,安徽,2室2厅,南北向,16818元/㎡,2016年建,https://hf.esf.fang.com/chushou/3_353808072.htm
640,合肥,临泉东路-临泉东路与和县路交叉口东西两侧,100㎡,中层（共25层）,万达华府,106万,安徽,3室2厅,南向,10600元/㎡,2019年建,https://hf.esf.fang.com/chushou/3_395566319.htm
641,合肥,临泉东路-临泉东路与和县路交叉口东西两侧,100㎡,中层（共25层）,万达华府,106万,安徽,3室2厅,南向,10600元/㎡,2019年建,https://hf.esf.fang.com/chushou/3_395566319.htm
642,合肥,南艳湖-锦绣大道与习友路交汇处,76.08㎡,低层（共26层）,南湖春城,125万,安徽,2室2厅,南北向,16430元/㎡,2012年建,https://hf.esf.fang.com/chushou/3_394166260.htm
643,合肥,南艳湖-锦绣大道与习友路交汇处,76.08㎡,低层（共26层）,南湖春城,125万,安徽,2室2厅,南北向,16430元/㎡,2012年建,https://hf.esf.fang.com/chushou/3_394166260.htm
644,合肥,望潜路口-潜山路与望江路交口,133.83㎡,高层（共34层）,华地学府名都,310万,安徽,3室2厅,南北向,23164元/㎡,2011年建,https://hf.esf.fang.com/chushou/3_393284938.htm
645,合肥,望潜路口-潜山路与望江路交口,133.83㎡,高层（共34层）,华地学府名都,310万,安徽,3室2厅,南北向,23164元/㎡,2011年建,https://hf.esf.fang.com/chushou/3_393284938.htm
646,重庆,大学城-陈家桥地铁站旁,81㎡,高层（共35层）,富力城院士廷,75.6万,直辖市,2室2厅,北向,9333元/㎡,,https://cq.esf.fang.com/chushou/3_193733806.htm
647,重庆,大学城-陈家桥地铁站旁,81㎡,高层（共35层）,富力城院士廷,75.6万,直辖市,2室2厅,北向,9333元/㎡,,https://cq.esf.fang.com/chushou/3_193733806.htm
648,重庆,空港新城-腾芳大道同盛路7号,91㎡,低层（共32层）,中航翡翠城,130万,直辖市,3室2厅,南向,14286元/㎡,2016年建,https://cq.esf.fang.com/chushou/3_194936231.htm
649,重庆,空港新城-腾芳大道同盛路7号,91㎡,低层（共32层）,中航翡翠城,130万,直辖市,3室2厅,南向,14286元/㎡,2016年建,https://cq.esf.fang.com/chushou/3_194936231.htm
650,重庆,解放碑-中山一路6号(七星岗车站旁),110.45㎡,高层（共42层）,财信渝中城,230万,直辖市,3室2厅,南向,20824元/㎡,2017年建,https://cq.esf.fang.com/chushou/3_194936670.htm
651,重庆,解放碑-中山一路6号(七星岗车站旁),110.45㎡,高层（共42层）,财信渝中城,230万,直辖市,3室2厅,南向,20824元/㎡,2017年建,https://cq.esf.fang.com/chushou/3_194936670.htm
652,重庆,南滨路-泰昌路69号,300㎡,低层（共48层）,长嘉汇两江峯,720万,直辖市,5室3厅,南向,24000元/㎡,2016年建,https://cq.esf.fang.com/chushou/3_194421777.htm
653,重庆,南滨路-泰昌路69号,300㎡,低层（共48层）,长嘉汇两江峯,720万,直辖市,5室3厅,南向,24000元/㎡,2016年建,https://cq.esf.fang.com/chushou/3_194421777.htm
654,重庆,大学城-陈家桥地铁站旁,81㎡,低层（共33层）,富力城院士廷,76万,直辖市,2室2厅,北向,9383元/㎡,2017年建,https://cq.esf.fang.com/chushou/3_193665028.htm
655,重庆,大学城-陈家桥地铁站旁,81㎡,低层（共33层）,富力城院士廷,76万,直辖市,2室2厅,北向,9383元/㎡,2017年建,https://cq.esf.fang.com/chushou/3_193665028.htm
656,重庆,照母山-渝北星光大道延长线旁(照母山植物园旁),98㎡,高层（共33层）,融创凡尔赛领馆二期,148万,直辖市,3室2厅,南向,15102元/㎡,2016年建,https://cq.esf.fang.com/chushou/3_194770624.htm
657,重庆,照母山-渝北星光大道延长线旁(照母山植物园旁),98㎡,高层（共33层）,融创凡尔赛领馆二期,148万,直辖市,3室2厅,南向,15102元/㎡,2016年建,https://cq.esf.fang.com/chushou/3_194770624.htm
658,北京,玉泉营-丰台东路与芳菲路交汇处西行130米路南,94.04㎡,中层（共10层）,万年花城二期,635万,直辖市,2室1厅,南北向,67524元/㎡,2006年建,https://bj.esf.fang.com/chushou/3_444715571.htm
659,北京,玉泉营-丰台东路与芳菲路交汇处西行130米路南,94.04㎡,中层（共10层）,万年花城二期,635万,直辖市,2室1厅,南北向,67524元/㎡,2006年建,https://bj.esf.fang.com/chushou/3_444715571.htm
660,北京,回龙观-回龙观东区旺角龙锦三街北侧,118.84㎡,低层（共6层）,和谐家园一区,508万,直辖市,3室2厅,南北向,42747元/㎡,2005年建,https://bj.esf.fang.com/chushou/3_444274993.htm
661,北京,回龙观-回龙观东区旺角龙锦三街北侧,118.84㎡,低层（共6层）,和谐家园一区,508万,直辖市,3室2厅,南北向,42747元/㎡,2005年建,https://bj.esf.fang.com/chushou/3_444274993.htm
662,北京,广安门-红山世家广安门外大街305号,94㎡,高层（共26层）,红山世家,1045万,直辖市,2室2厅,东南向,111170元/㎡,2013年建,https://bj.esf.fang.com/chushou/3_444624194.htm
663,北京,广安门-红山世家广安门外大街305号,94㎡,高层（共26层）,红山世家,1045万,直辖市,2室2厅,东南向,111170元/㎡,2013年建,https://bj.esf.fang.com/chushou/3_444624194.htm
664,北京,永清-省道S273高铜线与采留线交汇处北行100米,83㎡,低层（共18层）,空港新都,75万,直辖市,2室2厅,南北向,9036元/㎡,2019年建,https://bj.esf.fang.com/chushou/3_444173556.htm
665,北京,永清-省道S273高铜线与采留线交汇处北行100米,83㎡,低层（共18层）,空港新都,75万,直辖市,2室2厅,南北向,9036元/㎡,2019年建,https://bj.esf.fang.com/chushou/3_444173556.htm
666,北京,广安门-远见名苑红居北街与莲花河东侧路交叉点东北角,48.96㎡,高层（共21层）,远见名苑,425万,直辖市,1室1厅,北向,86806元/㎡,2006年建,https://bj.esf.fang.com/chushou/3_444723404.htm
667,北京,广安门-远见名苑红居北街与莲花河东侧路交叉点东北角,48.96㎡,高层（共21层）,远见名苑,425万,直辖市,1室1厅,北向,86806元/㎡,2006年建,https://bj.esf.fang.com/chushou/3_444723404.htm
668,上海,淞南-淞南七村1-213号,65.3㎡,中层（共6层）,淞南七村,243万,直辖市,2室1厅,南向,37213元/㎡,1997年建,https://sh.esf.fang.com/chushou/3_370505512.htm
669,上海,淞南-淞南七村1-213号,65.3㎡,中层（共6层）,淞南七村,243万,直辖市,2室1厅,南向,37213元/㎡,1997年建,https://sh.esf.fang.com/chushou/3_370505512.htm
670,上海,顾村-苏家浜路435弄,75.7㎡,中层（共6层）,宝顾佳苑,252万,直辖市,2室1厅,南北向,33289元/㎡,2012年建,https://sh.esf.fang.com/chushou/3_368030816.htm
671,上海,顾村-苏家浜路435弄,75.7㎡,中层（共6层）,宝顾佳苑,252万,直辖市,2室1厅,南北向,33289元/㎡,2012年建,https://sh.esf.fang.com/chushou/3_368030816.htm
672,上海,春申-银都路759弄,626㎡,,银都名墅,4000万,直辖市,,南向,63898元/㎡,,https://sh.esf.fang.com/chushou/10_369940230.htm
673,上海,春申-银都路759弄,626㎡,,银都名墅,4000万,直辖市,,南向,63898元/㎡,,https://sh.esf.fang.com/chushou/10_369940230.htm
674,上海,大华-真华路1030弄,96㎡,中层（共18层）,大华铂金华府,620万,直辖市,2室2厅,南向,64583元/㎡,2010年建,https://sh.esf.fang.com/chushou/3_371044494.htm
675,上海,大华-真华路1030弄,96㎡,中层（共18层）,大华铂金华府,620万,直辖市,2室2厅,南向,64583元/㎡,2010年建,https://sh.esf.fang.com/chushou/3_371044494.htm
676,上海,古北-中山西路1350号,145㎡,高层（共36层）,中星美华邨,1160万,直辖市,3室2厅,东向,80000元/㎡,2015年建,https://sh.esf.fang.com/chushou/3_368985096.htm
677,上海,古北-中山西路1350号,145㎡,高层（共36层）,中星美华邨,1160万,直辖市,3室2厅,东向,80000元/㎡,2015年建,https://sh.esf.fang.com/chushou/3_368985096.htm
678,上海,莘闵别墅-莘松路1500弄,110.6㎡,高层（共5层）,荣盛名邸,350万,直辖市,3室2厅,南北向,31646元/㎡,2005年建,https://sh.esf.fang.com/chushou/3_369308415.htm
679,上海,莘闵别墅-莘松路1500弄,110.6㎡,高层（共5层）,荣盛名邸,350万,直辖市,3室2厅,南北向,31646元/㎡,2005年建,https://sh.esf.fang.com/chushou/3_369308415.htm
680,天津,响螺湾-中心商务区安阳道与庆盛道交口东南侧。,131㎡,高层（共31层）,合景誉峰,213万,直辖市,3室2厅,南北向,16260元/㎡,2019年建,https://tj.esf.fang.com/chushou/3_242434567.htm
681,天津,响螺湾-中心商务区安阳道与庆盛道交口东南侧。,131㎡,高层（共31层）,合景誉峰,213万,直辖市,3室2厅,南北向,16260元/㎡,2019年建,https://tj.esf.fang.com/chushou/3_242434567.htm
682,天津,中新生态城-鼓浪水镇中心渔港鲤鱼门鼓浪水镇,55㎡,高层（共21层）,鼓浪水镇,46万,直辖市,1室1厅,南向,8364元/㎡,2017年建,https://tj.esf.fang.com/chushou/3_243874192.htm
683,天津,中新生态城-鼓浪水镇中心渔港鲤鱼门鼓浪水镇,55㎡,高层（共21层）,鼓浪水镇,46万,直辖市,1室1厅,南向,8364元/㎡,2017年建,https://tj.esf.fang.com/chushou/3_243874192.htm
684,天津,东海街-泗水道与梅林路交口东南侧,56.82㎡,中层（共30层）,云江新苑,110万,直辖市,1室1厅,南向,19359元/㎡,,https://tj.esf.fang.com/chushou/3_243848037.htm
685,天津,东海街-泗水道与梅林路交口东南侧,56.82㎡,中层（共30层）,云江新苑,110万,直辖市,1室1厅,南向,19359元/㎡,,https://tj.esf.fang.com/chushou/3_243848037.htm
686,天津,大学城-美的旭辉翰悦府宾水西道与学府东路交口,87㎡,中层（共27层）,美的旭辉翰悦府,175万,直辖市,2室2厅,南北向,20115元/㎡,2020年建,https://tj.esf.fang.com/chushou/3_243859823.htm
687,天津,大学城-美的旭辉翰悦府宾水西道与学府东路交口,87㎡,中层（共27层）,美的旭辉翰悦府,175万,直辖市,2室2厅,南北向,20115元/㎡,2020年建,https://tj.esf.fang.com/chushou/3_243859823.htm
688,天津,宁园-养鱼池路63号,97㎡,低层（共7层）,满园里,262万,直辖市,2室1厅,南北向,27010元/㎡,2002年建,https://tj.esf.fang.com/chushou/3_243893740.htm
689,天津,宁园-养鱼池路63号,97㎡,低层（共7层）,满园里,262万,直辖市,2室1厅,南北向,27010元/㎡,2002年建,https://tj.esf.fang.com/chushou/3_243893740.htm
690,天津,华明-天津市东丽区祥云路,145㎡,,蘭栖墅,320万,直辖市,,北向,22069元/㎡,,https://tj.esf.fang.com/chushou/10_243770566.htm
691,天津,华明-天津市东丽区祥云路,145㎡,,蘭栖墅,320万,直辖市,,北向,22069元/㎡,,https://tj.esf.fang.com/chushou/10_243770566.htm
692,合肥,包河工业园-包河区包河大道与西安路交汇处,49㎡,中层（共28层）,合肥南翔茗座,33.16万,安徽,2室1厅,南向,6767元/㎡,2017年建,https://hf.esf.fang.com/chushou/3_388896263.htm
693,合肥,包河工业园-包河区包河大道与西安路交汇处,49㎡,中层（共28层）,合肥南翔茗座,33.16万,安徽,2室1厅,南向,6767元/㎡,2017年建,https://hf.esf.fang.com/chushou/3_388896263.htm
694,合肥,"瑶海工业园-郎溪路以西,瑶海路以北",97.8㎡,中层（共18层）,国耀园上园,135万,安徽,3室2厅,南北向,13804元/㎡,2012年建,https://hf.esf.fang.com/chushou/3_387217842.htm
695,合肥,"瑶海工业园-郎溪路以西,瑶海路以北",97.8㎡,中层（共18层）,国耀园上园,135万,安徽,3室2厅,南北向,13804元/㎡,2012年建,https://hf.esf.fang.com/chushou/3_387217842.htm
696,合肥,寿春中学-庐州大道与紫云路交口,95.06㎡,中层（共34层）,万科蓝山,210万,安徽,4室2厅,南向,22091元/㎡,2015年建,https://hf.esf.fang.com/chushou/3_393883438.htm
697,合肥,寿春中学-庐州大道与紫云路交口,95.06㎡,中层（共34层）,万科蓝山,210万,安徽,4室2厅,南向,22091元/㎡,2015年建,https://hf.esf.fang.com/chushou/3_393883438.htm
698,合肥,南门换乘中心-(西临政务区)习友路与金寨路交口向东2200,117㎡,高层（共27层）,建发·雍龙府,270万,安徽,3室2厅,南向,23077元/㎡,,https://hf.esf.fang.com/chushou/3_381819760.htm
699,合肥,南门换乘中心-(西临政务区)习友路与金寨路交口向东2200,117㎡,高层（共27层）,建发·雍龙府,270万,安徽,3室2厅,南向,23077元/㎡,,https://hf.esf.fang.com/chushou/3_381819760.htm
700,合肥,南艳湖-始信路与方兴大道交口东北角,108㎡,中层（共33层）,远大尚林苑,150万,安徽,3室2厅,南北向,13889元/㎡,,https://hf.esf.fang.com/chushou/3_394320069.htm
701,合肥,南艳湖-始信路与方兴大道交口东北角,108㎡,中层（共33层）,远大尚林苑,150万,安徽,3室2厅,南北向,13889元/㎡,,https://hf.esf.fang.com/chushou/3_394320069.htm
702,合肥,南岗-新蚌埠路与泗水路交口,146㎡,中层（共6层）,绿地香树花城,240万,安徽,5室2厅,南北向,16438元/㎡,2017年建,https://hf.esf.fang.com/chushou/3_384269561.htm
703,合肥,南岗-新蚌埠路与泗水路交口,146㎡,中层（共6层）,绿地香树花城,240万,安徽,5室2厅,南北向,16438元/㎡,2017年建,https://hf.esf.fang.com/chushou/3_384269561.htm
704,重庆,渝南大道-渝南大道1113号,91㎡,中层（共32层）,恒大新城,82万,直辖市,3室2厅,南向,9011元/㎡,2018年建,https://cq.esf.fang.com/chushou/3_194177173.htm
705,重庆,渝南大道-渝南大道1113号,91㎡,中层（共32层）,恒大新城,82万,直辖市,3室2厅,南向,9011元/㎡,2018年建,https://cq.esf.fang.com/chushou/3_194177173.htm
706,重庆,李家沱-巴南大道8号,98.8㎡,中层（共32层）,世贸广场,96万,直辖市,3室2厅,南向,9717元/㎡,2017年建,https://cq.esf.fang.com/chushou/3_194968949.htm
707,重庆,李家沱-巴南大道8号,98.8㎡,中层（共32层）,世贸广场,96万,直辖市,3室2厅,南向,9717元/㎡,2017年建,https://cq.esf.fang.com/chushou/3_194968949.htm
708,重庆,巴滨路-南滨南梅沁绿洲旁,115㎡,低层（共25层）,千江凌云,125万,直辖市,4室2厅,南向,10870元/㎡,2019年建,https://cq.esf.fang.com/chushou/3_193855149.htm
709,重庆,巴滨路-南滨南梅沁绿洲旁,115㎡,低层（共25层）,千江凌云,125万,直辖市,4室2厅,南向,10870元/㎡,2019年建,https://cq.esf.fang.com/chushou/3_193855149.htm
710,重庆,农业园区-回兴街道果塘路139号,49㎡,低层（共28层）,青河世家,56万,直辖市,1室1厅,东南向,11429元/㎡,2011年建,https://cq.esf.fang.com/chushou/3_194967060.htm
711,重庆,农业园区-回兴街道果塘路139号,49㎡,低层（共28层）,青河世家,56万,直辖市,1室1厅,东南向,11429元/㎡,2011年建,https://cq.esf.fang.com/chushou/3_194967060.htm
712,重庆,南滨路-南滨路(朝天门广场长江对岸),300㎡,中层（共28层）,阳光100喜马拉雅,580万,直辖市,5室3厅,南向,19333元/㎡,2015年建,https://cq.esf.fang.com/chushou/3_194424337.htm
713,重庆,南滨路-南滨路(朝天门广场长江对岸),300㎡,中层（共28层）,阳光100喜马拉雅,580万,直辖市,5室3厅,南向,19333元/㎡,2015年建,https://cq.esf.fang.com/chushou/3_194424337.htm
714,重庆,李家沱-李家沱李九路,86㎡,高层（共33层）,曼哈顿城二期,94.6万,直辖市,3室2厅,东北向,11000元/㎡,2012年建,https://cq.esf.fang.com/chushou/3_194446351.htm
715,重庆,李家沱-李家沱李九路,86㎡,高层（共33层）,曼哈顿城二期,94.6万,直辖市,3室2厅,东北向,11000元/㎡,2012年建,https://cq.esf.fang.com/chushou/3_194446351.htm
716,北京,广安门-广外大街305号,108㎡,高层（共29层）,蝶翠华庭,960万,直辖市,2室1厅,西南向,88889元/㎡,2003年建,https://bj.esf.fang.com/chushou/3_444837528.htm
717,北京,广安门-广外大街305号,108㎡,高层（共29层）,蝶翠华庭,960万,直辖市,2室1厅,西南向,88889元/㎡,2003年建,https://bj.esf.fang.com/chushou/3_444837528.htm
718,北京,三河-河北省廊坊市三河市御东珺璟,101㎡,低层（共11层）,御东珺璟,274万,直辖市,3室2厅,南北向,27129元/㎡,2021年建,https://bj.esf.fang.com/chushou/3_444562495.htm
719,北京,三河-河北省廊坊市三河市御东珺璟,101㎡,低层（共11层）,御东珺璟,274万,直辖市,3室2厅,南北向,27129元/㎡,2021年建,https://bj.esf.fang.com/chushou/3_444562495.htm
720,北京,广安门-马连道北路与广莲路交叉点东南角,152㎡,高层（共24层）,丽水莲花,1180万,直辖市,3室2厅,东向,77632元/㎡,2008年建,https://bj.esf.fang.com/chushou/3_444837518.htm
721,北京,广安门-马连道北路与广莲路交叉点东南角,152㎡,高层（共24层）,丽水莲花,1180万,直辖市,3室2厅,东向,77632元/㎡,2008年建,https://bj.esf.fang.com/chushou/3_444837518.htm
722,北京,公主坟-翠微路2号院,59.9㎡,中层（共6层）,翠微路2号院,530万,直辖市,2室1厅,南向,88481元/㎡,1986年建,https://bj.esf.fang.com/chushou/3_444854805.htm
723,北京,公主坟-翠微路2号院,59.9㎡,中层（共6层）,翠微路2号院,530万,直辖市,2室1厅,南向,88481元/㎡,1986年建,https://bj.esf.fang.com/chushou/3_444854805.htm
724,北京,广安门-远见名苑红居北街与莲花河东侧路交叉点东北角,83.66㎡,高层（共26层）,远见名苑,768万,直辖市,2室1厅,西向,91800元/㎡,2007年建,https://bj.esf.fang.com/chushou/3_444845394.htm
725,北京,广安门-远见名苑红居北街与莲花河东侧路交叉点东北角,83.66㎡,高层（共26层）,远见名苑,768万,直辖市,2室1厅,西向,91800元/㎡,2007年建,https://bj.esf.fang.com/chushou/3_444845394.htm
726,北京,科技园区-南四环西路129号,102.29㎡,中层（共29层）,怡海花园富润园,580万,直辖市,2室2厅,东南向,56702元/㎡,2001年建,https://bj.esf.fang.com/chushou/3_444810767.htm
727,北京,科技园区-南四环西路129号,102.29㎡,中层（共29层）,怡海花园富润园,580万,直辖市,2室2厅,东南向,56702元/㎡,2001年建,https://bj.esf.fang.com/chushou/3_444810767.htm
728,上海,大华-真华路999弄,96.62㎡,高层（共11层）,大华水岸蓝桥,580万,直辖市,2室1厅,南向,60029元/㎡,2005年建,https://sh.esf.fang.com/chushou/3_364001314.htm
729,上海,大华-真华路999弄,96.62㎡,高层（共11层）,大华水岸蓝桥,580万,直辖市,2室1厅,南向,60029元/㎡,2005年建,https://sh.esf.fang.com/chushou/3_364001314.htm
730,上海,浦江-永康城馨宁佳苑永跃路555弄,122㎡,中层（共18层）,永康城馨宁佳苑,350万,直辖市,3室2厅,南向,28689元/㎡,2014年建,https://sh.esf.fang.com/chushou/3_370714769.htm
731,上海,浦江-永康城馨宁佳苑永跃路555弄,122㎡,中层（共18层）,永康城馨宁佳苑,350万,直辖市,3室2厅,南向,28689元/㎡,2014年建,https://sh.esf.fang.com/chushou/3_370714769.htm
732,上海,江桥-华江路1481弄,71㎡,中层（共6层）,金华新村,240万,直辖市,2室2厅,南北向,33803元/㎡,1996年建,https://sh.esf.fang.com/chushou/3_369752924.htm
733,上海,江桥-华江路1481弄,71㎡,中层（共6层）,金华新村,240万,直辖市,2室2厅,南北向,33803元/㎡,1996年建,https://sh.esf.fang.com/chushou/3_369752924.htm
734,上海,浦江-浦航路718弄,79㎡,高层（共7层）,浦润苑(闵行),255万,直辖市,2室2厅,南向,32278元/㎡,2012年建,https://sh.esf.fang.com/chushou/3_371241811.htm
735,上海,浦江-浦航路718弄,79㎡,高层（共7层）,浦润苑(闵行),255万,直辖市,2室2厅,南向,32278元/㎡,2012年建,https://sh.esf.fang.com/chushou/3_371241811.htm
736,上海,张江-广兰路248弄、香楠路276弄、香楠路39弄,75㎡,中层（共6层）,香楠小区,368万,直辖市,2室1厅,南向,49067元/㎡,1995年建,https://sh.esf.fang.com/chushou/3_364060473.htm
737,上海,张江-广兰路248弄、香楠路276弄、香楠路39弄,75㎡,中层（共6层）,香楠小区,368万,直辖市,2室1厅,南向,49067元/㎡,1995年建,https://sh.esf.fang.com/chushou/3_364060473.htm
738,上海,闸北公园-洛川中路777弄,94.21㎡,低层（共16层）,悠和家园,695万,直辖市,2室2厅,南向,73771元/㎡,2008年建,https://sh.esf.fang.com/chushou/3_366051235.htm
739,上海,闸北公园-洛川中路777弄,94.21㎡,低层（共16层）,悠和家园,695万,直辖市,2室2厅,南向,73771元/㎡,2008年建,https://sh.esf.fang.com/chushou/3_366051235.htm
740,天津,果园街-北辰区果园中道与果园东路交口南侧,75㎡,低层（共6层）,旭日里,140万,直辖市,2室1厅,南北向,18667元/㎡,1990年建,https://tj.esf.fang.com/chushou/3_243819057.htm
741,天津,果园街-北辰区果园中道与果园东路交口南侧,75㎡,低层（共6层）,旭日里,140万,直辖市,2室1厅,南北向,18667元/㎡,1990年建,https://tj.esf.fang.com/chushou/3_243819057.htm
742,天津,东海街-学苑路与双水道交口东侧,45.9㎡,中层（共6层）,珠峰里,113万,直辖市,1室1厅,南向,24619元/㎡,1998年建,https://tj.esf.fang.com/chushou/3_243848891.htm
743,天津,东海街-学苑路与双水道交口东侧,45.9㎡,中层（共6层）,珠峰里,113万,直辖市,1室1厅,南向,24619元/㎡,1998年建,https://tj.esf.fang.com/chushou/3_243848891.htm
744,天津,华明-天津市东丽区祥云路,145㎡,,蘭栖墅,320万,直辖市,,东向,22069元/㎡,,https://tj.esf.fang.com/chushou/10_243418955.htm
745,天津,华明-天津市东丽区祥云路,145㎡,,蘭栖墅,320万,直辖市,,东向,22069元/㎡,,https://tj.esf.fang.com/chushou/10_243418955.htm
746,天津,下瓦房-河西区闽侯路与琼州道交口南侧,42㎡,高层（共8层）,河西区南华里,129万,直辖市,1室1厅,南向,30714元/㎡,1990年建,https://tj.esf.fang.com/chushou/3_243875796.htm
747,天津,下瓦房-河西区闽侯路与琼州道交口南侧,42㎡,高层（共8层）,河西区南华里,129万,直辖市,1室1厅,南向,30714元/㎡,1990年建,https://tj.esf.fang.com/chushou/3_243875796.htm
748,天津,华明-天津市东丽区祥云路,360㎡,,蘭栖墅,600万,直辖市,,南向,16667元/㎡,,https://tj.esf.fang.com/chushou/10_243039121.htm
749,天津,华明-天津市东丽区祥云路,360㎡,,蘭栖墅,600万,直辖市,,南向,16667元/㎡,,https://tj.esf.fang.com/chushou/10_243039121.htm
750,天津,第二大街-远洋琨庭开发区第二大街与太湖东路交口东侧,135㎡,中层（共15层）,远洋琨庭,252.88万,直辖市,3室2厅,南北向,18732元/㎡,2018年建,https://tj.esf.fang.com/chushou/3_243865736.htm
751,天津,第二大街-远洋琨庭开发区第二大街与太湖东路交口东侧,135㎡,中层（共15层）,远洋琨庭,252.88万,直辖市,3室2厅,南北向,18732元/㎡,2018年建,https://tj.esf.fang.com/chushou/3_243865736.htm
752,合肥,寿春中学-庐州大道与中山路交叉口,93㎡,中层（共30层）,佳源巴黎都市,168万,安徽,3室2厅,南北向,18065元/㎡,2016年建,https://hf.esf.fang.com/chushou/3_393850346.htm
753,合肥,寿春中学-庐州大道与中山路交叉口,93㎡,中层（共30层）,佳源巴黎都市,168万,安徽,3室2厅,南北向,18065元/㎡,2016年建,https://hf.esf.fang.com/chushou/3_393850346.htm
754,合肥,大杨镇-文一泰禾·合肥院子西二环董铺路与四里河路交口,155㎡,高层（共9层）,文一泰禾·合肥院子,245万,安徽,4室2厅,南北向,15806元/㎡,2019年建,https://hf.esf.fang.com/chushou/3_403641424.htm
755,合肥,大杨镇-文一泰禾·合肥院子西二环董铺路与四里河路交口,155㎡,高层（共9层）,文一泰禾·合肥院子,245万,安徽,4室2厅,南北向,15806元/㎡,2019年建,https://hf.esf.fang.com/chushou/3_403641424.htm
756,合肥,生态公园-淮海大道与大禹路交口西北角,76㎡,中层（共27层）,家天下北郡,90万,安徽,2室2厅,南北向,11842元/㎡,2019年建,https://hf.esf.fang.com/chushou/3_383522665.htm
757,合肥,生态公园-淮海大道与大禹路交口西北角,76㎡,中层（共27层）,家天下北郡,90万,安徽,2室2厅,南北向,11842元/㎡,2019年建,https://hf.esf.fang.com/chushou/3_383522665.htm
758,重庆,璧山-东林大道和东山路交汇处,101㎡,低层（共33层）,恒泰悦府,73.8万,直辖市,3室2厅,南北向,7307元/㎡,2019年建,https://cq.esf.fang.com/chushou/3_194690104.htm
759,重庆,璧山-东林大道和东山路交汇处,101㎡,低层（共33层）,恒泰悦府,73.8万,直辖市,3室2厅,南北向,7307元/㎡,2019年建,https://cq.esf.fang.com/chushou/3_194690104.htm
760,重庆,观音桥-龙湖佰乐街观音桥红旗河沟(红旗河沟轻轨站上行,35㎡,中层（共20层）,龙湖佰乐街,50万,直辖市,1室1厅,南向,14286元/㎡,2016年建,https://cq.esf.fang.com/chushou/3_194947328.htm
761,重庆,观音桥-龙湖佰乐街观音桥红旗河沟(红旗河沟轻轨站上行,35㎡,中层（共20层）,龙湖佰乐街,50万,直辖市,1室1厅,南向,14286元/㎡,2016年建,https://cq.esf.fang.com/chushou/3_194947328.htm
762,重庆,茶园新区-轻轨6号线刘家坪站旁,143㎡,中层（共8层）,首创·禧瑞山河,196万,直辖市,4室2厅,南北向,13706元/㎡,,https://cq.esf.fang.com/chushou/3_194940460.htm
763,重庆,茶园新区-轻轨6号线刘家坪站旁,143㎡,中层（共8层）,首创·禧瑞山河,196万,直辖市,4室2厅,南北向,13706元/㎡,,https://cq.esf.fang.com/chushou/3_194940460.htm
764,重庆,观音桥-江北区鲤鱼池三村44号,88.92㎡,高层（共33层）,青青雅舍,125万,直辖市,3室2厅,南向,14058元/㎡,2007年建,https://cq.esf.fang.com/chushou/3_194969899.htm
765,重庆,观音桥-江北区鲤鱼池三村44号,88.92㎡,高层（共33层）,青青雅舍,125万,直辖市,3室2厅,南向,14058元/㎡,2007年建,https://cq.esf.fang.com/chushou/3_194969899.htm
766,重庆,照母山-金山大道2号,145㎡,,恒大照母山御景半岛,285万,直辖市,,南向,19655元/㎡,,https://cq.esf.fang.com/chushou/10_192510558.htm
767,重庆,照母山-金山大道2号,145㎡,,恒大照母山御景半岛,285万,直辖市,,南向,19655元/㎡,,https://cq.esf.fang.com/chushou/10_192510558.htm
768,重庆,一号桥-一号桥双钢路,81㎡,中层（共12层）,双钢路小区,132万,直辖市,3室1厅,南向,16296元/㎡,1997年建,https://cq.esf.fang.com/chushou/3_194476069.htm
769,重庆,一号桥-一号桥双钢路,81㎡,中层（共12层）,双钢路小区,132万,直辖市,3室1厅,南向,16296元/㎡,1997年建,https://cq.esf.fang.com/chushou/3_194476069.htm
770,北京,固安-大广高速(固安出口)西侧,86㎡,中层（共21层）,永定河孔雀城剑桥郡,73万,直辖市,2室2厅,南北向,8488元/㎡,2015年建,https://bj.esf.fang.com/chushou/3_442053612.htm
771,北京,固安-大广高速(固安出口)西侧,86㎡,中层（共21层）,永定河孔雀城剑桥郡,73万,直辖市,2室2厅,南北向,8488元/㎡,2015年建,https://bj.esf.fang.com/chushou/3_442053612.htm
772,北京,四惠-远洋天地八里庄西里1号,138.68㎡,高层（共30层）,远洋天地,940万,直辖市,3室2厅,西南向,67782元/㎡,2002年建,https://bj.esf.fang.com/chushou/3_444705390.htm
773,北京,四惠-远洋天地八里庄西里1号,138.68㎡,高层（共30层）,远洋天地,940万,直辖市,3室2厅,西南向,67782元/㎡,2002年建,https://bj.esf.fang.com/chushou/3_444705390.htm
774,北京,梨园-荟萃南路与群芳中二街交叉点东北角,121.95㎡,中层（共11层）,久居雅园,475万,直辖市,2室2厅,南北向,38950元/㎡,2010年建,https://bj.esf.fang.com/chushou/3_442496437.htm
775,北京,梨园-荟萃南路与群芳中二街交叉点东北角,121.95㎡,中层（共11层）,久居雅园,475万,直辖市,2室2厅,南北向,38950元/㎡,2010年建,https://bj.esf.fang.com/chushou/3_442496437.htm
776,北京,科技园区-怡海花园恒泰园南四环西路129号,63.67㎡,低层（共6层）,怡海花园恒泰园,410万,直辖市,2室1厅,南北向,64395元/㎡,1997年建,https://bj.esf.fang.com/chushou/3_444827074.htm
777,北京,科技园区-怡海花园恒泰园南四环西路129号,63.67㎡,低层（共6层）,怡海花园恒泰园,410万,直辖市,2室1厅,南北向,64395元/㎡,1997年建,https://bj.esf.fang.com/chushou/3_444827074.htm
778,北京,亚运村-亚运村慧忠里第五大道对面,81㎡,中层（共6层）,卧龙小区,770万,直辖市,2室2厅,南向,95062元/㎡,1999年建,https://bj.esf.fang.com/chushou/3_441439338.htm
779,北京,亚运村-亚运村慧忠里第五大道对面,81㎡,中层（共6层）,卧龙小区,770万,直辖市,2室2厅,南向,95062元/㎡,1999年建,https://bj.esf.fang.com/chushou/3_441439338.htm
780,上海,顾村-沙浦路311弄14-42号(一期)、57-9,93㎡,中层（共17层）,绿地公园壹品,313万,直辖市,3室2厅,南北向,33656元/㎡,2012年建,https://sh.esf.fang.com/chushou/3_365812994.htm
781,上海,顾村-沙浦路311弄14-42号(一期)、57-9,93㎡,中层（共17层）,绿地公园壹品,313万,直辖市,3室2厅,南北向,33656元/㎡,2012年建,https://sh.esf.fang.com/chushou/3_365812994.htm
782,上海,浦江-永康城香樟苑盐铁塘路435弄,81.58㎡,中层（共18层）,永康城香樟苑,215万,直辖市,3室1厅,南向,26354元/㎡,2012年建,https://sh.esf.fang.com/chushou/3_371238474.htm
783,上海,浦江-永康城香樟苑盐铁塘路435弄,81.58㎡,中层（共18层）,永康城香樟苑,215万,直辖市,3室1厅,南向,26354元/㎡,2012年建,https://sh.esf.fang.com/chushou/3_371238474.htm
784,上海,浦江-闵驰一路302弄,60.8㎡,低层（共11层）,瑞和华苑北区,160万,直辖市,1室1厅,南向,26316元/㎡,2011年建,https://sh.esf.fang.com/chushou/3_369589500.htm
785,上海,浦江-闵驰一路302弄,60.8㎡,低层（共11层）,瑞和华苑北区,160万,直辖市,1室1厅,南向,26316元/㎡,2011年建,https://sh.esf.fang.com/chushou/3_369589500.htm
786,上海,金虹桥-荣信虹桥世嘉虹梅路2159弄,91.48㎡,中层（共24层）,荣信虹桥世嘉,710万,直辖市,2室2厅,南向,77613元/㎡,2016年建,https://sh.esf.fang.com/chushou/3_371484675.htm
787,上海,金虹桥-荣信虹桥世嘉虹梅路2159弄,91.48㎡,中层（共24层）,荣信虹桥世嘉,710万,直辖市,2室2厅,南向,77613元/㎡,2016年建,https://sh.esf.fang.com/chushou/3_371484675.htm
788,上海,大华-新村路789弄、新沪路197弄,94㎡,中层（共11层）,嘉华苑,530万,直辖市,2室2厅,南北向,56383元/㎡,2003年建,https://sh.esf.fang.com/chushou/3_364833814.htm
789,上海,大华-新村路789弄、新沪路197弄,94㎡,中层（共11层）,嘉华苑,530万,直辖市,2室2厅,南北向,56383元/㎡,2003年建,https://sh.esf.fang.com/chushou/3_364833814.htm
790,上海,大华-真华路1030弄,92㎡,低层（共12层）,大华铂金华府,620万,直辖市,2室2厅,南向,67391元/㎡,2010年建,https://sh.esf.fang.com/chushou/3_371044539.htm
791,上海,大华-真华路1030弄,92㎡,低层（共12层）,大华铂金华府,620万,直辖市,2室2厅,南向,67391元/㎡,2010年建,https://sh.esf.fang.com/chushou/3_371044539.htm
792,天津,鼓楼街-富力城天康园北马路与西马路交口东南角,88.55㎡,高层（共32层）,富力城天康园,427.4万,直辖市,2室1厅,南北向,48267元/㎡,2008年建,https://tj.esf.fang.com/chushou/3_243821091.htm
793,天津,鼓楼街-富力城天康园北马路与西马路交口东南角,88.55㎡,高层（共32层）,富力城天康园,427.4万,直辖市,2室1厅,南北向,48267元/㎡,2008年建,https://tj.esf.fang.com/chushou/3_243821091.htm
794,天津,武清-花样年花郡下朱庄街京津公路东侧,85㎡,低层（共15层）,花样年花郡,98万,直辖市,2室2厅,南北向,11529元/㎡,2018年建,https://tj.esf.fang.com/chushou/3_243723331.htm
795,天津,武清-花样年花郡下朱庄街京津公路东侧,85㎡,低层（共15层）,花样年花郡,98万,直辖市,2室2厅,南北向,11529元/㎡,2018年建,https://tj.esf.fang.com/chushou/3_243723331.htm
796,天津,鼓楼街-富力城天霖园西马路与南城街交口东北角,89.3㎡,中层（共30层）,富力城天霖园,420万,直辖市,2室2厅,南向,47032元/㎡,2011年建,https://tj.esf.fang.com/chushou/3_243751679.htm
797,天津,鼓楼街-富力城天霖园西马路与南城街交口东北角,89.3㎡,中层（共30层）,富力城天霖园,420万,直辖市,2室2厅,南向,47032元/㎡,2011年建,https://tj.esf.fang.com/chushou/3_243751679.htm
798,天津,向阳路-万科金色家园南开区长江道与冶金路交口东北角,105.86㎡,高层（共18层）,万科金色家园,375万,直辖市,2室1厅,南北向,35424元/㎡,2009年建,https://tj.esf.fang.com/chushou/3_243653835.htm
799,天津,向阳路-万科金色家园南开区长江道与冶金路交口东北角,105.86㎡,高层（共18层）,万科金色家园,375万,直辖市,2室1厅,南北向,35424元/㎡,2009年建,https://tj.esf.fang.com/chushou/3_243653835.htm
800,天津,精武镇-宾水西道与工一号路交口以南,165㎡,,金地藝墅家别墅,460万,直辖市,,北向,27879元/㎡,,https://tj.esf.fang.com/chushou/10_243053489.htm
801,天津,精武镇-宾水西道与工一号路交口以南,165㎡,,金地藝墅家别墅,460万,直辖市,,北向,27879元/㎡,,https://tj.esf.fang.com/chushou/10_243053489.htm
802,天津,东海街-九江里河西区小海地双水道与榆林路交口,49.5㎡,高层（共5层）,九江里,116万,直辖市,2室1厅,南向,23434元/㎡,1988年建,https://tj.esf.fang.com/chushou/3_243296248.htm
803,天津,东海街-九江里河西区小海地双水道与榆林路交口,49.5㎡,高层（共5层）,九江里,116万,直辖市,2室1厅,南向,23434元/㎡,1988年建,https://tj.esf.fang.com/chushou/3_243296248.htm
804,重庆,茄子溪-大渡口四达路,64㎡,中层（共27层）,申佳子溪庭院,46万,直辖市,2室1厅,西北向,7188元/㎡,2011年建,https://cq.esf.fang.com/chushou/3_194035431.htm
805,重庆,茄子溪-大渡口四达路,64㎡,中层（共27层）,申佳子溪庭院,46万,直辖市,2室1厅,西北向,7188元/㎡,2011年建,https://cq.esf.fang.com/chushou/3_194035431.htm
806,重庆,一号桥-重庆市渝中区北区路巴蜀路4号(巴蜀中学本部旁,58㎡,低层（共34层）,巴蜀剑桥,156万,直辖市,1室1厅,南北向,26897元/㎡,2006年建,https://cq.esf.fang.com/chushou/3_194021682.htm
807,重庆,一号桥-重庆市渝中区北区路巴蜀路4号(巴蜀中学本部旁,58㎡,低层（共34层）,巴蜀剑桥,156万,直辖市,1室1厅,南北向,26897元/㎡,2006年建,https://cq.esf.fang.com/chushou/3_194021682.htm
808,重庆,茶园新区-轻轨6号线刘家坪站旁,142㎡,中层（共8层）,首创·禧瑞山河,188万,直辖市,4室2厅,南北向,13239元/㎡,,https://cq.esf.fang.com/chushou/3_194940217.htm
809,重庆,茶园新区-轻轨6号线刘家坪站旁,142㎡,中层（共8层）,首创·禧瑞山河,188万,直辖市,4室2厅,南北向,13239元/㎡,,https://cq.esf.fang.com/chushou/3_194940217.htm
810,北京,亦庄-大兴亦庄开发区泰河一街(黄亦路与三海子东路交,89㎡,低层（共15层）,南海家园,272万,直辖市,2室2厅,南北向,30562元/㎡,2012年建,https://bj.esf.fang.com/chushou/3_439980195.htm
811,北京,亦庄-大兴亦庄开发区泰河一街(黄亦路与三海子东路交,89㎡,低层（共15层）,南海家园,272万,直辖市,2室2厅,南北向,30562元/㎡,2012年建,https://bj.esf.fang.com/chushou/3_439980195.htm
812,北京,固安-北京大兴野生动物园以南3公里路西,80㎡,中层（共25层）,永定河孔雀城英国宫,98.3万,直辖市,2室2厅,南北向,12288元/㎡,2017年建,https://bj.esf.fang.com/chushou/3_441655226.htm
813,北京,固安-北京大兴野生动物园以南3公里路西,80㎡,中层（共25层）,永定河孔雀城英国宫,98.3万,直辖市,2室2厅,南北向,12288元/㎡,2017年建,https://bj.esf.fang.com/chushou/3_441655226.htm
814,北京,双井-富力城D区北京市朝阳区东三环中路35号,107.91㎡,中层（共16层）,富力城D区,1038万,直辖市,2室2厅,南向,96191元/㎡,2006年建,https://bj.esf.fang.com/chushou/3_444742083.htm
815,北京,双井-富力城D区北京市朝阳区东三环中路35号,107.91㎡,中层（共16层）,富力城D区,1038万,直辖市,2室2厅,南向,96191元/㎡,2006年建,https://bj.esf.fang.com/chushou/3_444742083.htm
816,北京,燕山-岗南路和迎风街交汇处西南侧(燕山前进第二小学,82.62㎡,高层（共5层）,杏花西里,175万,直辖市,2室1厅,南北向,21181元/㎡,2000年建,https://bj.esf.fang.com/chushou/3_442756585.htm
817,北京,燕山-岗南路和迎风街交汇处西南侧(燕山前进第二小学,82.62㎡,高层（共5层）,杏花西里,175万,直辖市,2室1厅,南北向,21181元/㎡,2000年建,https://bj.esf.fang.com/chushou/3_442756585.htm
818,北京,次渠-永乐店小甸屯村百莱玛工业园对面,71㎡,高层（共22层）,K2十里春风住宅,185万,直辖市,2室2厅,南北向,26056元/㎡,2018年建,https://bj.esf.fang.com/chushou/3_437990303.htm
819,北京,次渠-永乐店小甸屯村百莱玛工业园对面,71㎡,高层（共22层）,K2十里春风住宅,185万,直辖市,2室2厅,南北向,26056元/㎡,2018年建,https://bj.esf.fang.com/chushou/3_437990303.htm
820,北京,世纪城-世纪城晨月园蓝靛厂中路西侧西顶路南侧蓝靛厂西,60.65㎡,高层（共17层）,世纪城晨月园,540万,直辖市,1室1厅,东北向,89035元/㎡,2007年建,https://bj.esf.fang.com/chushou/3_444846457.htm
821,北京,世纪城-世纪城晨月园蓝靛厂中路西侧西顶路南侧蓝靛厂西,60.65㎡,高层（共17层）,世纪城晨月园,540万,直辖市,1室1厅,东北向,89035元/㎡,2007年建,https://bj.esf.fang.com/chushou/3_444846457.htm
822,上海,金杨-罗山五村万德路50弄、万德路52弄、博山东路,61㎡,高层（共6层）,罗山五村,285万,直辖市,2室1厅,南北向,46721元/㎡,1998年建,https://sh.esf.fang.com/chushou/3_371494947.htm
823,上海,金杨-罗山五村万德路50弄、万德路52弄、博山东路,61㎡,高层（共6层）,罗山五村,285万,直辖市,2室1厅,南北向,46721元/㎡,1998年建,https://sh.esf.fang.com/chushou/3_371494947.htm
824,上海,大宁-沪太路903弄,156.92㎡,高层（共12层）,佳宁花园,825万,直辖市,3室2厅,南北向,52575元/㎡,2002年建,https://sh.esf.fang.com/chushou/3_362582223.htm
825,上海,大宁-沪太路903弄,156.92㎡,高层（共12层）,佳宁花园,825万,直辖市,3室2厅,南北向,52575元/㎡,2002年建,https://sh.esf.fang.com/chushou/3_362582223.htm
826,上海,南桥-富竹路1号,117.4㎡,低层（共7层）,秋月朗庭,418万,直辖市,3室2厅,南北向,35605元/㎡,2015年建,https://sh.esf.fang.com/chushou/3_370617081.htm
827,上海,南桥-富竹路1号,117.4㎡,低层（共7层）,秋月朗庭,418万,直辖市,3室2厅,南北向,35605元/㎡,2015年建,https://sh.esf.fang.com/chushou/3_370617081.htm
828,上海,康桥-秀沿路1028弄2支弄1-110号,134㎡,低层（共16层）,康桥半岛城中花园,530万,直辖市,3室2厅,南北向,39552元/㎡,,https://sh.esf.fang.com/chushou/3_365734263.htm
829,上海,康桥-秀沿路1028弄2支弄1-110号,134㎡,低层（共16层）,康桥半岛城中花园,530万,直辖市,3室2厅,南北向,39552元/㎡,,https://sh.esf.fang.com/chushou/3_365734263.htm
830,上海,罗店-罗迎路558弄,80.34㎡,中层（共6层）,顺驰美兰湖,260万,直辖市,2室2厅,南北向,32362元/㎡,2004年建,https://sh.esf.fang.com/chushou/3_351685001.htm
831,上海,罗店-罗迎路558弄,80.34㎡,中层（共6层）,顺驰美兰湖,260万,直辖市,2室2厅,南北向,32362元/㎡,2004年建,https://sh.esf.fang.com/chushou/3_351685001.htm
832,上海,通河-通河六村,37.12㎡,中层（共6层）,通河六村,168万,直辖市,1室1厅,南向,45259元/㎡,1997年建,https://sh.esf.fang.com/chushou/3_370438044.htm
833,上海,通河-通河六村,37.12㎡,中层（共6层）,通河六村,168万,直辖市,1室1厅,南向,45259元/㎡,1997年建,https://sh.esf.fang.com/chushou/3_370438044.htm
834,天津,广开街-级升里天津市南开区黄河道与富辛庄大街交口西北,64.7㎡,中层（共6层）,级升里,205万,直辖市,2室1厅,南北向,31685元/㎡,1990年建,https://tj.esf.fang.com/chushou/3_243769931.htm
835,天津,广开街-级升里天津市南开区黄河道与富辛庄大街交口西北,64.7㎡,中层（共6层）,级升里,205万,直辖市,2室1厅,南北向,31685元/㎡,1990年建,https://tj.esf.fang.com/chushou/3_243769931.htm
836,天津,东海街-怡林园河西区枫林路与浯水道交口,82.25㎡,高层（共6层）,怡林园,259万,直辖市,2室1厅,南北向,31489元/㎡,2005年建,https://tj.esf.fang.com/chushou/3_243873111.htm
837,天津,东海街-怡林园河西区枫林路与浯水道交口,82.25㎡,高层（共6层）,怡林园,259万,直辖市,2室1厅,南北向,31489元/㎡,2005年建,https://tj.esf.fang.com/chushou/3_243873111.htm
838,天津,瑞景居住区-北辰道北侧(儿童医院斜对过),85㎡,高层（共22层）,天房璟悦府,172万,直辖市,2室1厅,南北向,20235元/㎡,2018年建,https://tj.esf.fang.com/chushou/3_240528709.htm
839,天津,瑞景居住区-北辰道北侧(儿童医院斜对过),85㎡,高层（共22层）,天房璟悦府,172万,直辖市,2室1厅,南北向,20235元/㎡,2018年建,https://tj.esf.fang.com/chushou/3_240528709.htm
840,天津,静海-天津富力新城团泊湖东区仁爱西道与泽水北路交口,90㎡,高层（共24层）,天津富力新城,66万,直辖市,2室2厅,南向,7333元/㎡,2017年建,https://tj.esf.fang.com/chushou/3_243634432.htm
841,天津,静海-天津富力新城团泊湖东区仁爱西道与泽水北路交口,90㎡,高层（共24层）,天津富力新城,66万,直辖市,2室2厅,南向,7333元/㎡,2017年建,https://tj.esf.fang.com/chushou/3_243634432.htm
842,天津,陈塘庄-天津市河西区东江路57号,101.65㎡,中层（共6层）,四季馨园,322万,直辖市,2室1厅,南北向,31677元/㎡,2005年建,https://tj.esf.fang.com/chushou/3_240043672.htm
843,天津,陈塘庄-天津市河西区东江路57号,101.65㎡,中层（共6层）,四季馨园,322万,直辖市,2室1厅,南北向,31677元/㎡,2005年建,https://tj.esf.fang.com/chushou/3_240043672.htm
844,天津,东海街-河西区陵水道与梅林路交口,50.7㎡,低层（共6层）,川江里,158万,直辖市,2室1厅,南北向,31164元/㎡,1982年建,https://tj.esf.fang.com/chushou/3_240066177.htm
845,天津,东海街-河西区陵水道与梅林路交口,50.7㎡,低层（共6层）,川江里,158万,直辖市,2室1厅,南北向,31164元/㎡,1982年建,https://tj.esf.fang.com/chushou/3_240066177.htm
846,北京,方庄-丰台区方庄芳星园三区,60.35㎡,高层（共15层）,芳星园三区,390万,直辖市,2室1厅,南北向,64623元/㎡,1995年建,https://bj.esf.fang.com/chushou/3_442474457.htm
847,北京,方庄-丰台区方庄芳星园三区,60.35㎡,高层（共15层）,芳星园三区,390万,直辖市,2室1厅,南北向,64623元/㎡,1995年建,https://bj.esf.fang.com/chushou/3_442474457.htm
848,北京,燕郊-北京东燕郊经济技术开发区燕顺路东侧,34㎡,高层（共25层）,首尔甜城,63万,直辖市,2室2厅,南北向,18529元/㎡,2014年建,https://bj.esf.fang.com/chushou/3_441647526.htm
849,北京,燕郊-北京东燕郊经济技术开发区燕顺路东侧,34㎡,高层（共25层）,首尔甜城,63万,直辖市,2室2厅,南北向,18529元/㎡,2014年建,https://bj.esf.fang.com/chushou/3_441647526.htm
850,北京,燕郊-北京东燕郊经济技术开发区燕顺路东侧,40㎡,中层（共19层）,首尔甜城,63万,直辖市,2室2厅,南北向,15750元/㎡,2014年建,https://bj.esf.fang.com/chushou/3_441647528.htm
851,北京,燕郊-北京东燕郊经济技术开发区燕顺路东侧,40㎡,中层（共19层）,首尔甜城,63万,直辖市,2室2厅,南北向,15750元/㎡,2014年建,https://bj.esf.fang.com/chushou/3_441647528.htm
852,北京,清河-西小口路与前屯路交汇处西行140米路南,51.6㎡,中层（共18层）,莱镇香格里,375万,直辖市,1室1厅,南向,72674元/㎡,2010年建,https://bj.esf.fang.com/chushou/3_442008473.htm
853,北京,清河-西小口路与前屯路交汇处西行140米路南,51.6㎡,中层（共18层）,莱镇香格里,375万,直辖市,1室1厅,南向,72674元/㎡,2010年建,https://bj.esf.fang.com/chushou/3_442008473.htm
854,北京,上地-肖家河东村1号,126.94㎡,中层（共6层）,七彩华园,990万,直辖市,3室2厅,南北向,77990元/㎡,2004年建,https://bj.esf.fang.com/chushou/3_440279741.htm
855,北京,上地-肖家河东村1号,126.94㎡,中层（共6层）,七彩华园,990万,直辖市,3室2厅,南北向,77990元/㎡,2004年建,https://bj.esf.fang.com/chushou/3_440279741.htm
856,北京,"北七家-北五环外紧邻立汤路,北七家建材城向北第一个路",498㎡,,温哥华森林,1600万,直辖市,,北向,32129元/㎡,,https://bj.esf.fang.com/chushou/10_439468841.htm
857,北京,"北七家-北五环外紧邻立汤路,北七家建材城向北第一个路",498㎡,,温哥华森林,1600万,直辖市,,北向,32129元/㎡,,https://bj.esf.fang.com/chushou/10_439468841.htm
858,上海,江桥-临夏路1000弄,72㎡,低层（共6层）,富友嘉园,265万,直辖市,2室2厅,南北向,36806元/㎡,2004年建,https://sh.esf.fang.com/chushou/3_364053516.htm
859,上海,江桥-临夏路1000弄,72㎡,低层（共6层）,富友嘉园,265万,直辖市,2室2厅,南北向,36806元/㎡,2004年建,https://sh.esf.fang.com/chushou/3_364053516.htm
860,上海,浦江-江航路378弄、浦连路439弄,74.6㎡,中层（共18层）,浦江丽都,230万,直辖市,2室2厅,南北向,30831元/㎡,2010年建,https://sh.esf.fang.com/chushou/3_366230922.htm
861,上海,浦江-江航路378弄、浦连路439弄,74.6㎡,中层（共18层）,浦江丽都,230万,直辖市,2室2厅,南北向,30831元/㎡,2010年建,https://sh.esf.fang.com/chushou/3_366230922.htm
862,上海,南京西路-西康路501弄、武定路650号,158.4㎡,高层（共39层）,静安豪景苑,2000万,直辖市,4室2厅,南向,126263元/㎡,2015年建,https://sh.esf.fang.com/chushou/3_361933265.htm
863,上海,南京西路-西康路501弄、武定路650号,158.4㎡,高层（共39层）,静安豪景苑,2000万,直辖市,4室2厅,南向,126263元/㎡,2015年建,https://sh.esf.fang.com/chushou/3_361933265.htm
864,上海,三林-恒大翰城瀚锦苑洪山路1889弄,115.1㎡,中层（共11层）,恒大翰城瀚锦苑,690万,直辖市,3室2厅,南向,59948元/㎡,2003年建,https://sh.esf.fang.com/chushou/3_371434827.htm
865,上海,三林-恒大翰城瀚锦苑洪山路1889弄,115.1㎡,中层（共11层）,恒大翰城瀚锦苑,690万,直辖市,3室2厅,南向,59948元/㎡,2003年建,https://sh.esf.fang.com/chushou/3_371434827.htm
866,上海,金杨-博山东路553弄、博山东路555弄、枣庄路2,110.94㎡,高层（共5层）,黄山始信苑,720万,直辖市,2室2厅,南北向,64900元/㎡,1999年建,https://sh.esf.fang.com/chushou/3_363068052.htm
867,上海,金杨-博山东路553弄、博山东路555弄、枣庄路2,110.94㎡,高层（共5层）,黄山始信苑,720万,直辖市,2室2厅,南北向,64900元/㎡,1999年建,https://sh.esf.fang.com/chushou/3_363068052.htm
868,上海,西郊-虹桥路2222弄33号,139.5㎡,高层（共8层）,王子公寓,650万,直辖市,3室2厅,南北向,46595元/㎡,2000年建,https://sh.esf.fang.com/chushou/3_363907328.htm
869,上海,西郊-虹桥路2222弄33号,139.5㎡,高层（共8层）,王子公寓,650万,直辖市,3室2厅,南北向,46595元/㎡,2000年建,https://sh.esf.fang.com/chushou/3_363907328.htm
870,天津,体育中心街-时代奥城南开区宾水西道与水上东路交口西南侧,92.23㎡,低层（共18层）,时代奥城,326万,直辖市,2室2厅,南向,35346元/㎡,2009年建,https://tj.esf.fang.com/chushou/3_240808424.htm
871,天津,体育中心街-时代奥城南开区宾水西道与水上东路交口西南侧,92.23㎡,低层（共18层）,时代奥城,326万,直辖市,2室2厅,南向,35346元/㎡,2009年建,https://tj.esf.fang.com/chushou/3_240808424.htm
872,天津,工农村-塘沽厦门路与云山道交口,141㎡,高层（共8层）,融科贻锦台,250万,直辖市,3室2厅,南北向,17730元/㎡,2011年建,https://tj.esf.fang.com/chushou/3_239645126.htm
873,天津,工农村-塘沽厦门路与云山道交口,141㎡,高层（共8层）,融科贻锦台,250万,直辖市,3室2厅,南北向,17730元/㎡,2011年建,https://tj.esf.fang.com/chushou/3_239645126.htm
874,天津,东海街-小海地浯水道与枫林路交口,51.17㎡,中层（共6层）,博林园,190万,直辖市,1室1厅,南向,37131元/㎡,,https://tj.esf.fang.com/chushou/3_239410447.htm
875,天津,东海街-小海地浯水道与枫林路交口,51.17㎡,中层（共6层）,博林园,190万,直辖市,1室1厅,南向,37131元/㎡,,https://tj.esf.fang.com/chushou/3_239410447.htm
876,天津,八里台镇-八里台镇天嘉湖,87㎡,高层（共33层）,星耀五洲,79万,直辖市,3室1厅,南向,9080元/㎡,2012年建,https://tj.esf.fang.com/chushou/3_234606180.htm
877,天津,八里台镇-八里台镇天嘉湖,87㎡,高层（共33层）,星耀五洲,79万,直辖市,3室1厅,南向,9080元/㎡,2012年建,https://tj.esf.fang.com/chushou/3_234606180.htm
878,天津,中新生态城-中新生态城和顺路与和畅路交口,135㎡,低层（共6层）,宜禾红橡公园,258万,直辖市,3室2厅,南北向,19111元/㎡,2016年建,https://tj.esf.fang.com/chushou/3_240145209.htm
879,天津,中新生态城-中新生态城和顺路与和畅路交口,135㎡,低层（共6层）,宜禾红橡公园,258万,直辖市,3室2厅,南北向,19111元/㎡,2016年建,https://tj.esf.fang.com/chushou/3_240145209.htm
880,天津,春华街-万春花园新开路与华龙道交口西北角,85.37㎡,高层（共11层）,万春花园,263万,直辖市,2室1厅,南向,30807元/㎡,2005年建,https://tj.esf.fang.com/chushou/3_240808657.htm
881,天津,春华街-万春花园新开路与华龙道交口西北角,85.37㎡,高层（共11层）,万春花园,263万,直辖市,2室1厅,南向,30807元/㎡,2005年建,https://tj.esf.fang.com/chushou/3_240808657.htm
882,北京,"芍药居-文学馆路,中煤信息大厦西北侧,北京市朝阳区芍",60.2㎡,中层（共7层）,芍药居北里,528万,直辖市,1室2厅,南北向,87708元/㎡,1998年建,https://bj.esf.fang.com/chushou/3_442567076.htm
883,北京,"芍药居-文学馆路,中煤信息大厦西北侧,北京市朝阳区芍",60.2㎡,中层（共7层）,芍药居北里,528万,直辖市,1室2厅,南北向,87708元/㎡,1998年建,https://bj.esf.fang.com/chushou/3_442567076.htm
884,北京,金融街-金融街太平桥大街8号(城铁阜成门站东南600,154.52㎡,低层（共8层）,西城晶华,2350万,直辖市,3室2厅,南北向,152084元/㎡,2008年建,https://bj.esf.fang.com/chushou/3_439682550.htm
885,北京,金融街-金融街太平桥大街8号(城铁阜成门站东南600,154.52㎡,低层（共8层）,西城晶华,2350万,直辖市,3室2厅,南北向,152084元/㎡,2008年建,https://bj.esf.fang.com/chushou/3_439682550.htm
886,北京,丽泽桥-六里桥南西局西路58号院,88.99㎡,高层（共23层）,保利百合花园,899万,直辖市,3室2厅,东南向,101023元/㎡,2010年建,https://bj.esf.fang.com/chushou/3_436115010.htm
887,北京,丽泽桥-六里桥南西局西路58号院,88.99㎡,高层（共23层）,保利百合花园,899万,直辖市,3室2厅,东南向,101023元/㎡,2010年建,https://bj.esf.fang.com/chushou/3_436115010.htm
888,北京,崇文门-崇文门西花市大街8号(新世界商场向东150米,116.52㎡,低层（共12层）,新景家园,1160万,直辖市,2室1厅,东北向,99554元/㎡,2005年建,https://bj.esf.fang.com/chushou/3_436144924.htm
889,北京,崇文门-崇文门西花市大街8号(新世界商场向东150米,116.52㎡,低层（共12层）,新景家园,1160万,直辖市,2室1厅,东北向,99554元/㎡,2005年建,https://bj.esf.fang.com/chushou/3_436144924.htm
890,北京,洋桥-马家堡路27号院马家堡路27号院,62.02㎡,中层（共6层）,马家堡路27号院,320万,直辖市,2室1厅,东西向,51596元/㎡,1993年建,https://bj.esf.fang.com/chushou/3_440375434.htm
891,北京,洋桥-马家堡路27号院马家堡路27号院,62.02㎡,中层（共6层）,马家堡路27号院,320万,直辖市,2室1厅,东西向,51596元/㎡,1993年建,https://bj.esf.fang.com/chushou/3_440375434.htm
892,北京,"东直门-东直门香河园路1号院(香河园中街南侧,香河园",304.08㎡,低层（共30层）,当代万国城,3149万,直辖市,3室2厅,南北向,103558元/㎡,2006年建,https://bj.esf.fang.com/chushou/3_430089267.htm
893,北京,"东直门-东直门香河园路1号院(香河园中街南侧,香河园",304.08㎡,低层（共30层）,当代万国城,3149万,直辖市,3室2厅,南北向,103558元/㎡,2006年建,https://bj.esf.fang.com/chushou/3_430089267.htm
894,上海,浦江-浦连路598弄,55.43㎡,中层（共17层）,金硕河畔景园(南区),170万,直辖市,1室1厅,南向,30669元/㎡,2013年建,https://sh.esf.fang.com/chushou/3_370714403.htm
895,上海,浦江-浦连路598弄,55.43㎡,中层（共17层）,金硕河畔景园(南区),170万,直辖市,1室1厅,南向,30669元/㎡,2013年建,https://sh.esf.fang.com/chushou/3_370714403.htm
896,上海,奉城-兰博路1801弄,92.9㎡,低层（共6层）,中建公元壹号,192.6万,直辖市,3室1厅,南北向,20732元/㎡,2015年建,https://sh.esf.fang.com/chushou/3_351458901.htm
897,上海,奉城-兰博路1801弄,92.9㎡,低层（共6层）,中建公元壹号,192.6万,直辖市,3室1厅,南北向,20732元/㎡,2015年建,https://sh.esf.fang.com/chushou/3_351458901.htm
898,上海,浦江-召楼路2266弄、江文路330弄、江文路12,78㎡,高层（共18层）,浦江宝邸,210万,直辖市,2室2厅,南北向,26923元/㎡,2014年建,https://sh.esf.fang.com/chushou/3_370878173.htm
899,上海,浦江-召楼路2266弄、江文路330弄、江文路12,78㎡,高层（共18层）,浦江宝邸,210万,直辖市,2室2厅,南北向,26923元/㎡,2014年建,https://sh.esf.fang.com/chushou/3_370878173.htm
900,上海,赵巷-赵华路301弄1号-32号,107㎡,高层（共5层）,巷华华苑,280万,直辖市,3室2厅,南北向,26168元/㎡,2007年建,https://sh.esf.fang.com/chushou/3_365096022.htm
901,上海,赵巷-赵华路301弄1号-32号,107㎡,高层（共5层）,巷华华苑,280万,直辖市,3室2厅,南北向,26168元/㎡,2007年建,https://sh.esf.fang.com/chushou/3_365096022.htm
902,上海,惠南-拱极路3888弄,90.2㎡,中层（共16层）,桃源艺筑,250万,直辖市,2室2厅,南北向,27716元/㎡,2012年建,https://sh.esf.fang.com/chushou/3_367709994.htm
903,上海,惠南-拱极路3888弄,90.2㎡,中层（共16层）,桃源艺筑,250万,直辖市,2室2厅,南北向,27716元/㎡,2012年建,https://sh.esf.fang.com/chushou/3_367709994.htm
904,上海,江桥-金园一路1518弄、金园一路1519弄,78㎡,中层（共11层）,澜茵华庭,340万,直辖市,2室2厅,南向,43590元/㎡,2007年建,https://sh.esf.fang.com/chushou/3_365839395.htm
905,上海,江桥-金园一路1518弄、金园一路1519弄,78㎡,中层（共11层）,澜茵华庭,340万,直辖市,2室2厅,南向,43590元/㎡,2007年建,https://sh.esf.fang.com/chushou/3_365839395.htm
906,天津,体育馆街-成都道与云南路交口,42㎡,低层（共6层）,云成里,330万,直辖市,1室1厅,南北向,78571元/㎡,2000年建,https://tj.esf.fang.com/chushou/3_240678036.htm
907,天津,体育馆街-成都道与云南路交口,42㎡,低层（共6层）,云成里,330万,直辖市,1室1厅,南北向,78571元/㎡,2000年建,https://tj.esf.fang.com/chushou/3_240678036.htm
908,天津,瑞景居住区-龙泉道与辰昌路交口南侧,99.7㎡,中层（共6层）,燕宇艺术家园,227万,直辖市,2室1厅,南北向,22768元/㎡,2003年建,https://tj.esf.fang.com/chushou/3_240435449.htm
909,天津,瑞景居住区-龙泉道与辰昌路交口南侧,99.7㎡,中层（共6层）,燕宇艺术家园,227万,直辖市,2室1厅,南北向,22768元/㎡,2003年建,https://tj.esf.fang.com/chushou/3_240435449.htm
910,天津,春华街-美福园河东区新开路与华捷道交口南侧,100.63㎡,低层（共6层）,美福园,272万,直辖市,2室1厅,南北向,27030元/㎡,2001年建,https://tj.esf.fang.com/chushou/3_240787278.htm
911,天津,春华街-美福园河东区新开路与华捷道交口南侧,100.63㎡,低层（共6层）,美福园,272万,直辖市,2室1厅,南北向,27030元/㎡,2001年建,https://tj.esf.fang.com/chushou/3_240787278.htm
912,天津,"双港镇-梅江东,浯水道与艺林路交口,地铁一号线双林站",88.17㎡,低层（共28层）,万科仕林苑,269.9万,直辖市,2室1厅,南北向,30611元/㎡,,https://tj.esf.fang.com/chushou/3_239343343.htm
913,天津,"双港镇-梅江东,浯水道与艺林路交口,地铁一号线双林站",88.17㎡,低层（共28层）,万科仕林苑,269.9万,直辖市,2室1厅,南北向,30611元/㎡,,https://tj.esf.fang.com/chushou/3_239343343.htm
914,天津,丁字沽-佳宁道与双环路交口东北处,92.38㎡,中层（共21层）,振业名邸,195万,直辖市,2室2厅,南向,21108元/㎡,2016年建,https://tj.esf.fang.com/chushou/3_240369632.htm
915,天津,丁字沽-佳宁道与双环路交口东北处,92.38㎡,中层（共21层）,振业名邸,195万,直辖市,2室2厅,南向,21108元/㎡,2016年建,https://tj.esf.fang.com/chushou/3_240369632.htm
916,天津,双港镇-河西区浯水道与赤水道交口,92㎡,低层（共25层）,津铁惠苑,218万,直辖市,2室1厅,南北向,23696元/㎡,2013年建,https://tj.esf.fang.com/chushou/3_238990078.htm
917,天津,双港镇-河西区浯水道与赤水道交口,92㎡,低层（共25层）,津铁惠苑,218万,直辖市,2室1厅,南北向,23696元/㎡,2013年建,https://tj.esf.fang.com/chushou/3_238990078.htm
918,北京,方庄-左安门西滨河路1号,148.79㎡,低层（共22层）,芳古园二区,995万,直辖市,3室2厅,东南向,66873元/㎡,2004年建,https://bj.esf.fang.com/chushou/3_442443157.htm
919,北京,方庄-左安门西滨河路1号,148.79㎡,低层（共22层）,芳古园二区,995万,直辖市,3室2厅,东南向,66873元/㎡,2004年建,https://bj.esf.fang.com/chushou/3_442443157.htm
920,北京,望京-望京东园六区,158.09㎡,高层（共22层）,国风北京,1050万,直辖市,3室2厅,南北向,66418元/㎡,2005年建,https://bj.esf.fang.com/chushou/3_441477969.htm
921,北京,望京-望京东园六区,158.09㎡,高层（共22层）,国风北京,1050万,直辖市,3室2厅,南北向,66418元/㎡,2005年建,https://bj.esf.fang.com/chushou/3_441477969.htm
922,北京,西红门-槐房西路与南西路交叉口西北角(同兴园小区东侧,120.02㎡,中层（共7层）,绿林苑,510万,直辖市,3室1厅,南北向,42493元/㎡,2001年建,https://bj.esf.fang.com/chushou/3_442213638.htm
923,北京,西红门-槐房西路与南西路交叉口西北角(同兴园小区东侧,120.02㎡,中层（共7层）,绿林苑,510万,直辖市,3室1厅,南北向,42493元/㎡,2001年建,https://bj.esf.fang.com/chushou/3_442213638.htm
924,北京,西北旺-圆明园西路药用植物园北侧,440㎡,低层（共6层）,西山壹号院,3500万,直辖市,4室3厅,南北向,79545元/㎡,2011年建,https://bj.esf.fang.com/chushou/3_437381602.htm
925,北京,西北旺-圆明园西路药用植物园北侧,440㎡,低层（共6层）,西山壹号院,3500万,直辖市,4室3厅,南北向,79545元/㎡,2011年建,https://bj.esf.fang.com/chushou/3_437381602.htm
926,北京,方庄-芳群园一区3号院,166.06㎡,中层（共30层）,时代芳群,1120万,直辖市,3室2厅,南北向,67446元/㎡,2004年建,https://bj.esf.fang.com/chushou/3_442469970.htm
927,北京,方庄-芳群园一区3号院,166.06㎡,中层（共30层）,时代芳群,1120万,直辖市,3室2厅,南北向,67446元/㎡,2004年建,https://bj.esf.fang.com/chushou/3_442469970.htm
928,北京,"孙河-和平路8号(东郊农场中心区,观唐东路观唐花园",502㎡,,大湖山庄,3999万,直辖市,,南向,79661元/㎡,,https://bj.esf.fang.com/chushou/10_437057209.htm
929,北京,"孙河-和平路8号(东郊农场中心区,观唐东路观唐花园",502㎡,,大湖山庄,3999万,直辖市,,南向,79661元/㎡,,https://bj.esf.fang.com/chushou/10_437057209.htm
930,上海,杨行-香逸湾莲花山路517弄、竹韵路58弄、竹韵路,90㎡,高层（共12层）,香逸湾,345万,直辖市,3室2厅,南向,38333元/㎡,2012年建,https://sh.esf.fang.com/chushou/3_371535652.htm
931,上海,杨行-香逸湾莲花山路517弄、竹韵路58弄、竹韵路,90㎡,高层（共12层）,香逸湾,345万,直辖市,3室2厅,南向,38333元/㎡,2012年建,https://sh.esf.fang.com/chushou/3_371535652.htm
932,上海,周浦-沪南公路3468弄,114.9㎡,中层（共13层）,美林小城,460万,直辖市,3室2厅,南向,40035元/㎡,2013年建,https://sh.esf.fang.com/chushou/3_370427307.htm
933,上海,周浦-沪南公路3468弄,114.9㎡,中层（共13层）,美林小城,460万,直辖市,3室2厅,南向,40035元/㎡,2013年建,https://sh.esf.fang.com/chushou/3_370427307.htm
934,上海,赵巷-镇乐路199弄,245㎡,,合生朗廷,650万,直辖市,,南向,26531元/㎡,,https://sh.esf.fang.com/chushou/10_365596561.htm
935,上海,赵巷-镇乐路199弄,245㎡,,合生朗廷,650万,直辖市,,南向,26531元/㎡,,https://sh.esf.fang.com/chushou/10_365596561.htm
936,上海,浦江-永康城永锦苑永颂路198弄,74.9㎡,低层（共18层）,永康城永锦苑,195万,直辖市,2室1厅,南向,26035元/㎡,2014年建,https://sh.esf.fang.com/chushou/3_371412678.htm
937,上海,浦江-永康城永锦苑永颂路198弄,74.9㎡,低层（共18层）,永康城永锦苑,195万,直辖市,2室1厅,南向,26035元/㎡,2014年建,https://sh.esf.fang.com/chushou/3_371412678.htm
938,上海,周浦-沪南公路3468弄,125.3㎡,中层（共6层）,美林小城,450万,直辖市,3室2厅,南北向,35914元/㎡,2006年建,https://sh.esf.fang.com/chushou/3_368322764.htm
939,上海,周浦-沪南公路3468弄,125.3㎡,中层（共6层）,美林小城,450万,直辖市,3室2厅,南北向,35914元/㎡,2006年建,https://sh.esf.fang.com/chushou/3_368322764.htm
940,上海,大宁-沪太路903弄,156.92㎡,高层（共12层）,佳宁花园,825.5万,直辖市,3室2厅,南北向,52606元/㎡,2002年建,https://sh.esf.fang.com/chushou/3_363102273.htm
941,上海,大宁-沪太路903弄,156.92㎡,高层（共12层）,佳宁花园,825.5万,直辖市,3室2厅,南北向,52606元/㎡,2002年建,https://sh.esf.fang.com/chushou/3_363102273.htm
942,天津,瑞景居住区-丁字沽3号路延长线与龙岩道交口,65.6㎡,高层（共6层）,紫瑞园,113万,直辖市,1室1厅,南北向,17226元/㎡,2007年建,https://tj.esf.fang.com/chushou/3_240298100.htm
943,天津,瑞景居住区-丁字沽3号路延长线与龙岩道交口,65.6㎡,高层（共6层）,紫瑞园,113万,直辖市,1室1厅,南北向,17226元/㎡,2007年建,https://tj.esf.fang.com/chushou/3_240298100.htm
944,天津,"双港镇-梅江东,鄱阳路与南兴路交口东北侧",98㎡,低层（共26层）,象博豪庭,215万,直辖市,2室2厅,南北向,21939元/㎡,2015年建,https://tj.esf.fang.com/chushou/3_239154047.htm
945,天津,"双港镇-梅江东,鄱阳路与南兴路交口东北侧",98㎡,低层（共26层）,象博豪庭,215万,直辖市,2室2厅,南北向,21939元/㎡,2015年建,https://tj.esf.fang.com/chushou/3_239154047.htm
946,天津,海河教育园-海河教育园区(北洋园)南慧路与经四路交口南侧,88.79㎡,高层（共30层）,仁恒滨河湾,190万,直辖市,2室1厅,南北向,21399元/㎡,2016年建,https://tj.esf.fang.com/chushou/3_238480736.htm
947,天津,海河教育园-海河教育园区(北洋园)南慧路与经四路交口南侧,88.79㎡,高层（共30层）,仁恒滨河湾,190万,直辖市,2室1厅,南北向,21399元/㎡,2016年建,https://tj.esf.fang.com/chushou/3_238480736.htm
948,天津,陈塘庄-天津市河西区东江路57号,113.47㎡,高层（共6层）,四季馨园,320万,直辖市,3室1厅,南北向,28201元/㎡,2005年建,https://tj.esf.fang.com/chushou/3_239954862.htm
949,天津,陈塘庄-天津市河西区东江路57号,113.47㎡,高层（共6层）,四季馨园,320万,直辖市,3室1厅,南北向,28201元/㎡,2005年建,https://tj.esf.fang.com/chushou/3_239954862.htm
950,天津,南营门-和平区贵阳路与西宁道交口西南侧,53.79㎡,高层（共32层）,金德园,375万,直辖市,2室1厅,西南向,69716元/㎡,2011年建,https://tj.esf.fang.com/chushou/3_240630591.htm
951,天津,南营门-和平区贵阳路与西宁道交口西南侧,53.79㎡,高层（共32层）,金德园,375万,直辖市,2室1厅,西南向,69716元/㎡,2011年建,https://tj.esf.fang.com/chushou/3_240630591.htm
952,天津,南市-荣业大街与闸口街交口东南角,220.36㎡,中层（共33层）,新汇华庭,1600万,直辖市,4室2厅,南北向,72608元/㎡,2006年建,https://tj.esf.fang.com/chushou/3_240613905.htm
953,天津,南市-荣业大街与闸口街交口东南角,220.36㎡,中层（共33层）,新汇华庭,1600万,直辖市,4室2厅,南北向,72608元/㎡,2006年建,https://tj.esf.fang.com/chushou/3_240613905.htm
954,北京,方庄-紫芳路与方庄东路交汇处西南角(方庄地铁站C口,53㎡,低层（共25层）,紫芳园,360万,直辖市,1室1厅,东向,67925元/㎡,2002年建,https://bj.esf.fang.com/chushou/3_439445510.htm
955,北京,方庄-紫芳路与方庄东路交汇处西南角(方庄地铁站C口,53㎡,低层（共25层）,紫芳园,360万,直辖市,1室1厅,东向,67925元/㎡,2002年建,https://bj.esf.fang.com/chushou/3_439445510.htm
956,北京,"沙河-昌平区沙河水库北岸,沙河大学城南侧",340㎡,,中海尚湖世家,1300万,直辖市,,南向,38235元/㎡,,https://bj.esf.fang.com/chushou/10_436477910.htm
957,北京,"沙河-昌平区沙河水库北岸,沙河大学城南侧",340㎡,,中海尚湖世家,1300万,直辖市,,南向,38235元/㎡,,https://bj.esf.fang.com/chushou/10_436477910.htm
958,上海,嘉定新城-洪德路1380弄、城固路1331弄,90㎡,高层（共26层）,保利天鹅语,308万,直辖市,2室2厅,南北向,34222元/㎡,2014年建,https://sh.esf.fang.com/chushou/3_370741442.htm
959,上海,嘉定新城-洪德路1380弄、城固路1331弄,90㎡,高层（共26层）,保利天鹅语,308万,直辖市,2室2厅,南北向,34222元/㎡,2014年建,https://sh.esf.fang.com/chushou/3_370741442.htm
960,上海,世博-德州四村成山路24弄,35㎡,低层（共6层）,德州四村,168万,直辖市,2室1厅,南向,48000元/㎡,1988年建,https://sh.esf.fang.com/chushou/3_371434589.htm
961,上海,世博-德州四村成山路24弄,35㎡,低层（共6层）,德州四村,168万,直辖市,2室1厅,南向,48000元/㎡,1988年建,https://sh.esf.fang.com/chushou/3_371434589.htm
962,上海,泗泾-泽悦路326弄、泽悦路325弄、泽悦路212,77.8㎡,中层（共14层）,新凯家园四期,220万,直辖市,2室2厅,南向,28278元/㎡,2013年建,https://sh.esf.fang.com/chushou/3_369883306.htm
963,上海,泗泾-泽悦路326弄、泽悦路325弄、泽悦路212,77.8㎡,中层（共14层）,新凯家园四期,220万,直辖市,2室2厅,南向,28278元/㎡,2013年建,https://sh.esf.fang.com/chushou/3_369883306.htm
964,天津,南营门-复元里昆明路与拉萨道交口东北侧,54.84㎡,低层（共6层）,复元里,380万,直辖市,2室1厅,南北向,69292元/㎡,1980年建,https://tj.esf.fang.com/chushou/3_240795870.htm
965,天津,南营门-复元里昆明路与拉萨道交口东北侧,54.84㎡,低层（共6层）,复元里,380万,直辖市,2室1厅,南北向,69292元/㎡,1980年建,https://tj.esf.fang.com/chushou/3_240795870.htm
966,天津,"陈塘庄-河西区小海地徽江道315号,泗水道与学苑路交",84㎡,低层（共6层）,玉峰花园,227万,直辖市,2室1厅,南北向,27024元/㎡,1998年建,https://tj.esf.fang.com/chushou/3_240100548.htm
967,天津,"陈塘庄-河西区小海地徽江道315号,泗水道与学苑路交",84㎡,低层（共6层）,玉峰花园,227万,直辖市,2室1厅,南北向,27024元/㎡,1998年建,https://tj.esf.fang.com/chushou/3_240100548.htm
968,天津,"双港镇-领世郡版块内,领世环路与领世路交口",85.26㎡,高层（共18层）,红磡领世郡领世深白,125万,直辖市,2室1厅,南北向,14661元/㎡,2010年建,https://tj.esf.fang.com/chushou/3_240125409.htm
969,天津,"双港镇-领世郡版块内,领世环路与领世路交口",85.26㎡,高层（共18层）,红磡领世郡领世深白,125万,直辖市,2室1厅,南北向,14661元/㎡,2010年建,https://tj.esf.fang.com/chushou/3_240125409.htm
970,天津,东海街-小海地浯水道与枫林路交口,93.34㎡,高层（共6层）,博林园,318万,直辖市,2室1厅,南北向,34069元/㎡,2004年建,https://tj.esf.fang.com/chushou/3_240143172.htm
971,天津,东海街-小海地浯水道与枫林路交口,93.34㎡,高层（共6层）,博林园,318万,直辖市,2室1厅,南北向,34069元/㎡,2004年建,https://tj.esf.fang.com/chushou/3_240143172.htm
972,天津,第二大街-滨海贝肯山开发区泰达MSD二大街与北海路交口,116㎡,低层（共7层）,滨海贝肯山,245万,直辖市,2室2厅,南北向,21121元/㎡,2019年建,https://tj.esf.fang.com/chushou/3_240969556.htm
973,天津,第二大街-滨海贝肯山开发区泰达MSD二大街与北海路交口,116㎡,低层（共7层）,滨海贝肯山,245万,直辖市,2室2厅,南北向,21121元/㎡,2019年建,https://tj.esf.fang.com/chushou/3_240969556.htm
974,天津,"东海街-河西区泗水道与微山路交口,小海地人人乐超市旁",87.73㎡,低层（共6层）,河西区桂江里,255万,直辖市,3室1厅,南北向,29066元/㎡,1997年建,https://tj.esf.fang.com/chushou/3_240390718.htm
975,天津,"东海街-河西区泗水道与微山路交口,小海地人人乐超市旁",87.73㎡,低层（共6层）,河西区桂江里,255万,直辖市,3室1厅,南北向,29066元/㎡,1997年建,https://tj.esf.fang.com/chushou/3_240390718.htm
976,天津,海河教育园-天津大道与东沽路交口,98㎡,高层（共32层）,融创中央学府,210万,直辖市,3室2厅,南北向,21429元/㎡,2012年建,https://tj.esf.fang.com/chushou/3_238638545.htm
977,天津,海河教育园-天津大道与东沽路交口,98㎡,高层（共32层）,融创中央学府,210万,直辖市,3室2厅,南北向,21429元/㎡,2012年建,https://tj.esf.fang.com/chushou/3_238638545.htm
978,天津,中新生态城-中新天津生态城,140㎡,高层（共6层）,万通生态城新新家园,260万,直辖市,3室2厅,南北向,18571元/㎡,2016年建,https://tj.esf.fang.com/chushou/3_240030376.htm
979,天津,中新生态城-中新天津生态城,140㎡,高层（共6层）,万通生态城新新家园,260万,直辖市,3室2厅,南北向,18571元/㎡,2016年建,https://tj.esf.fang.com/chushou/3_240030376.htm
980,天津,体育馆街-成都道与桂林路交口,11.86㎡,高层（共1层）,成都道小区,140万,直辖市,1室0厅,东向,118044元/㎡,1998年建,https://tj.esf.fang.com/chushou/3_240678135.htm
981,天津,体育馆街-成都道与桂林路交口,11.86㎡,高层（共1层）,成都道小区,140万,直辖市,1室0厅,东向,118044元/㎡,1998年建,https://tj.esf.fang.com/chushou/3_240678135.htm
982,天津,"北仓-泽天下京津公路与延吉西道交口,华辰中学旁",98.84㎡,低层（共18层）,泽天下,282万,直辖市,2室2厅,南北向,28531元/㎡,2009年建,https://tj.esf.fang.com/chushou/3_243887576.htm
983,天津,"北仓-泽天下京津公路与延吉西道交口,华辰中学旁",98.84㎡,低层（共18层）,泽天下,282万,直辖市,2室2厅,南北向,28531元/㎡,2009年建,https://tj.esf.fang.com/chushou/3_243887576.htm
984,天津,"体育中心街-红旗南路与凌宾路交口附近,彩虹花园旁",121㎡,中层（共7层）,金研里,276万,直辖市,3室1厅,南北向,22810元/㎡,2008年建,https://tj.esf.fang.com/chushou/3_240219216.htm
985,天津,"体育中心街-红旗南路与凌宾路交口附近,彩虹花园旁",121㎡,中层（共7层）,金研里,276万,直辖市,3室1厅,南北向,22810元/㎡,2008年建,https://tj.esf.fang.com/chushou/3_240219216.htm
986,天津,春华街-欣荣馨苑新泰路与南横街交口南侧,48.68㎡,高层（共28层）,欣荣馨苑,115万,直辖市,1室1厅,南向,23624元/㎡,2006年建,https://tj.esf.fang.com/chushou/3_240914793.htm
987,天津,春华街-欣荣馨苑新泰路与南横街交口南侧,48.68㎡,高层（共28层）,欣荣馨苑,115万,直辖市,1室1厅,南向,23624元/㎡,2006年建,https://tj.esf.fang.com/chushou/3_240914793.htm
988,天津,双港镇-津港高速与梨双路交口北侧,96㎡,中层（共18层）,红磡领世郡人才公寓,170万,直辖市,2室2厅,东向,17708元/㎡,2011年建,https://tj.esf.fang.com/chushou/3_235375442.htm
989,天津,双港镇-津港高速与梨双路交口北侧,96㎡,中层（共18层）,红磡领世郡人才公寓,170万,直辖市,2室2厅,东向,17708元/㎡,2011年建,https://tj.esf.fang.com/chushou/3_235375442.htm
990,天津,中新生态城-中新生态城中新大道1852号,100㎡,低层（共6层）,天房天和园,175万,直辖市,2室1厅,南北向,17500元/㎡,2012年建,https://tj.esf.fang.com/chushou/3_240104860.htm
991,天津,中新生态城-中新生态城中新大道1852号,100㎡,低层（共6层）,天房天和园,175万,直辖市,2室1厅,南北向,17500元/㎡,2012年建,https://tj.esf.fang.com/chushou/3_240104860.htm
992,天津,体育中心街-时代奥城南开区宾水西道与水上东路交口西南侧,91.93㎡,中层（共24层）,时代奥城,348万,直辖市,2室1厅,南北向,37855元/㎡,2009年建,https://tj.esf.fang.com/chushou/3_240809164.htm
993,天津,体育中心街-时代奥城南开区宾水西道与水上东路交口西南侧,91.93㎡,中层（共24层）,时代奥城,348万,直辖市,2室1厅,南北向,37855元/㎡,2009年建,https://tj.esf.fang.com/chushou/3_240809164.htm
994,天津,瑞景居住区-瑞景居住区龙泉道与辰达路交口,91.7㎡,低层（共6层）,宝翠花都瞰景园,187万,直辖市,2室1厅,南北向,20393元/㎡,2008年建,https://tj.esf.fang.com/chushou/3_240276329.htm
995,天津,瑞景居住区-瑞景居住区龙泉道与辰达路交口,91.7㎡,低层（共6层）,宝翠花都瞰景园,187万,直辖市,2室1厅,南北向,20393元/㎡,2008年建,https://tj.esf.fang.com/chushou/3_240276329.htm
996,天津,华明镇-津汉公路空港2号桥东,233.2㎡,,天房锦园,378万,直辖市,,南向,16209元/㎡,,https://tj.esf.fang.com/chushou/10_240255693.htm
997,天津,华明镇-津汉公路空港2号桥东,233.2㎡,,天房锦园,378万,直辖市,,南向,16209元/㎡,,https://tj.esf.fang.com/chushou/10_240255693.htm
998,天津,陈塘庄-珠江道与微山路交口东侧,74.83㎡,低层（共6层）,双山新苑,240万,直辖市,2室1厅,南北向,32073元/㎡,2004年建,https://tj.esf.fang.com/chushou/3_240133593.htm
999,天津,陈塘庄-珠江道与微山路交口东侧,74.83㎡,低层（共6层）,双山新苑,240万,直辖市,2室1厅,南北向,32073元/㎡,2004年建,https://tj.esf.fang.com/chushou/3_240133593.htm
1000,天津,体育中心街-南开区红旗南路与水上公园西路交口东侧,104.15㎡,低层（共6层）,彩虹花园,289万,直辖市,3室1厅,南北向,27748元/㎡,1999年建,https://tj.esf.fang.com/chushou/3_240165338.htm
1001,天津,体育中心街-南开区红旗南路与水上公园西路交口东侧,104.15㎡,低层（共6层）,彩虹花园,289万,直辖市,3室1厅,南北向,27748元/㎡,1999年建,https://tj.esf.fang.com/chushou/3_240165338.htm
1002,天津,第二大街-开发区新城东路48号(广达街和广场西路交汇处,122㎡,低层（共17层）,万通华府,350万,直辖市,3室2厅,南北向,28689元/㎡,2011年建,https://tj.esf.fang.com/chushou/3_238477732.htm
1003,天津,第二大街-开发区新城东路48号(广达街和广场西路交汇处,122㎡,低层（共17层）,万通华府,350万,直辖市,3室2厅,南北向,28689元/㎡,2011年建,https://tj.esf.fang.com/chushou/3_238477732.htm
1004,天津,李七庄-外环线与津涞路交口往西300米,65.6㎡,中层（共18层）,宏城御溪园,143万,直辖市,1室1厅,南北向,21799元/㎡,2012年建,https://tj.esf.fang.com/chushou/3_240033009.htm
1005,天津,李七庄-外环线与津涞路交口往西300米,65.6㎡,中层（共18层）,宏城御溪园,143万,直辖市,1室1厅,南北向,21799元/㎡,2012年建,https://tj.esf.fang.com/chushou/3_240033009.htm
1006,天津,东海街-河西区小海地微山路与三水道交口,52.13㎡,高层（共6层）,三水南里,155万,直辖市,2室1厅,南向,29733元/㎡,1990年建,https://tj.esf.fang.com/chushou/3_239096772.htm
1007,天津,东海街-河西区小海地微山路与三水道交口,52.13㎡,高层（共6层）,三水南里,155万,直辖市,2室1厅,南向,29733元/㎡,1990年建,https://tj.esf.fang.com/chushou/3_239096772.htm
1008,天津,梅江-解放南路与浯水道交口东北侧,69.8㎡,低层（共24层）,新梅江雅境花语城,220万,直辖市,2室2厅,南北向,31519元/㎡,2014年建,https://tj.esf.fang.com/chushou/3_235411653.htm
1009,天津,梅江-解放南路与浯水道交口东北侧,69.8㎡,低层（共24层）,新梅江雅境花语城,220万,直辖市,2室2厅,南北向,31519元/㎡,2014年建,https://tj.esf.fang.com/chushou/3_235411653.htm
1010,天津,咸水沽-咸水沽津沽路与建国大街交口处,71.9㎡,中层（共30层）,米兰阳光,115万,直辖市,2室2厅,南向,15994元/㎡,2006年建,https://tj.esf.fang.com/chushou/3_239569599.htm
1011,天津,咸水沽-咸水沽津沽路与建国大街交口处,71.9㎡,中层（共30层）,米兰阳光,115万,直辖市,2室2厅,南向,15994元/㎡,2006年建,https://tj.esf.fang.com/chushou/3_239569599.htm
1012,天津,双港镇-梨双公路与微山南路交口南侧,84.3㎡,低层（共28层）,首创香雪苑,145万,直辖市,2室2厅,南向,17200元/㎡,2013年建,https://tj.esf.fang.com/chushou/3_240312012.htm
1013,天津,双港镇-梨双公路与微山南路交口南侧,84.3㎡,低层（共28层）,首创香雪苑,145万,直辖市,2室2厅,南向,17200元/㎡,2013年建,https://tj.esf.fang.com/chushou/3_240312012.htm
1014,天津,中新生态城-中新生态城中新大道管委会前行2公里处,96.7㎡,高层（共26层）,双威悦馨苑,138万,直辖市,2室2厅,南北向,14271元/㎡,2015年建,https://tj.esf.fang.com/chushou/3_239644706.htm
1015,天津,中新生态城-中新生态城中新大道管委会前行2公里处,96.7㎡,高层（共26层）,双威悦馨苑,138万,直辖市,2室2厅,南北向,14271元/㎡,2015年建,https://tj.esf.fang.com/chushou/3_239644706.htm
1016,天津,梅江-紫金山路与珠江道交口西侧,135㎡,高层（共31层）,富力津门湖,380万,直辖市,3室2厅,南北向,28148元/㎡,2017年建,https://tj.esf.fang.com/chushou/3_237724387.htm
1017,天津,梅江-紫金山路与珠江道交口西侧,135㎡,高层（共31层）,富力津门湖,380万,直辖市,3室2厅,南北向,28148元/㎡,2017年建,https://tj.esf.fang.com/chushou/3_237724387.htm
1018,天津,"宝坻城区-宝鑫景苑环城东路与环城北路交口,龙第世家的西",97㎡,高层（共6层）,宝鑫景苑,86万,直辖市,2室2厅,南北向,8866元/㎡,1990年建,https://tj.esf.fang.com/chushou/3_237967381.htm
1019,天津,"宝坻城区-宝鑫景苑环城东路与环城北路交口,龙第世家的西",97㎡,高层（共6层）,宝鑫景苑,86万,直辖市,2室2厅,南北向,8866元/㎡,1990年建,https://tj.esf.fang.com/chushou/3_237967381.htm
1020,天津,双环邨-红桥区连环道与双环西路交口,65㎡,中层（共33层）,碧春园,102万,直辖市,2室1厅,南向,15692元/㎡,2010年建,https://tj.esf.fang.com/chushou/3_240145431.htm
1021,天津,双环邨-红桥区连环道与双环西路交口,65㎡,中层（共33层）,碧春园,102万,直辖市,2室1厅,南向,15692元/㎡,2010年建,https://tj.esf.fang.com/chushou/3_240145431.htm
1022,天津,八里台镇-天嘉湖大道西侧,103.68㎡,高层（共9层）,中海国际公园城,108万,直辖市,2室1厅,南北向,10417元/㎡,2016年建,https://tj.esf.fang.com/chushou/3_233843058.htm
1023,天津,八里台镇-天嘉湖大道西侧,103.68㎡,高层（共9层）,中海国际公园城,108万,直辖市,2室1厅,南北向,10417元/㎡,2016年建,https://tj.esf.fang.com/chushou/3_233843058.htm
1024,天津,开发区-第一大街西侧环渤海国际家居旁,134.5㎡,高层（共32层）,万科紫台,310万,直辖市,3室2厅,南北向,23048元/㎡,2016年建,https://tj.esf.fang.com/chushou/3_240481172.htm
1025,天津,开发区-第一大街西侧环渤海国际家居旁,134.5㎡,高层（共32层）,万科紫台,310万,直辖市,3室2厅,南北向,23048元/㎡,2016年建,https://tj.esf.fang.com/chushou/3_240481172.htm
1026,天津,广开街-南开区西市大街与广开四马路交口,107.73㎡,中层（共10层）,天江格调花园,496万,直辖市,2室1厅,南北向,46041元/㎡,2004年建,https://tj.esf.fang.com/chushou/3_240185689.htm
1027,天津,广开街-南开区西市大街与广开四马路交口,107.73㎡,中层（共10层）,天江格调花园,496万,直辖市,2室1厅,南北向,46041元/㎡,2004年建,https://tj.esf.fang.com/chushou/3_240185689.htm
1028,天津,双港镇-天津市津南区兴锋里附近,82㎡,高层（共26层）,宝福家园,160万,直辖市,2室1厅,南北向,19512元/㎡,2013年建,https://tj.esf.fang.com/chushou/3_238812922.htm
1029,天津,双港镇-天津市津南区兴锋里附近,82㎡,高层（共26层）,宝福家园,160万,直辖市,2室1厅,南北向,19512元/㎡,2013年建,https://tj.esf.fang.com/chushou/3_238812922.htm
1030,天津,宝坻城区-宝坻区南关大街与南三环路交口北侧,83㎡,低层（共6层）,华苑东区,85万,直辖市,2室2厅,南北向,10241元/㎡,1995年建,https://tj.esf.fang.com/chushou/3_238235439.htm
1031,天津,宝坻城区-宝坻区南关大街与南三环路交口北侧,83㎡,低层（共6层）,华苑东区,85万,直辖市,2室2厅,南北向,10241元/㎡,1995年建,https://tj.esf.fang.com/chushou/3_238235439.htm
1032,双鸭山,尖山区-七马路东平行路,47.12㎡,高层（共7层）,中植方洲苑,10万,黑龙江,1室1厅,南北向,2122元/㎡,,https://shuangyashan.esf.fang.com/chushou/16_201144.htm
1033,双鸭山,尖山区-七马路东平行路,47.12㎡,高层（共7层）,中植方洲苑,10万,黑龙江,1室1厅,南北向,2122元/㎡,,https://shuangyashan.esf.fang.com/chushou/16_201144.htm
1034,天津,华明镇-津汉公路空港2号桥东,199.6㎡,,天房锦园,338万,直辖市,,南向,16934元/㎡,,https://tj.esf.fang.com/chushou/10_240258241.htm
1035,天津,华明镇-津汉公路空港2号桥东,199.6㎡,,天房锦园,338万,直辖市,,南向,16934元/㎡,,https://tj.esf.fang.com/chushou/10_240258241.htm
1036,天津,春华街-海河新天地河东区新开路与华捷道交口北侧,102.39㎡,高层（共22层）,海河新天地,340万,直辖市,2室1厅,南向,33206元/㎡,2005年建,https://tj.esf.fang.com/chushou/3_243855763.htm
1037,天津,春华街-海河新天地河东区新开路与华捷道交口北侧,102.39㎡,高层（共22层）,海河新天地,340万,直辖市,2室1厅,南向,33206元/㎡,2005年建,https://tj.esf.fang.com/chushou/3_243855763.htm
1038,天津,"塘沽新村-塘沽上海道与福建西路交口, 塘沽火车站南侧",144.32㎡,低层（共17层）,碧海鸿庭,305万,直辖市,3室2厅,南北向,21134元/㎡,2008年建,https://tj.esf.fang.com/chushou/3_239488618.htm
1039,天津,"塘沽新村-塘沽上海道与福建西路交口, 塘沽火车站南侧",144.32㎡,低层（共17层）,碧海鸿庭,305万,直辖市,3室2厅,南北向,21134元/㎡,2008年建,https://tj.esf.fang.com/chushou/3_239488618.htm
1040,天津,东海街-河西区小海地微山路与三水道交口,61㎡,高层（共6层）,三水南里,175万,直辖市,2室1厅,南北向,28689元/㎡,1990年建,https://tj.esf.fang.com/chushou/3_235507101.htm
1041,天津,东海街-河西区小海地微山路与三水道交口,61㎡,高层（共6层）,三水南里,175万,直辖市,2室1厅,南北向,28689元/㎡,1990年建,https://tj.esf.fang.com/chushou/3_235507101.htm
1042,天津,向阳路-泾水道与冶金北路交口以南200米,102.6㎡,高层（共6层）,泾水园,315万,直辖市,2室1厅,南北向,30702元/㎡,2005年建,https://tj.esf.fang.com/chushou/3_240065349.htm
1043,天津,向阳路-泾水道与冶金北路交口以南200米,102.6㎡,高层（共6层）,泾水园,315万,直辖市,2室1厅,南北向,30702元/㎡,2005年建,https://tj.esf.fang.com/chushou/3_240065349.htm
1044,天津,春华街-欣荣馨苑新泰路与南横街交口南侧,48.68㎡,中层（共28层）,欣荣馨苑,115万,直辖市,1室1厅,南向,23624元/㎡,2006年建,https://tj.esf.fang.com/chushou/3_243890820.htm
1045,天津,春华街-欣荣馨苑新泰路与南横街交口南侧,48.68㎡,中层（共28层）,欣荣馨苑,115万,直辖市,1室1厅,南向,23624元/㎡,2006年建,https://tj.esf.fang.com/chushou/3_243890820.htm
1046,双鸭山,尖山区,47.12㎡,高层（共7层）,尖山区中植小区,10万,黑龙江,1室1厅,南北向,2122元/㎡,,https://shuangyashan.esf.fang.com/chushou/16_201146.htm
1047,双鸭山,尖山区,47.12㎡,高层（共7层）,尖山区中植小区,10万,黑龙江,1室1厅,南北向,2122元/㎡,,https://shuangyashan.esf.fang.com/chushou/16_201146.htm
1048,双鸭山,尖山区,47.12㎡,高层（共7层）,尖山区中植小区,10万,黑龙江,1室1厅,南北向,2122元/㎡,,https://shuangyashan.esf.fang.com/chushou/16_201145.htm
1049,双鸭山,尖山区,47.12㎡,高层（共7层）,尖山区中植小区,10万,黑龙江,1室1厅,南北向,2122元/㎡,,https://shuangyashan.esf.fang.com/chushou/16_201145.htm
1050,双鸭山,尖山区,72㎡,中层（共7层）,康乐小区,17万,黑龙江,2室1厅,南北向,2361元/㎡,,https://shuangyashan.esf.fang.com/chushou/16_201147.htm
1051,双鸭山,尖山区,72㎡,中层（共7层）,康乐小区,17万,黑龙江,2室1厅,南北向,2361元/㎡,,https://shuangyashan.esf.fang.com/chushou/16_201147.htm
1052,双鸭山,宝清县,95㎡,低层（共6层）,鸿信小区,34万,黑龙江,2室1厅,南北向,3579元/㎡,,https://shuangyashan.esf.fang.com/chushou/16_201148.htm
1053,双鸭山,宝清县,95㎡,低层（共6层）,鸿信小区,34万,黑龙江,2室1厅,南北向,3579元/㎡,,https://shuangyashan.esf.fang.com/chushou/16_201148.htm
1054,双鸭山,尖山区,53㎡,中层（共22层）,学府尚城,14万,黑龙江,1室1厅,南北向,2642元/㎡,,https://shuangyashan.esf.fang.com/chushou/16_201151.htm
1055,双鸭山,尖山区,53㎡,中层（共22层）,学府尚城,14万,黑龙江,1室1厅,南北向,2642元/㎡,,https://shuangyashan.esf.fang.com/chushou/16_201151.htm
1056,双鸭山,,,,,,黑龙江,,,,,
1057,双鸭山,,,,,,黑龙江,,,,,
1058,双鸭山,尖山区-尖山区,85㎡,中层（共5层）,文南小区,15万,黑龙江,2室2厅,南北向,1765元/㎡,,https://shuangyashan.esf.fang.com/chushou/16_201152.htm
1059,双鸭山,尖山区-尖山区,85㎡,中层（共5层）,文南小区,15万,黑龙江,2室2厅,南北向,1765元/㎡,,https://shuangyashan.esf.fang.com/chushou/16_201152.htm
1060,双鸭山,宝清县,93㎡,高层（共11层）,宝清时代新城,40万,黑龙江,2室1厅,南北向,4301元/㎡,,https://shuangyashan.esf.fang.com/chushou/16_201150.htm
1061,双鸭山,宝清县,93㎡,高层（共11层）,宝清时代新城,40万,黑龙江,2室1厅,南北向,4301元/㎡,,https://shuangyashan.esf.fang.com/chushou/16_201150.htm
1062,双鸭山,集贤县,55.55㎡,低层（共6层）,二中家属楼,45万,黑龙江,1室0厅,南向,8101元/㎡,,https://shuangyashan.esf.fang.com/chushou/16_201153.htm
1063,双鸭山,集贤县,55.55㎡,低层（共6层）,二中家属楼,45万,黑龙江,1室0厅,南向,8101元/㎡,,https://shuangyashan.esf.fang.com/chushou/16_201153.htm
1064,双鸭山,尖山区,132㎡,高层（共7层）,名如苑小区,24万,黑龙江,3室2厅,南北向,1818元/㎡,,https://shuangyashan.esf.fang.com/chushou/16_201158.htm
1065,双鸭山,尖山区,132㎡,高层（共7层）,名如苑小区,24万,黑龙江,3室2厅,南北向,1818元/㎡,,https://shuangyashan.esf.fang.com/chushou/16_201158.htm
1066,双鸭山,尖山区,85㎡,低层（共12层）,新德政园,25万,黑龙江,2室1厅,东北向,2941元/㎡,,https://shuangyashan.esf.fang.com/chushou/16_201159.htm
1067,双鸭山,尖山区,85㎡,低层（共12层）,新德政园,25万,黑龙江,2室1厅,东北向,2941元/㎡,,https://shuangyashan.esf.fang.com/chushou/16_201159.htm
1068,双鸭山,尖山区,50㎡,高层（共7层）,南市区,6万,黑龙江,1室1厅,东向,1200元/㎡,,https://shuangyashan.esf.fang.com/chushou/16_201162.htm
1069,双鸭山,尖山区,50㎡,高层（共7层）,南市区,6万,黑龙江,1室1厅,东向,1200元/㎡,,https://shuangyashan.esf.fang.com/chushou/16_201162.htm
1070,双鸭山,尖山区,131㎡,低层（共12层）,向阳家园,26万,黑龙江,3室1厅,南北向,1985元/㎡,,https://shuangyashan.esf.fang.com/chushou/16_201163.htm
1071,双鸭山,尖山区,131㎡,低层（共12层）,向阳家园,26万,黑龙江,3室1厅,南北向,1985元/㎡,,https://shuangyashan.esf.fang.com/chushou/16_201163.htm
1072,双鸭山,尖山区-西平行路附近,80㎡,高层（共6层）,阳光小区,10万,黑龙江,2室1厅,南北向,1250元/㎡,,https://shuangyashan.esf.fang.com/chushou/16_201165.htm
1073,双鸭山,尖山区-西平行路附近,80㎡,高层（共6层）,阳光小区,10万,黑龙江,2室1厅,南北向,1250元/㎡,,https://shuangyashan.esf.fang.com/chushou/16_201165.htm
1074,双鸭山,尖山区-双鸭山市尖山区,84㎡,低层（共8层）,向阳小区,17万,黑龙江,3室1厅,南北向,2024元/㎡,,https://shuangyashan.esf.fang.com/chushou/16_201167.htm
1075,双鸭山,尖山区-双鸭山市尖山区,84㎡,低层（共8层）,向阳小区,17万,黑龙江,3室1厅,南北向,2024元/㎡,,https://shuangyashan.esf.fang.com/chushou/16_201167.htm
1076,双鸭山,尖山区,82㎡,低层（共7层）,矿务局家属楼,17万,黑龙江,3室1厅,东西向,2073元/㎡,,https://shuangyashan.esf.fang.com/chushou/16_201166.htm
1077,双鸭山,尖山区,82㎡,低层（共7层）,矿务局家属楼,17万,黑龙江,3室1厅,东西向,2073元/㎡,,https://shuangyashan.esf.fang.com/chushou/16_201166.htm
1078,双鸭山,尖山区,58㎡,高层（共7层）,南市区,10万,黑龙江,2室1厅,南北向,1724元/㎡,,https://shuangyashan.esf.fang.com/chushou/16_201169.htm
1079,双鸭山,尖山区,58㎡,高层（共7层）,南市区,10万,黑龙江,2室1厅,南北向,1724元/㎡,,https://shuangyashan.esf.fang.com/chushou/16_201169.htm
1080,双鸭山,尖山区,50㎡,高层（共7层）,南市区,6万,黑龙江,1室1厅,东向,1200元/㎡,,https://shuangyashan.esf.fang.com/chushou/16_201170.htm
1081,双鸭山,尖山区,50㎡,高层（共7层）,南市区,6万,黑龙江,1室1厅,东向,1200元/㎡,,https://shuangyashan.esf.fang.com/chushou/16_201170.htm
1082,双鸭山,集贤县,110㎡,中层（共6层）,福利气象小区,24万,黑龙江,3室2厅,南北向,2182元/㎡,,https://shuangyashan.esf.fang.com/chushou/16_201161.htm
1083,双鸭山,集贤县,110㎡,中层（共6层）,福利气象小区,24万,黑龙江,3室2厅,南北向,2182元/㎡,,https://shuangyashan.esf.fang.com/chushou/16_201161.htm
1084,双鸭山,尖山区,97㎡,中层（共18层）,山水华庭,46万,黑龙江,2室1厅,南北向,4742元/㎡,,https://shuangyashan.esf.fang.com/chushou/16_201171.htm
1085,双鸭山,尖山区,97㎡,中层（共18层）,山水华庭,46万,黑龙江,2室1厅,南北向,4742元/㎡,,https://shuangyashan.esf.fang.com/chushou/16_201171.htm
1086,双鸭山,集贤县,110㎡,中层（共6层）,福利气象小区,24万,黑龙江,3室2厅,南北向,2182元/㎡,,https://shuangyashan.esf.fang.com/chushou/16_201160.htm
1087,双鸭山,集贤县,110㎡,中层（共6层）,福利气象小区,24万,黑龙江,3室2厅,南北向,2182元/㎡,,https://shuangyashan.esf.fang.com/chushou/16_201160.htm
1088,双鸭山,集贤县,108㎡,高层（共6层）,花园现代城,16万,黑龙江,3室1厅,西向,1481元/㎡,,https://shuangyashan.esf.fang.com/chushou/16_201173.htm
1089,双鸭山,集贤县,108㎡,高层（共6层）,花园现代城,16万,黑龙江,3室1厅,西向,1481元/㎡,,https://shuangyashan.esf.fang.com/chushou/16_201173.htm
1090,双鸭山,尖山区,178㎡,中层（共17层）,六马路银行家,63万,黑龙江,3室1厅,南北向,3539元/㎡,,https://shuangyashan.esf.fang.com/chushou/16_201174.htm
1091,双鸭山,尖山区,178㎡,中层（共17层）,六马路银行家,63万,黑龙江,3室1厅,南北向,3539元/㎡,,https://shuangyashan.esf.fang.com/chushou/16_201174.htm
1092,双鸭山,四方台区,81㎡,中层（共21层）,城南壹品,26万,黑龙江,2室1厅,东南向,3210元/㎡,,https://shuangyashan.esf.fang.com/chushou/16_201175.htm
1093,双鸭山,四方台区,81㎡,中层（共21层）,城南壹品,26万,黑龙江,2室1厅,东南向,3210元/㎡,,https://shuangyashan.esf.fang.com/chushou/16_201175.htm
1094,双鸭山,集贤县,109㎡,中层（共6层）,集贤气象小区,24万,黑龙江,3室2厅,南北向,2202元/㎡,,https://shuangyashan.esf.fang.com/chushou/16_201172.htm
1095,双鸭山,集贤县,109㎡,中层（共6层）,集贤气象小区,24万,黑龙江,3室2厅,南北向,2202元/㎡,,https://shuangyashan.esf.fang.com/chushou/16_201172.htm
1096,双鸭山,尖山区,61㎡,低层（共6层）,惠民二期,90000万,黑龙江,2室1厅,南向,14754098元/㎡,,https://shuangyashan.esf.fang.com/chushou/16_201177.htm
1097,双鸭山,尖山区,61㎡,低层（共6层）,惠民二期,90000万,黑龙江,2室1厅,南向,14754098元/㎡,,https://shuangyashan.esf.fang.com/chushou/16_201177.htm
1098,双鸭山,尖山区,54㎡,中层（共7层）,南小市12号地块2期,62500万,黑龙江,1室1厅,,11574074元/㎡,,https://shuangyashan.esf.fang.com/chushou/16_201178.htm
1099,双鸭山,尖山区,54㎡,中层（共7层）,南小市12号地块2期,62500万,黑龙江,1室1厅,,11574074元/㎡,,https://shuangyashan.esf.fang.com/chushou/16_201178.htm
1100,双鸭山,宝清县,36㎡,低层（共6层）,东方家园,12万,黑龙江,1室1厅,西向,3333元/㎡,,https://shuangyashan.esf.fang.com/chushou/16_201179.htm
1101,双鸭山,宝清县,36㎡,低层（共6层）,东方家园,12万,黑龙江,1室1厅,西向,3333元/㎡,,https://shuangyashan.esf.fang.com/chushou/16_201179.htm
1102,双鸭山,尖山区,78㎡,高层（共7层）,南市区,8万,黑龙江,2室1厅,南北向,1026元/㎡,,https://shuangyashan.esf.fang.com/chushou/16_201180.htm
1103,双鸭山,尖山区,78㎡,高层（共7层）,南市区,8万,黑龙江,2室1厅,南北向,1026元/㎡,,https://shuangyashan.esf.fang.com/chushou/16_201180.htm
1104,双鸭山,尖山区,78㎡,高层（共7层）,南市区,10万,黑龙江,2室1厅,南北向,1282元/㎡,,https://shuangyashan.esf.fang.com/chushou/16_201168.htm
1105,双鸭山,尖山区,78㎡,高层（共7层）,南市区,10万,黑龙江,2室1厅,南北向,1282元/㎡,,https://shuangyashan.esf.fang.com/chushou/16_201168.htm
1106,双鸭山,尖山区,85㎡,高层（共7层）,南市区,15万,黑龙江,2室1厅,南北向,1765元/㎡,,https://shuangyashan.esf.fang.com/chushou/16_201182.htm
1107,双鸭山,尖山区,85㎡,高层（共7层）,南市区,15万,黑龙江,2室1厅,南北向,1765元/㎡,,https://shuangyashan.esf.fang.com/chushou/16_201182.htm
1108,双鸭山,尖山区,96㎡,中层（共12层）,平安家园,35万,黑龙江,2室2厅,南北向,3646元/㎡,,https://shuangyashan.esf.fang.com/chushou/16_201183.htm
1109,双鸭山,尖山区,96㎡,中层（共12层）,平安家园,35万,黑龙江,2室2厅,南北向,3646元/㎡,,https://shuangyashan.esf.fang.com/chushou/16_201183.htm
1110,双鸭山,岭东区,100㎡,中层（共15层）,博爱园,12万,黑龙江,2室1厅,南北向,1200元/㎡,,https://shuangyashan.esf.fang.com/chushou/16_201184.htm
1111,双鸭山,岭东区,100㎡,中层（共15层）,博爱园,12万,黑龙江,2室1厅,南北向,1200元/㎡,,https://shuangyashan.esf.fang.com/chushou/16_201184.htm
1112,双鸭山,尖山区,56㎡,高层（共7层）,西山新村,12万,黑龙江,1室1厅,南向,2143元/㎡,,https://shuangyashan.esf.fang.com/chushou/16_201185.htm
1113,双鸭山,尖山区,56㎡,高层（共7层）,西山新村,12万,黑龙江,1室1厅,南向,2143元/㎡,,https://shuangyashan.esf.fang.com/chushou/16_201185.htm
1114,双鸭山,尖山区,87.25㎡,高层（共6层）,益人家园,32万,黑龙江,2室1厅,南北向,3668元/㎡,,https://shuangyashan.esf.fang.com/chushou/16_201186.htm
1115,双鸭山,尖山区,87.25㎡,高层（共6层）,益人家园,32万,黑龙江,2室1厅,南北向,3668元/㎡,,https://shuangyashan.esf.fang.com/chushou/16_201186.htm
1116,双鸭山,集贤县,109㎡,中层（共6层）,集贤气象小区,24万,黑龙江,3室2厅,南北向,2202元/㎡,,https://shuangyashan.esf.fang.com/chushou/16_201176.htm
1117,双鸭山,集贤县,109㎡,中层（共6层）,集贤气象小区,24万,黑龙江,3室2厅,南北向,2202元/㎡,,https://shuangyashan.esf.fang.com/chushou/16_201176.htm
1118,双鸭山,宝清县,57.51㎡,高层（共17层）,锦绣新城,16万,黑龙江,1室1厅,南向,2782元/㎡,,https://shuangyashan.esf.fang.com/chushou/16_201190.htm
1119,双鸭山,宝清县,57.51㎡,高层（共17层）,锦绣新城,16万,黑龙江,1室1厅,南向,2782元/㎡,,https://shuangyashan.esf.fang.com/chushou/16_201190.htm
1120,双鸭山,尖山区,70㎡,高层（共7层）,荣府小区,13万,黑龙江,2室1厅,南北向,1857元/㎡,,https://shuangyashan.esf.fang.com/chushou/16_201191.htm
1121,双鸭山,尖山区,70㎡,高层（共7层）,荣府小区,13万,黑龙江,2室1厅,南北向,1857元/㎡,,https://shuangyashan.esf.fang.com/chushou/16_201191.htm
1122,双鸭山,宝清县,70㎡,低层（共6层）,新华园小区,33万,黑龙江,2室1厅,南北向,4714元/㎡,,https://shuangyashan.esf.fang.com/chushou/16_201192.htm
1123,双鸭山,宝清县,70㎡,低层（共6层）,新华园小区,33万,黑龙江,2室1厅,南北向,4714元/㎡,,https://shuangyashan.esf.fang.com/chushou/16_201192.htm
1124,双鸭山,宝清县,84.86㎡,高层（共6层）,北兴家园,32万,黑龙江,3室1厅,南北向,3771元/㎡,,https://shuangyashan.esf.fang.com/chushou/16_201193.htm
1125,双鸭山,宝清县,84.86㎡,高层（共6层）,北兴家园,32万,黑龙江,3室1厅,南北向,3771元/㎡,,https://shuangyashan.esf.fang.com/chushou/16_201193.htm
1126,双鸭山,宝清县,90㎡,低层（共13层）,绿洲新城,33万,黑龙江,2室1厅,南向,3667元/㎡,,https://shuangyashan.esf.fang.com/chushou/16_201196.htm
1127,双鸭山,宝清县,90㎡,低层（共13层）,绿洲新城,33万,黑龙江,2室1厅,南向,3667元/㎡,,https://shuangyashan.esf.fang.com/chushou/16_201196.htm
1128,双鸭山,宝清县,66.54㎡,中层（共7层）,永隆臻尚居,19万,黑龙江,2室1厅,南北向,2855元/㎡,,https://shuangyashan.esf.fang.com/chushou/16_201197.htm
1129,双鸭山,宝清县,66.54㎡,中层（共7层）,永隆臻尚居,19万,黑龙江,2室1厅,南北向,2855元/㎡,,https://shuangyashan.esf.fang.com/chushou/16_201197.htm
1130,双鸭山,宝清县,73.76㎡,中层（共7层）,馨悦小区,27万,黑龙江,2室1厅,南北向,3661元/㎡,,https://shuangyashan.esf.fang.com/chushou/16_201198.htm
1131,双鸭山,宝清县,73.76㎡,中层（共7层）,馨悦小区,27万,黑龙江,2室1厅,南北向,3661元/㎡,,https://shuangyashan.esf.fang.com/chushou/16_201198.htm
1132,双鸭山,宝清县,77㎡,中层（共7层）,成龙家园,35万,黑龙江,2室1厅,南北向,4545元/㎡,,https://shuangyashan.esf.fang.com/chushou/16_201199.htm
1133,双鸭山,宝清县,77㎡,中层（共7层）,成龙家园,35万,黑龙江,2室1厅,南北向,4545元/㎡,,https://shuangyashan.esf.fang.com/chushou/16_201199.htm
1134,双鸭山,尖山区-八马路,89㎡,高层（共7层）,文南小区,18万,黑龙江,2室1厅,南北向,2022元/㎡,,https://shuangyashan.esf.fang.com/chushou/16_201201.htm
1135,双鸭山,尖山区-八马路,89㎡,高层（共7层）,文南小区,18万,黑龙江,2室1厅,南北向,2022元/㎡,,https://shuangyashan.esf.fang.com/chushou/16_201201.htm
1136,双鸭山,尖山区-二马路,60㎡,高层（共6层）,春晖小区,10万,黑龙江,1室1厅,南北向,1667元/㎡,,https://shuangyashan.esf.fang.com/chushou/16_201202.htm
1137,双鸭山,尖山区-二马路,60㎡,高层（共6层）,春晖小区,10万,黑龙江,1室1厅,南北向,1667元/㎡,,https://shuangyashan.esf.fang.com/chushou/16_201202.htm
1138,双鸭山,集贤县,30㎡,低层（共11层）,众胜嘉园,7万,黑龙江,1室0厅,北向,2333元/㎡,,https://shuangyashan.esf.fang.com/chushou/16_201203.htm
1139,双鸭山,集贤县,30㎡,低层（共11层）,众胜嘉园,7万,黑龙江,1室0厅,北向,2333元/㎡,,https://shuangyashan.esf.fang.com/chushou/16_201203.htm
1140,双鸭山,宝清县,54.21㎡,高层（共6层）,时代新城,19万,黑龙江,2室1厅,东南向,3505元/㎡,,https://shuangyashan.esf.fang.com/chushou/16_201207.htm
1141,双鸭山,宝清县,54.21㎡,高层（共6层）,时代新城,19万,黑龙江,2室1厅,东南向,3505元/㎡,,https://shuangyashan.esf.fang.com/chushou/16_201207.htm
1142,双鸭山,尖山区,24㎡,高层（共1层）,紫怡花园小区,10万,黑龙江,1室0厅,南北向,4167元/㎡,,https://shuangyashan.esf.fang.com/chushou/16_201204.htm
1143,双鸭山,尖山区,24㎡,高层（共1层）,紫怡花园小区,10万,黑龙江,1室0厅,南北向,4167元/㎡,,https://shuangyashan.esf.fang.com/chushou/16_201204.htm
1144,双鸭山,尖山区,59㎡,低层（共7层）,南城家园,8万,黑龙江,2室1厅,南北向,1356元/㎡,,https://shuangyashan.esf.fang.com/chushou/16_201209.htm
1145,双鸭山,尖山区,59㎡,低层（共7层）,南城家园,8万,黑龙江,2室1厅,南北向,1356元/㎡,,https://shuangyashan.esf.fang.com/chushou/16_201209.htm
1146,双鸭山,,81㎡,高层（共5层）,福安路土产因杂楼五楼,14万,黑龙江,2室1厅,南北向,1728元/㎡,,https://shuangyashan.esf.fang.com/chushou/16_201210.htm
1147,双鸭山,,81㎡,高层（共5层）,福安路土产因杂楼五楼,14万,黑龙江,2室1厅,南北向,1728元/㎡,,https://shuangyashan.esf.fang.com/chushou/16_201210.htm
1148,双鸭山,尖山区,97.23㎡,高层（共33层）,格林雅苑,25万,黑龙江,2室1厅,南北向,2571元/㎡,,https://shuangyashan.esf.fang.com/chushou/16_201211.htm
1149,双鸭山,尖山区,97.23㎡,高层（共33层）,格林雅苑,25万,黑龙江,2室1厅,南北向,2571元/㎡,,https://shuangyashan.esf.fang.com/chushou/16_201211.htm
1150,双鸭山,尖山区,50㎡,高层（共7层）,南市区,6万,黑龙江,2室1厅,南北向,1200元/㎡,,https://shuangyashan.esf.fang.com/chushou/16_201213.htm
1151,双鸭山,尖山区,50㎡,高层（共7层）,南市区,6万,黑龙江,2室1厅,南北向,1200元/㎡,,https://shuangyashan.esf.fang.com/chushou/16_201213.htm
1152,双鸭山,尖山区,50㎡,高层（共7层）,南市区,6万,黑龙江,2室1厅,南北向,1200元/㎡,,https://shuangyashan.esf.fang.com/chushou/16_201214.htm
1153,双鸭山,尖山区,50㎡,高层（共7层）,南市区,6万,黑龙江,2室1厅,南北向,1200元/㎡,,https://shuangyashan.esf.fang.com/chushou/16_201214.htm
1154,双鸭山,尖山区,68㎡,中层（共7层）,时尚名都,16万,黑龙江,1室2厅,南北向,2353元/㎡,,https://shuangyashan.esf.fang.com/chushou/16_201215.htm
1155,双鸭山,尖山区,68㎡,中层（共7层）,时尚名都,16万,黑龙江,1室2厅,南北向,2353元/㎡,,https://shuangyashan.esf.fang.com/chushou/16_201215.htm
1156,双鸭山,集贤县,136㎡,低层（共6层）,集贤县福利屯花园现代城,23万,黑龙江,3室2厅,南向,1691元/㎡,,https://shuangyashan.esf.fang.com/chushou/16_201219.htm
1157,双鸭山,集贤县,136㎡,低层（共6层）,集贤县福利屯花园现代城,23万,黑龙江,3室2厅,南向,1691元/㎡,,https://shuangyashan.esf.fang.com/chushou/16_201219.htm
1158,双鸭山,尖山区,85㎡,高层（共4层）,新兴大街八马路文南小区,18万,黑龙江,2室1厅,南北向,2118元/㎡,,https://shuangyashan.esf.fang.com/chushou/16_201220.htm
1159,双鸭山,尖山区,85㎡,高层（共4层）,新兴大街八马路文南小区,18万,黑龙江,2室1厅,南北向,2118元/㎡,,https://shuangyashan.esf.fang.com/chushou/16_201220.htm
1160,双鸭山,集贤县,109㎡,中层（共6层）,集贤气象小区税务楼,24万,黑龙江,3室2厅,南北向,2202元/㎡,,https://shuangyashan.esf.fang.com/chushou/16_201187.htm
1161,双鸭山,集贤县,109㎡,中层（共6层）,集贤气象小区税务楼,24万,黑龙江,3室2厅,南北向,2202元/㎡,,https://shuangyashan.esf.fang.com/chushou/16_201187.htm
1162,双鸭山,宝山区,50㎡,中层（共5层）,七星矿公园附近,5万,黑龙江,2室1厅,南北向,1000元/㎡,,https://shuangyashan.esf.fang.com/chushou/16_201221.htm
1163,双鸭山,宝山区,50㎡,中层（共5层）,七星矿公园附近,5万,黑龙江,2室1厅,南北向,1000元/㎡,,https://shuangyashan.esf.fang.com/chushou/16_201221.htm
1164,双鸭山,尖山区-二马路,55㎡,低层（共7层）,春晖小区,8万,黑龙江,1室1厅,南向,1455元/㎡,,https://shuangyashan.esf.fang.com/chushou/16_201218.htm
1165,双鸭山,尖山区-二马路,55㎡,低层（共7层）,春晖小区,8万,黑龙江,1室1厅,南向,1455元/㎡,,https://shuangyashan.esf.fang.com/chushou/16_201218.htm
1166,西双版纳,嘎栋工业园区-西双版纳融创万达国际度假区,127㎡,,曼掌院墅,165万,云南,,南向,12992元/㎡,,https://xishuangbanna.esf.fang.com/chushou/10_154270007.htm
1167,西双版纳,嘎栋工业园区-西双版纳融创万达国际度假区,127㎡,,曼掌院墅,165万,云南,,南向,12992元/㎡,,https://xishuangbanna.esf.fang.com/chushou/10_154270007.htm
1168,锡林浩特,锡林浩特市,102㎡,中层（共6层）,大业金河湾D区3室精装102平米带家具家,47万,内蒙古,3室2厅,南北向,4608元/㎡,,https://xilinhaote.esf.fang.com/chushou/16_201051.htm
1169,锡林浩特,锡林浩特市,102㎡,中层（共6层）,大业金河湾D区3室精装102平米带家具家,47万,内蒙古,3室2厅,南北向,4608元/㎡,,https://xilinhaote.esf.fang.com/chushou/16_201051.htm
1170,西双版纳,嘎洒旅游小镇-嘎洒旅游小镇平安大道,308㎡,,平安悦景庄,680万,云南,,南向,22078元/㎡,,https://xishuangbanna.esf.fang.com/chushou/10_154266462.htm
1171,西双版纳,嘎洒旅游小镇-嘎洒旅游小镇平安大道,308㎡,,平安悦景庄,680万,云南,,南向,22078元/㎡,,https://xishuangbanna.esf.fang.com/chushou/10_154266462.htm
1172,西双版纳,江北-景洪至橄榄坝旅游小镇景宽公路边,138㎡,,观澜云顶,140万,云南,,南向,10145元/㎡,,https://xishuangbanna.esf.fang.com/chushou/10_154272816.htm
1173,西双版纳,江北-景洪至橄榄坝旅游小镇景宽公路边,138㎡,,观澜云顶,140万,云南,,南向,10145元/㎡,,https://xishuangbanna.esf.fang.com/chushou/10_154272816.htm
1174,西双版纳,嘎洒旅游小镇-中国;云南;西双版纳景洪市嘎洒镇雅居乐大道西,202㎡,,雅居乐西双林语,345万,云南,,南向,17079元/㎡,,https://xishuangbanna.esf.fang.com/chushou/10_154260990.htm
1175,西双版纳,嘎洒旅游小镇-中国;云南;西双版纳景洪市嘎洒镇雅居乐大道西,202㎡,,雅居乐西双林语,345万,云南,,南向,17079元/㎡,,https://xishuangbanna.esf.fang.com/chushou/10_154260990.htm
1176,西双版纳,江北-景洪至橄榄坝旅游小镇景宽公路边,158㎡,,观澜云顶,148万,云南,,南向,9367元/㎡,,https://xishuangbanna.esf.fang.com/chushou/10_154247639.htm
1177,西双版纳,江北-景洪至橄榄坝旅游小镇景宽公路边,158㎡,,观澜云顶,148万,云南,,南向,9367元/㎡,,https://xishuangbanna.esf.fang.com/chushou/10_154247639.htm
1178,西双版纳,江北-景洪至橄榄坝旅游小镇景宽公路边,158㎡,,观澜云顶,145万,云南,,南向,9177元/㎡,,https://xishuangbanna.esf.fang.com/chushou/10_154266369.htm
1179,西双版纳,江北-景洪至橄榄坝旅游小镇景宽公路边,158㎡,,观澜云顶,145万,云南,,南向,9177元/㎡,,https://xishuangbanna.esf.fang.com/chushou/10_154266369.htm
1180,西双版纳,,,,,,云南,,,,,
1181,西双版纳,,,,,,云南,,,,,
1182,锡林浩特,太仆寺旗-太仆寺旗建设南街1号,96㎡,高层（共6层）,宝丰新天地,30万,内蒙古,2室1厅,南北向,3125元/㎡,,https://xilinhaote.esf.fang.com/chushou/16_201053.htm
1183,锡林浩特,太仆寺旗-太仆寺旗建设南街1号,96㎡,高层（共6层）,宝丰新天地,30万,内蒙古,2室1厅,南北向,3125元/㎡,,https://xilinhaote.esf.fang.com/chushou/16_201053.htm
1184,锡林浩特,锡林浩特市,116㎡,高层（共6层）,华昊文苑小区楼房出售,33万,内蒙古,3室2厅,南北向,2845元/㎡,,https://xilinhaote.esf.fang.com/chushou/16_201054.htm
1185,锡林浩特,锡林浩特市,116㎡,高层（共6层）,华昊文苑小区楼房出售,33万,内蒙古,3室2厅,南北向,2845元/㎡,,https://xilinhaote.esf.fang.com/chushou/16_201054.htm
1186,锡林浩特,"锡林浩特市-林浩特市2路上行(广达欣城-三队西),2路下",190㎡,高层（共6层）,广达欣城,75万,内蒙古,3室2厅,南北向,3947元/㎡,,https://xilinhaote.esf.fang.com/chushou/16_201055.htm
1187,锡林浩特,"锡林浩特市-林浩特市2路上行(广达欣城-三队西),2路下",190㎡,高层（共6层）,广达欣城,75万,内蒙古,3室2厅,南北向,3947元/㎡,,https://xilinhaote.esf.fang.com/chushou/16_201055.htm
1188,锡林浩特,锡林浩特市,107.7㎡,高层（共18层）,众力如意园,38万,内蒙古,3室1厅,南向,3528元/㎡,,https://xilinhaote.esf.fang.com/chushou/16_201056.htm
1189,锡林浩特,锡林浩特市,107.7㎡,高层（共18层）,众力如意园,38万,内蒙古,3室1厅,南向,3528元/㎡,,https://xilinhaote.esf.fang.com/chushou/16_201056.htm
1190,锡林浩特,锡林浩特市,115㎡,中层（共12层）,尚城生活,45万,内蒙古,2室2厅,南向,3913元/㎡,,https://xilinhaote.esf.fang.com/chushou/16_201057.htm
1191,锡林浩特,锡林浩特市,115㎡,中层（共12层）,尚城生活,45万,内蒙古,2室2厅,南向,3913元/㎡,,https://xilinhaote.esf.fang.com/chushou/16_201057.htm
1192,锡林浩特,锡林浩特市,240㎡,中层（共2层）,西湖世家,168万,内蒙古,3室2厅,南北向,7000元/㎡,,https://xilinhaote.esf.fang.com/chushou/16_201058.htm
1193,锡林浩特,锡林浩特市,240㎡,中层（共2层）,西湖世家,168万,内蒙古,3室2厅,南北向,7000元/㎡,,https://xilinhaote.esf.fang.com/chushou/16_201058.htm
1194,西双版纳,江北-景洪至橄榄坝旅游小镇景宽公路边,98㎡,,观澜云顶,148万,云南,,南向,15102元/㎡,,https://xishuangbanna.esf.fang.com/chushou/10_154231851.htm
1195,西双版纳,江北-景洪至橄榄坝旅游小镇景宽公路边,98㎡,,观澜云顶,148万,云南,,南向,15102元/㎡,,https://xishuangbanna.esf.fang.com/chushou/10_154231851.htm
1196,西双版纳,江北-景洪至橄榄坝旅游小镇景宽公路边,145㎡,,观澜云顶,150万,云南,,南向,10345元/㎡,,https://xishuangbanna.esf.fang.com/chushou/10_154256809.htm
1197,西双版纳,江北-景洪至橄榄坝旅游小镇景宽公路边,145㎡,,观澜云顶,150万,云南,,南向,10345元/㎡,,https://xishuangbanna.esf.fang.com/chushou/10_154256809.htm
1198,西双版纳,嘎洒旅游小镇-雅居乐西双林语中国;云南;西双版纳景洪市嘎洒,124㎡,,雅居乐西双林语,314万,云南,,南向,25323元/㎡,,https://xishuangbanna.esf.fang.com/chushou/10_154167876.htm
1199,西双版纳,嘎洒旅游小镇-雅居乐西双林语中国;云南;西双版纳景洪市嘎洒,124㎡,,雅居乐西双林语,314万,云南,,南向,25323元/㎡,,https://xishuangbanna.esf.fang.com/chushou/10_154167876.htm
1200,西双版纳,嘎洒旅游小镇-嘎洒旅游小镇平安大道,160㎡,,平安悦景庄,210万,云南,,南向,13125元/㎡,,https://xishuangbanna.esf.fang.com/chushou/10_154282833.htm
1201,西双版纳,嘎洒旅游小镇-嘎洒旅游小镇平安大道,160㎡,,平安悦景庄,210万,云南,,南向,13125元/㎡,,https://xishuangbanna.esf.fang.com/chushou/10_154282833.htm
1202,西双版纳,江北-景洪至橄榄坝旅游小镇景宽公路边,138㎡,,观澜云顶,140万,云南,,南向,10145元/㎡,,https://xishuangbanna.esf.fang.com/chushou/10_154234972.htm
1203,西双版纳,江北-景洪至橄榄坝旅游小镇景宽公路边,138㎡,,观澜云顶,140万,云南,,南向,10145元/㎡,,https://xishuangbanna.esf.fang.com/chushou/10_154234972.htm
1204,锡林浩特,锡林浩特市-杭盖路锡林大街交叉口东150米路南,86㎡,中层（共6层）,亿嘉名仕,37万,内蒙古,2室2厅,南北向,4302元/㎡,,https://xilinhaote.esf.fang.com/chushou/16_201059.htm
1205,锡林浩特,锡林浩特市-杭盖路锡林大街交叉口东150米路南,86㎡,中层（共6层）,亿嘉名仕,37万,内蒙古,2室2厅,南北向,4302元/㎡,,https://xilinhaote.esf.fang.com/chushou/16_201059.htm
1206,锡林浩特,锡林浩特市,75㎡,中层（共5层）,毛纺厂前栋家属楼,29万,内蒙古,2室1厅,南向,3867元/㎡,,https://xilinhaote.esf.fang.com/chushou/16_201060.htm
1207,锡林浩特,锡林浩特市,75㎡,中层（共5层）,毛纺厂前栋家属楼,29万,内蒙古,2室1厅,南向,3867元/㎡,,https://xilinhaote.esf.fang.com/chushou/16_201060.htm
1208,锡林浩特,锡林浩特市,344㎡,高层（共2层）,神华胜利嘉园小区,285万,内蒙古,6室3厅,南北向,8285元/㎡,,https://xilinhaote.esf.fang.com/chushou/16_201061.htm
1209,锡林浩特,锡林浩特市,344㎡,高层（共2层）,神华胜利嘉园小区,285万,内蒙古,6室3厅,南北向,8285元/㎡,,https://xilinhaote.esf.fang.com/chushou/16_201061.htm
1210,锡林浩特,锡林浩特市,98㎡,高层（共6层）,广达欣城,43万,内蒙古,2室2厅,南北向,4388元/㎡,,https://xilinhaote.esf.fang.com/chushou/16_201062.htm
1211,锡林浩特,锡林浩特市,98㎡,高层（共6层）,广达欣城,43万,内蒙古,2室2厅,南北向,4388元/㎡,,https://xilinhaote.esf.fang.com/chushou/16_201062.htm
1212,锡林浩特,锡林浩特市,130㎡,高层（共5层）,雄风小区,38万,内蒙古,3室2厅,,2923元/㎡,,https://xilinhaote.esf.fang.com/chushou/16_201063.htm
1213,锡林浩特,锡林浩特市,130㎡,高层（共5层）,雄风小区,38万,内蒙古,3室2厅,,2923元/㎡,,https://xilinhaote.esf.fang.com/chushou/16_201063.htm
1214,锡林浩特,锡林浩特市,89㎡,高层（共5层）,鑫盛家园,22万,内蒙古,2室1厅,南北向,2472元/㎡,,https://xilinhaote.esf.fang.com/chushou/16_201064.htm
1215,锡林浩特,锡林浩特市,89㎡,高层（共5层）,鑫盛家园,22万,内蒙古,2室1厅,南北向,2472元/㎡,,https://xilinhaote.esf.fang.com/chushou/16_201064.htm
1216,西双版纳,曼弄枫-曼弄枫,180㎡,低层（共14层）,曼城,128万,云南,4室2厅,南北向,7111元/㎡,,https://xishuangbanna.esf.fang.com/chushou/3_154282544.htm
1217,西双版纳,曼弄枫-曼弄枫,180㎡,低层（共14层）,曼城,128万,云南,4室2厅,南北向,7111元/㎡,,https://xishuangbanna.esf.fang.com/chushou/3_154282544.htm
1218,西双版纳,嘎洒旅游小镇-中国;云南;西双版纳景洪市嘎洒镇雅居乐大道西,158㎡,,雅居乐西双林语,248万,云南,,南向,15696元/㎡,,https://xishuangbanna.esf.fang.com/chushou/10_154248347.htm
1219,西双版纳,嘎洒旅游小镇-中国;云南;西双版纳景洪市嘎洒镇雅居乐大道西,158㎡,,雅居乐西双林语,248万,云南,,南向,15696元/㎡,,https://xishuangbanna.esf.fang.com/chushou/10_154248347.htm
1220,西双版纳,嘎洒旅游小镇-嘎洒旅游小镇平安大道,160㎡,,平安悦景庄,240万,云南,,南向,15000元/㎡,,https://xishuangbanna.esf.fang.com/chushou/10_154239103.htm
1221,西双版纳,嘎洒旅游小镇-嘎洒旅游小镇平安大道,160㎡,,平安悦景庄,240万,云南,,南向,15000元/㎡,,https://xishuangbanna.esf.fang.com/chushou/10_154239103.htm
1222,西双版纳,嘎洒旅游小镇-中国;云南;西双版纳景洪市嘎洒镇雅居乐大道西,202㎡,,雅居乐西双林语,345万,云南,,南向,17079元/㎡,,https://xishuangbanna.esf.fang.com/chushou/10_154247669.htm
1223,西双版纳,嘎洒旅游小镇-中国;云南;西双版纳景洪市嘎洒镇雅居乐大道西,202㎡,,雅居乐西双林语,345万,云南,,南向,17079元/㎡,,https://xishuangbanna.esf.fang.com/chushou/10_154247669.htm
1224,西双版纳,嘎洒旅游小镇-中国;云南;西双版纳景洪市嘎洒镇雅居乐大道西,202㎡,,雅居乐西双林语,330万,云南,,南向,16337元/㎡,,https://xishuangbanna.esf.fang.com/chushou/10_154239077.htm
1225,西双版纳,嘎洒旅游小镇-中国;云南;西双版纳景洪市嘎洒镇雅居乐大道西,202㎡,,雅居乐西双林语,330万,云南,,南向,16337元/㎡,,https://xishuangbanna.esf.fang.com/chushou/10_154239077.htm
1226,西双版纳,曼弄枫-菩提大道中段,127㎡,低层（共15层）,南山别院,88万,云南,3室2厅,南向,6929元/㎡,2018年建,https://xishuangbanna.esf.fang.com/chushou/3_154269217.htm
1227,西双版纳,曼弄枫-菩提大道中段,127㎡,低层（共15层）,南山别院,88万,云南,3室2厅,南向,6929元/㎡,2018年建,https://xishuangbanna.esf.fang.com/chushou/3_154269217.htm
1228,锡林浩特,西乌珠穆沁旗,120㎡,高层（共2层）,绿海云天,50万,内蒙古,2室1厅,东西向,4167元/㎡,,https://xilinhaote.esf.fang.com/chushou/16_201065.htm
1229,锡林浩特,西乌珠穆沁旗,120㎡,高层（共2层）,绿海云天,50万,内蒙古,2室1厅,东西向,4167元/㎡,,https://xilinhaote.esf.fang.com/chushou/16_201065.htm
1230,锡林浩特,锡林浩特市,130㎡,中层（共18层）,锡林湾,3500万,内蒙古,3室2厅,南北向,269231元/㎡,,https://xilinhaote.esf.fang.com/chushou/16_201066.htm
1231,锡林浩特,锡林浩特市,130㎡,中层（共18层）,锡林湾,3500万,内蒙古,3室2厅,南北向,269231元/㎡,,https://xilinhaote.esf.fang.com/chushou/16_201066.htm
1232,锡林浩特,多伦县,115㎡,低层（共6层）,大唐公寓,45万,内蒙古,3室2厅,东向,3913元/㎡,,https://xilinhaote.esf.fang.com/chushou/16_201068.htm
1233,锡林浩特,多伦县,115㎡,低层（共6层）,大唐公寓,45万,内蒙古,3室2厅,东向,3913元/㎡,,https://xilinhaote.esf.fang.com/chushou/16_201068.htm
1234,锡林浩特,锡林浩特市,75㎡,中层（共11层）,锡郡广场,29万,内蒙古,2室1厅,南北向,3867元/㎡,,https://xilinhaote.esf.fang.com/chushou/16_201069.htm
1235,锡林浩特,锡林浩特市,75㎡,中层（共11层）,锡郡广场,29万,内蒙古,2室1厅,南北向,3867元/㎡,,https://xilinhaote.esf.fang.com/chushou/16_201069.htm
1236,锡林浩特,锡林浩特市,85㎡,高层（共11层）,锡郡广场,34万,内蒙古,2室2厅,南北向,4000元/㎡,,https://xilinhaote.esf.fang.com/chushou/16_201070.htm
1237,锡林浩特,锡林浩特市,85㎡,高层（共11层）,锡郡广场,34万,内蒙古,2室2厅,南北向,4000元/㎡,,https://xilinhaote.esf.fang.com/chushou/16_201070.htm
1238,锡林浩特,锡林浩特市,98㎡,高层（共7层）,广达欣城,38万,内蒙古,2室2厅,南北向,3878元/㎡,,https://xilinhaote.esf.fang.com/chushou/16_201071.htm
1239,锡林浩特,锡林浩特市,98㎡,高层（共7层）,广达欣城,38万,内蒙古,2室2厅,南北向,3878元/㎡,,https://xilinhaote.esf.fang.com/chushou/16_201071.htm
1240,西双版纳,嘎洒旅游小镇-中国;云南;西双版纳景洪市嘎洒镇雅居乐大道西,202㎡,,雅居乐西双林语,340万,云南,,南向,16832元/㎡,,https://xishuangbanna.esf.fang.com/chushou/10_154259675.htm
1241,西双版纳,嘎洒旅游小镇-中国;云南;西双版纳景洪市嘎洒镇雅居乐大道西,202㎡,,雅居乐西双林语,340万,云南,,南向,16832元/㎡,,https://xishuangbanna.esf.fang.com/chushou/10_154259675.htm
1242,西双版纳,嘎洒旅游小镇-嘎洒旅游小镇平安大道,141㎡,,平安悦景庄,380万,云南,,南向,26950元/㎡,,https://xishuangbanna.esf.fang.com/chushou/10_154234987.htm
1243,西双版纳,嘎洒旅游小镇-嘎洒旅游小镇平安大道,141㎡,,平安悦景庄,380万,云南,,南向,26950元/㎡,,https://xishuangbanna.esf.fang.com/chushou/10_154234987.htm
1244,西双版纳,嘎洒旅游小镇-嘎洒旅游小镇平安大道,160㎡,,平安悦景庄,235万,云南,,南向,14688元/㎡,,https://xishuangbanna.esf.fang.com/chushou/10_154247703.htm
1245,西双版纳,嘎洒旅游小镇-嘎洒旅游小镇平安大道,160㎡,,平安悦景庄,235万,云南,,南向,14688元/㎡,,https://xishuangbanna.esf.fang.com/chushou/10_154247703.htm
1246,西双版纳,嘎栋工业园区-位于万景大道和曼沙路交汇处,71㎡,低层（共17层）,阅蓝山,55万,云南,2室2厅,南北向,7746元/㎡,2018年建,https://xishuangbanna.esf.fang.com/chushou/3_154240117.htm
1247,西双版纳,嘎栋工业园区-位于万景大道和曼沙路交汇处,71㎡,低层（共17层）,阅蓝山,55万,云南,2室2厅,南北向,7746元/㎡,2018年建,https://xishuangbanna.esf.fang.com/chushou/3_154240117.htm
1248,西双版纳,嘎洒旅游小镇-雅居乐·西双林语中国;云南;西双版纳景洪市嘎,115㎡,低层（共22层）,雅居乐·西双林语,82万,云南,3室2厅,南北向,7130元/㎡,2014年建,https://xishuangbanna.esf.fang.com/chushou/3_154284943.htm
1249,西双版纳,嘎洒旅游小镇-雅居乐·西双林语中国;云南;西双版纳景洪市嘎,115㎡,低层（共22层）,雅居乐·西双林语,82万,云南,3室2厅,南北向,7130元/㎡,2014年建,https://xishuangbanna.esf.fang.com/chushou/3_154284943.htm
1250,西双版纳,嘎洒旅游小镇-喜来登酒店南侧雨林源筑营销中心,114㎡,中层（共9层）,雨林源筑,92万,云南,3室2厅,南北向,8070元/㎡,2019年建,https://xishuangbanna.esf.fang.com/chushou/3_153653480.htm
1251,西双版纳,嘎洒旅游小镇-喜来登酒店南侧雨林源筑营销中心,114㎡,中层（共9层）,雨林源筑,92万,云南,3室2厅,南北向,8070元/㎡,2019年建,https://xishuangbanna.esf.fang.com/chushou/3_153653480.htm
1252,锡林浩特,锡林浩特市,68.21㎡,高层（共16层）,锡郡国际广场,28万,内蒙古,1室1厅,南北向,4105元/㎡,,https://xilinhaote.esf.fang.com/chushou/16_201072.htm
1253,锡林浩特,锡林浩特市,68.21㎡,高层（共16层）,锡郡国际广场,28万,内蒙古,1室1厅,南北向,4105元/㎡,,https://xilinhaote.esf.fang.com/chushou/16_201072.htm
1254,锡林浩特,锡林浩特市,90.3㎡,高层（共11层）,锡郡国际小区,37万,内蒙古,3室1厅,南北向,4097元/㎡,,https://xilinhaote.esf.fang.com/chushou/16_201073.htm
1255,锡林浩特,锡林浩特市,90.3㎡,高层（共11层）,锡郡国际小区,37万,内蒙古,3室1厅,南北向,4097元/㎡,,https://xilinhaote.esf.fang.com/chushou/16_201073.htm
1256,锡林浩特,锡林浩特市,78㎡,高层（共7层）,广达欣城,24万,内蒙古,2室1厅,南北向,3077元/㎡,,https://xilinhaote.esf.fang.com/chushou/16_201075.htm
1257,锡林浩特,锡林浩特市,78㎡,高层（共7层）,广达欣城,24万,内蒙古,2室1厅,南北向,3077元/㎡,,https://xilinhaote.esf.fang.com/chushou/16_201075.htm
1258,锡林浩特,锡林浩特市,156㎡,中层（共22层）,金塘大厦,101万,内蒙古,3室0厅,南向,6474元/㎡,,https://xilinhaote.esf.fang.com/chushou/16_201076.htm
1259,锡林浩特,锡林浩特市,156㎡,中层（共22层）,金塘大厦,101万,内蒙古,3室0厅,南向,6474元/㎡,,https://xilinhaote.esf.fang.com/chushou/16_201076.htm
1260,锡林浩特,锡林浩特市,190㎡,中层（共12层）,意关明都,91万,内蒙古,4室2厅,南北向,4789元/㎡,,https://xilinhaote.esf.fang.com/chushou/16_201077.htm
1261,锡林浩特,锡林浩特市,190㎡,中层（共12层）,意关明都,91万,内蒙古,4室2厅,南北向,4789元/㎡,,https://xilinhaote.esf.fang.com/chushou/16_201077.htm
1262,锡林浩特,锡林浩特市,165㎡,低层（共6层）,德馨小区,85万,内蒙古,3室2厅,南向,5152元/㎡,,https://xilinhaote.esf.fang.com/chushou/16_201078.htm
1263,锡林浩特,锡林浩特市,165㎡,低层（共6层）,德馨小区,85万,内蒙古,3室2厅,南向,5152元/㎡,,https://xilinhaote.esf.fang.com/chushou/16_201078.htm
1264,锡林浩特,锡林浩特市,101㎡,中层（共5层）,唐韵花园,46万,内蒙古,2室2厅,东西向,4554元/㎡,,https://xilinhaote.esf.fang.com/chushou/16_201079.htm
1265,锡林浩特,锡林浩特市,101㎡,中层（共5层）,唐韵花园,46万,内蒙古,2室2厅,东西向,4554元/㎡,,https://xilinhaote.esf.fang.com/chushou/16_201079.htm
1266,西双版纳,嘎洒旅游小镇-喜来登酒店南侧雨林源筑营销中心,131㎡,高层（共10层）,雨林源筑,124.3万,云南,3室2厅,南北向,9489元/㎡,2019年建,https://xishuangbanna.esf.fang.com/chushou/3_153469020.htm
1267,西双版纳,嘎洒旅游小镇-喜来登酒店南侧雨林源筑营销中心,131㎡,高层（共10层）,雨林源筑,124.3万,云南,3室2厅,南北向,9489元/㎡,2019年建,https://xishuangbanna.esf.fang.com/chushou/3_153469020.htm
1268,西双版纳,嘎洒旅游小镇-平安悦景庄嘎洒旅游小镇平安大道,80㎡,,平安悦景庄,185万,云南,,南向,23125元/㎡,,https://xishuangbanna.esf.fang.com/chushou/10_154219559.htm
1269,西双版纳,嘎洒旅游小镇-平安悦景庄嘎洒旅游小镇平安大道,80㎡,,平安悦景庄,185万,云南,,南向,23125元/㎡,,https://xishuangbanna.esf.fang.com/chushou/10_154219559.htm
1270,西双版纳,曼弄枫-曼城曼弄枫,180㎡,高层（共15层）,曼城,120万,云南,4室2厅,南北向,6667元/㎡,2019年建,https://xishuangbanna.esf.fang.com/chushou/3_154278993.htm
1271,西双版纳,曼弄枫-曼城曼弄枫,180㎡,高层（共15层）,曼城,120万,云南,4室2厅,南北向,6667元/㎡,2019年建,https://xishuangbanna.esf.fang.com/chushou/3_154278993.htm
1272,西双版纳,曼弄枫-菩提大道中段,126㎡,低层（共15层）,南山别院,90万,云南,3室2厅,南北向,7143元/㎡,2014年建,https://xishuangbanna.esf.fang.com/chushou/3_153870241.htm
1273,西双版纳,曼弄枫-菩提大道中段,126㎡,低层（共15层）,南山别院,90万,云南,3室2厅,南北向,7143元/㎡,2014年建,https://xishuangbanna.esf.fang.com/chushou/3_153870241.htm
1274,西双版纳,景洪-万景大道紫金路,104㎡,中层（共8层）,融创舒邦小镇,86万,云南,3室2厅,南北向,8269元/㎡,2018年建,https://xishuangbanna.esf.fang.com/chushou/3_154067453.htm
1275,西双版纳,景洪-万景大道紫金路,104㎡,中层（共8层）,融创舒邦小镇,86万,云南,3室2厅,南北向,8269元/㎡,2018年建,https://xishuangbanna.esf.fang.com/chushou/3_154067453.htm
1276,西双版纳,曼弄枫-菩提大道中段,86㎡,高层（共15层）,南山别院,87万,云南,2室2厅,南北向,10116元/㎡,2018年建,https://xishuangbanna.esf.fang.com/chushou/3_153608607.htm
1277,西双版纳,曼弄枫-菩提大道中段,86㎡,高层（共15层）,南山别院,87万,云南,2室2厅,南北向,10116元/㎡,2018年建,https://xishuangbanna.esf.fang.com/chushou/3_153608607.htm
1278,锡林浩特,锡林浩特市,155㎡,高层（共12层）,城上城,98万,内蒙古,3室2厅,南北向,6323元/㎡,,https://xilinhaote.esf.fang.com/chushou/16_201081.htm
1279,锡林浩特,锡林浩特市,155㎡,高层（共12层）,城上城,98万,内蒙古,3室2厅,南北向,6323元/㎡,,https://xilinhaote.esf.fang.com/chushou/16_201081.htm
1280,锡林浩特,多伦县,94㎡,高层（共6层）,龙泽花园,27万,内蒙古,3室1厅,南北向,2872元/㎡,,https://xilinhaote.esf.fang.com/chushou/16_201082.htm
1281,锡林浩特,多伦县,94㎡,高层（共6层）,龙泽花园,27万,内蒙古,3室1厅,南北向,2872元/㎡,,https://xilinhaote.esf.fang.com/chushou/16_201082.htm
1282,锡林浩特,锡林浩特市,98㎡,高层（共6层）,翰林苑,31万,内蒙古,2室1厅,南北向,3163元/㎡,,https://xilinhaote.esf.fang.com/chushou/16_201074.htm
1283,锡林浩特,锡林浩特市,98㎡,高层（共6层）,翰林苑,31万,内蒙古,2室1厅,南北向,3163元/㎡,,https://xilinhaote.esf.fang.com/chushou/16_201074.htm
1284,锡林浩特,"锡林浩特市-林浩特市2路上行(广达欣城-三队西),2路下",95㎡,中层（共7层）,广达欣城,46万,内蒙古,2室1厅,南北向,4842元/㎡,,https://xilinhaote.esf.fang.com/chushou/16_201083.htm
1285,锡林浩特,"锡林浩特市-林浩特市2路上行(广达欣城-三队西),2路下",95㎡,中层（共7层）,广达欣城,46万,内蒙古,2室1厅,南北向,4842元/㎡,,https://xilinhaote.esf.fang.com/chushou/16_201083.htm
1286,锡林浩特,锡林浩特市,142㎡,高层（共5层）,唐韵花园,61万,内蒙古,3室2厅,南北向,4296元/㎡,,https://xilinhaote.esf.fang.com/chushou/16_201084.htm
1287,锡林浩特,锡林浩特市,142㎡,高层（共5层）,唐韵花园,61万,内蒙古,3室2厅,南北向,4296元/㎡,,https://xilinhaote.esf.fang.com/chushou/16_201084.htm
1288,锡林浩特,锡林浩特市,96㎡,中层（共6层）,锡林金街,34万,内蒙古,2室1厅,南北向,3542元/㎡,,https://xilinhaote.esf.fang.com/chushou/16_201085.htm
1289,锡林浩特,锡林浩特市,96㎡,中层（共6层）,锡林金街,34万,内蒙古,2室1厅,南北向,3542元/㎡,,https://xilinhaote.esf.fang.com/chushou/16_201085.htm
1290,西双版纳,曼弄枫-曼弄枫,93㎡,低层（共23层）,曼城,70万,云南,2室2厅,南向,7527元/㎡,2017年建,https://xishuangbanna.esf.fang.com/chushou/3_153465960.htm
1291,西双版纳,曼弄枫-曼弄枫,93㎡,低层（共23层）,曼城,70万,云南,2室2厅,南向,7527元/㎡,2017年建,https://xishuangbanna.esf.fang.com/chushou/3_153465960.htm
1292,西双版纳,嘎洒旅游小镇-喜来登酒店南侧雨林源筑营销中心,60㎡,低层（共8层）,雨林源筑,48万,云南,1室1厅,南北向,8000元/㎡,2018年建,https://xishuangbanna.esf.fang.com/chushou/3_153556665.htm
1293,西双版纳,嘎洒旅游小镇-喜来登酒店南侧雨林源筑营销中心,60㎡,低层（共8层）,雨林源筑,48万,云南,1室1厅,南北向,8000元/㎡,2018年建,https://xishuangbanna.esf.fang.com/chushou/3_153556665.htm
1294,西双版纳,景洪-勐罕路,112㎡,低层（共27层）,俊发 滨江俊园,89万,云南,2室2厅,南北向,7946元/㎡,2014年建,https://xishuangbanna.esf.fang.com/chushou/3_153676006.htm
1295,西双版纳,景洪-勐罕路,112㎡,低层（共27层）,俊发 滨江俊园,89万,云南,2室2厅,南北向,7946元/㎡,2014年建,https://xishuangbanna.esf.fang.com/chushou/3_153676006.htm
1296,西双版纳,曼弄枫-菩提大道中段,126㎡,中层（共15层）,南山别院,89万,云南,3室2厅,南北向,7063元/㎡,2019年建,https://xishuangbanna.esf.fang.com/chushou/3_154142053.htm
1297,西双版纳,曼弄枫-菩提大道中段,126㎡,中层（共15层）,南山别院,89万,云南,3室2厅,南北向,7063元/㎡,2019年建,https://xishuangbanna.esf.fang.com/chushou/3_154142053.htm
1298,西双版纳,曼弄枫-勐泐大道山水云天旁,60㎡,中层（共17层）,绿城春江明月,62万,云南,1室1厅,南向,10333元/㎡,2019年建,https://xishuangbanna.esf.fang.com/chushou/3_153490467.htm
1299,西双版纳,曼弄枫-勐泐大道山水云天旁,60㎡,中层（共17层）,绿城春江明月,62万,云南,1室1厅,南向,10333元/㎡,2019年建,https://xishuangbanna.esf.fang.com/chushou/3_153490467.htm
1300,西双版纳,龙舟广场-景洪-龙舟广场-融创旅游度假区曼陀香缇,66㎡,中层（共8层）,融创旅游度假区曼陀香缇,55万,云南,1室2厅,南北向,8333元/㎡,2018年建,https://xishuangbanna.esf.fang.com/chushou/3_154228849.htm
1301,西双版纳,龙舟广场-景洪-龙舟广场-融创旅游度假区曼陀香缇,66㎡,中层（共8层）,融创旅游度假区曼陀香缇,55万,云南,1室2厅,南北向,8333元/㎡,2018年建,https://xishuangbanna.esf.fang.com/chushou/3_154228849.htm
1302,锡林浩特,太仆寺旗,74㎡,高层（共6层）,万和家园小区,26万,内蒙古,2室1厅,南向,3514元/㎡,,https://xilinhaote.esf.fang.com/chushou/16_201086.htm
1303,锡林浩特,太仆寺旗,74㎡,高层（共6层）,万和家园小区,26万,内蒙古,2室1厅,南向,3514元/㎡,,https://xilinhaote.esf.fang.com/chushou/16_201086.htm
1304,锡林浩特,太仆寺旗,75㎡,高层（共6层）,万和家园小区,26万,内蒙古,2室1厅,南向,3467元/㎡,,https://xilinhaote.esf.fang.com/chushou/16_201087.htm
1305,锡林浩特,太仆寺旗,75㎡,高层（共6层）,万和家园小区,26万,内蒙古,2室1厅,南向,3467元/㎡,,https://xilinhaote.esf.fang.com/chushou/16_201087.htm
1306,锡林浩特,锡林浩特市-达布希呼胡同锡林大街交叉口北100米路西,77㎡,高层（共7层）,德盛幸福社区,26万,内蒙古,2室1厅,南北向,3377元/㎡,,https://xilinhaote.esf.fang.com/chushou/16_201088.htm
1307,锡林浩特,锡林浩特市-达布希呼胡同锡林大街交叉口北100米路西,77㎡,高层（共7层）,德盛幸福社区,26万,内蒙古,2室1厅,南北向,3377元/㎡,,https://xilinhaote.esf.fang.com/chushou/16_201088.htm
1308,锡林浩特,太仆寺旗-太仆寺旗国防街利民路交叉口南100米路东,116.3㎡,高层（共6层）,万和家园小区,48万,内蒙古,3室2厅,南北向,4127元/㎡,,https://xilinhaote.esf.fang.com/chushou/16_201089.htm
1309,锡林浩特,太仆寺旗-太仆寺旗国防街利民路交叉口南100米路东,116.3㎡,高层（共6层）,万和家园小区,48万,内蒙古,3室2厅,南北向,4127元/㎡,,https://xilinhaote.esf.fang.com/chushou/16_201089.htm
1310,锡林浩特,锡林浩特市,116.3㎡,高层（共6层）,万和家园,48万,内蒙古,3室2厅,南北向,4127元/㎡,,https://xilinhaote.esf.fang.com/chushou/16_201090.htm
1311,锡林浩特,锡林浩特市,116.3㎡,高层（共6层）,万和家园,48万,内蒙古,3室2厅,南北向,4127元/㎡,,https://xilinhaote.esf.fang.com/chushou/16_201090.htm
1312,锡林浩特,锡林浩特市,100㎡,高层（共7层）,东方国际,999万,内蒙古,3室2厅,南北向,99900元/㎡,,https://xilinhaote.esf.fang.com/chushou/16_201091.htm
1313,锡林浩特,锡林浩特市,100㎡,高层（共7层）,东方国际,999万,内蒙古,3室2厅,南北向,99900元/㎡,,https://xilinhaote.esf.fang.com/chushou/16_201091.htm
1314,西双版纳,曼弄枫-勐泐大道山水云天旁,86.13㎡,中层（共18层）,绿城春江明月,107.5万,云南,2室2厅,南北向,12481元/㎡,2019年建,https://xishuangbanna.esf.fang.com/chushou/3_154163613.htm
1315,西双版纳,曼弄枫-勐泐大道山水云天旁,86.13㎡,中层（共18层）,绿城春江明月,107.5万,云南,2室2厅,南北向,12481元/㎡,2019年建,https://xishuangbanna.esf.fang.com/chushou/3_154163613.htm
1316,西双版纳,曼弄枫-菩提大道中段,126㎡,低层（共15层）,南山别院,86万,云南,3室2厅,南向,6825元/㎡,2020年建,https://xishuangbanna.esf.fang.com/chushou/3_154144369.htm
1317,西双版纳,曼弄枫-菩提大道中段,126㎡,低层（共15层）,南山别院,86万,云南,3室2厅,南向,6825元/㎡,2020年建,https://xishuangbanna.esf.fang.com/chushou/3_154144369.htm
1318,西双版纳,嘎洒旅游小镇-雨林源筑喜来登酒店南侧雨林源筑营销中心,64㎡,高层（共8层）,雨林源筑,64万,云南,2室2厅,南北向,10000元/㎡,2019年建,https://xishuangbanna.esf.fang.com/chushou/3_154241901.htm
1319,西双版纳,嘎洒旅游小镇-雨林源筑喜来登酒店南侧雨林源筑营销中心,64㎡,高层（共8层）,雨林源筑,64万,云南,2室2厅,南北向,10000元/㎡,2019年建,https://xishuangbanna.esf.fang.com/chushou/3_154241901.htm
1320,西双版纳,曼弄枫-菩提大道中段,75㎡,中层（共13层）,南山别院,62万,云南,2室2厅,南北向,8267元/㎡,2019年建,https://xishuangbanna.esf.fang.com/chushou/3_154199513.htm
1321,西双版纳,曼弄枫-菩提大道中段,75㎡,中层（共13层）,南山别院,62万,云南,2室2厅,南北向,8267元/㎡,2019年建,https://xishuangbanna.esf.fang.com/chushou/3_154199513.htm
1322,西双版纳,曼弄枫-菩提大道中段,86㎡,中层（共15层）,南山别院,80万,云南,3室2厅,南北向,9302元/㎡,2019年建,https://xishuangbanna.esf.fang.com/chushou/3_153639662.htm
1323,西双版纳,曼弄枫-菩提大道中段,86㎡,中层（共15层）,南山别院,80万,云南,3室2厅,南北向,9302元/㎡,2019年建,https://xishuangbanna.esf.fang.com/chushou/3_153639662.htm
1324,西双版纳,市中区-景洪市勐海路与勐泐大道交叉处流沙河畔,77㎡,中层（共17层）,尚居湖岸,76万,云南,2室2厅,东南向,9870元/㎡,2019年建,https://xishuangbanna.esf.fang.com/chushou/3_153455089.htm
1325,西双版纳,市中区-景洪市勐海路与勐泐大道交叉处流沙河畔,77㎡,中层（共17层）,尚居湖岸,76万,云南,2室2厅,东南向,9870元/㎡,2019年建,https://xishuangbanna.esf.fang.com/chushou/3_153455089.htm
1326,锡林浩特,锡林浩特市,76㎡,中层（共6层）,物资处小区,28万,内蒙古,2室1厅,南向,3684元/㎡,,https://xilinhaote.esf.fang.com/chushou/16_201093.htm
1327,锡林浩特,锡林浩特市,76㎡,中层（共6层）,物资处小区,28万,内蒙古,2室1厅,南向,3684元/㎡,,https://xilinhaote.esf.fang.com/chushou/16_201093.htm
1328,锡林浩特,锡林浩特市-内蒙古自治区锡林郭勒盟锡林浩特市东一环路,90㎡,高层（共6层）,额办小区,38万,内蒙古,2室2厅,南北向,4222元/㎡,,https://xilinhaote.esf.fang.com/chushou/16_201095.htm
1329,锡林浩特,锡林浩特市-内蒙古自治区锡林郭勒盟锡林浩特市东一环路,90㎡,高层（共6层）,额办小区,38万,内蒙古,2室2厅,南北向,4222元/㎡,,https://xilinhaote.esf.fang.com/chushou/16_201095.htm
1330,锡林浩特,锡林浩特市,118.99㎡,中层（共6层）,旺业新居,33万,内蒙古,3室1厅,南向,2773元/㎡,,https://xilinhaote.esf.fang.com/chushou/16_201096.htm
1331,锡林浩特,锡林浩特市,118.99㎡,中层（共6层）,旺业新居,33万,内蒙古,3室1厅,南向,2773元/㎡,,https://xilinhaote.esf.fang.com/chushou/16_201096.htm
1332,锡林浩特,锡林浩特市-内蒙古自治区锡林郭勒盟锡林浩特市那达慕大街,295㎡,低层（共3层）,红茜园小区,210万,内蒙古,4室4厅,南北向,7119元/㎡,,https://xilinhaote.esf.fang.com/chushou/16_201080.htm
1333,锡林浩特,锡林浩特市-内蒙古自治区锡林郭勒盟锡林浩特市那达慕大街,295㎡,低层（共3层）,红茜园小区,210万,内蒙古,4室4厅,南北向,7119元/㎡,,https://xilinhaote.esf.fang.com/chushou/16_201080.htm
1334,锡林浩特,锡林浩特市,130㎡,低层（共16层）,兴建广场,3600万,内蒙古,3室2厅,南北向,276923元/㎡,,https://xilinhaote.esf.fang.com/chushou/16_201097.htm
1335,锡林浩特,锡林浩特市,130㎡,低层（共16层）,兴建广场,3600万,内蒙古,3室2厅,南北向,276923元/㎡,,https://xilinhaote.esf.fang.com/chushou/16_201097.htm
1336,锡林浩特,西乌珠穆沁旗-西乌珠穆沁旗罕乌拉街柴达木路交叉口东100米,98㎡,高层（共5层）,电力小区,26万,内蒙古,2室1厅,南北向,2653元/㎡,,https://xilinhaote.esf.fang.com/chushou/16_201098.htm
1337,锡林浩特,西乌珠穆沁旗-西乌珠穆沁旗罕乌拉街柴达木路交叉口东100米,98㎡,高层（共5层）,电力小区,26万,内蒙古,2室1厅,南北向,2653元/㎡,,https://xilinhaote.esf.fang.com/chushou/16_201098.htm
1338,西双版纳,嘎洒旅游小镇-喜来登酒店南侧雨林源筑营销中心,113㎡,中层（共8层）,雨林源筑,115万,云南,3室2厅,南北向,10177元/㎡,2019年建,https://xishuangbanna.esf.fang.com/chushou/3_154188772.htm
1339,西双版纳,嘎洒旅游小镇-喜来登酒店南侧雨林源筑营销中心,113㎡,中层（共8层）,雨林源筑,115万,云南,3室2厅,南北向,10177元/㎡,2019年建,https://xishuangbanna.esf.fang.com/chushou/3_154188772.htm
1340,西双版纳,曼弄枫-菩提大道中段,75㎡,高层（共15层）,南山别院,69万,云南,2室2厅,南北向,9200元/㎡,2018年建,https://xishuangbanna.esf.fang.com/chushou/3_153502335.htm
1341,西双版纳,曼弄枫-菩提大道中段,75㎡,高层（共15层）,南山别院,69万,云南,2室2厅,南北向,9200元/㎡,2018年建,https://xishuangbanna.esf.fang.com/chushou/3_153502335.htm
1342,西双版纳,曼弄枫-菩提大道中段,84㎡,中层（共14层）,南山别院,86万,云南,2室2厅,南向,10238元/㎡,2020年建,https://xishuangbanna.esf.fang.com/chushou/3_153457251.htm
1343,西双版纳,曼弄枫-菩提大道中段,84㎡,中层（共14层）,南山别院,86万,云南,2室2厅,南向,10238元/㎡,2020年建,https://xishuangbanna.esf.fang.com/chushou/3_153457251.htm
1344,西双版纳,嘎洒旅游小镇-嘎洒旅游小镇平安大道,180㎡,,平安悦景庄,188万,云南,,南向,10444元/㎡,,https://xishuangbanna.esf.fang.com/chushou/10_153658317.htm
1345,西双版纳,嘎洒旅游小镇-嘎洒旅游小镇平安大道,180㎡,,平安悦景庄,188万,云南,,南向,10444元/㎡,,https://xishuangbanna.esf.fang.com/chushou/10_153658317.htm
1346,西双版纳,曼弄枫-菩提大道中段,105㎡,低层（共15层）,南山别院,75万,云南,3室2厅,东西向,7143元/㎡,2018年建,https://xishuangbanna.esf.fang.com/chushou/3_154219945.htm
1347,西双版纳,曼弄枫-菩提大道中段,105㎡,低层（共15层）,南山别院,75万,云南,3室2厅,东西向,7143元/㎡,2018年建,https://xishuangbanna.esf.fang.com/chushou/3_154219945.htm
1348,西双版纳,市中区-景洪市勐海路与勐泐大道交叉处流沙河畔,85㎡,高层（共17层）,尚居湖岸,77万,云南,2室2厅,东南向,9059元/㎡,2019年建,https://xishuangbanna.esf.fang.com/chushou/3_153837172.htm
1349,西双版纳,市中区-景洪市勐海路与勐泐大道交叉处流沙河畔,85㎡,高层（共17层）,尚居湖岸,77万,云南,2室2厅,东南向,9059元/㎡,2019年建,https://xishuangbanna.esf.fang.com/chushou/3_153837172.htm
1350,锡林浩特,锡林浩特市,94㎡,中层（共4层）,二中附近小区,32万,内蒙古,2室2厅,南北向,3404元/㎡,,https://xilinhaote.esf.fang.com/chushou/16_201099.htm
1351,锡林浩特,锡林浩特市,94㎡,中层（共4层）,二中附近小区,32万,内蒙古,2室2厅,南北向,3404元/㎡,,https://xilinhaote.esf.fang.com/chushou/16_201099.htm
1352,锡林浩特,锡林浩特市,166.2㎡,中层（共18层）,溪林湾电梯7楼,120万,内蒙古,4室2厅,南北向,7220元/㎡,,https://xilinhaote.esf.fang.com/chushou/16_201101.htm
1353,锡林浩特,锡林浩特市,166.2㎡,中层（共18层）,溪林湾电梯7楼,120万,内蒙古,4室2厅,南北向,7220元/㎡,,https://xilinhaote.esf.fang.com/chushou/16_201101.htm
1354,锡林浩特,多伦县,107.3㎡,中层（共5层）,多伦龙泽小区,35万,内蒙古,2室1厅,南北向,3262元/㎡,,https://xilinhaote.esf.fang.com/chushou/16_201102.htm
1355,锡林浩特,多伦县,107.3㎡,中层（共5层）,多伦龙泽小区,35万,内蒙古,2室1厅,南北向,3262元/㎡,,https://xilinhaote.esf.fang.com/chushou/16_201102.htm
1356,锡林浩特,二连浩特市-内蒙古自治区锡林郭勒盟锡林浩特市南广场对面,70㎡,中层（共5层）,花园小区,30万,内蒙古,2室1厅,南北向,4286元/㎡,,https://xilinhaote.esf.fang.com/chushou/16_201100.htm
1357,锡林浩特,二连浩特市-内蒙古自治区锡林郭勒盟锡林浩特市南广场对面,70㎡,中层（共5层）,花园小区,30万,内蒙古,2室1厅,南北向,4286元/㎡,,https://xilinhaote.esf.fang.com/chushou/16_201100.htm
1358,锡林浩特,太仆寺旗-太仆寺旗陵园路解放大街交叉口西50米路南,105㎡,高层（共6层）,享阳花园,35万,内蒙古,2室1厅,南北向,3333元/㎡,,https://xilinhaote.esf.fang.com/chushou/16_201103.htm
1359,锡林浩特,太仆寺旗-太仆寺旗陵园路解放大街交叉口西50米路南,105㎡,高层（共6层）,享阳花园,35万,内蒙古,2室1厅,南北向,3333元/㎡,,https://xilinhaote.esf.fang.com/chushou/16_201103.htm
1360,锡林浩特,锡林浩特市-光明街额吉淖尔路交叉口西100米路南,150㎡,高层（共5层）,万嘉康城,48万,内蒙古,4室2厅,南北向,3200元/㎡,,https://xilinhaote.esf.fang.com/chushou/16_201104.htm
1361,锡林浩特,锡林浩特市-光明街额吉淖尔路交叉口西100米路南,150㎡,高层（共5层）,万嘉康城,48万,内蒙古,4室2厅,南北向,3200元/㎡,,https://xilinhaote.esf.fang.com/chushou/16_201104.htm
1362,西双版纳,市中区-主城区版块和曼弄枫版块交汇处,124㎡,低层（共27层）,版纳上品,88万,云南,3室3厅,南向,7097元/㎡,2018年建,https://xishuangbanna.esf.fang.com/chushou/3_154139302.htm
1363,西双版纳,市中区-主城区版块和曼弄枫版块交汇处,124㎡,低层（共27层）,版纳上品,88万,云南,3室3厅,南向,7097元/㎡,2018年建,https://xishuangbanna.esf.fang.com/chushou/3_154139302.htm
1364,西双版纳,曼弄枫-曼弄枫,45㎡,中层（共14层）,曼城,35万,云南,1室1厅,南向,7778元/㎡,,https://xishuangbanna.esf.fang.com/chushou/3_154222270.htm
1365,西双版纳,曼弄枫-曼弄枫,45㎡,中层（共14层）,曼城,35万,云南,1室1厅,南向,7778元/㎡,,https://xishuangbanna.esf.fang.com/chushou/3_154222270.htm
1366,西双版纳,嘎洒旅游小镇-嘎洒旅游小镇平安大道,153㎡,,平安悦景庄,210万,云南,,南向,13725元/㎡,,https://xishuangbanna.esf.fang.com/chushou/10_153496760.htm
1367,西双版纳,嘎洒旅游小镇-嘎洒旅游小镇平安大道,153㎡,,平安悦景庄,210万,云南,,南向,13725元/㎡,,https://xishuangbanna.esf.fang.com/chushou/10_153496760.htm
1368,西双版纳,嘎洒旅游小镇-西双版纳景洪市嘎洒镇喜来登酒店南侧雨林源筑营,145㎡,,雨林源筑别墅,160万,云南,,南向,11034元/㎡,,https://xishuangbanna.esf.fang.com/chushou/10_153490989.htm
1369,西双版纳,嘎洒旅游小镇-西双版纳景洪市嘎洒镇喜来登酒店南侧雨林源筑营,145㎡,,雨林源筑别墅,160万,云南,,南向,11034元/㎡,,https://xishuangbanna.esf.fang.com/chushou/10_153490989.htm
1370,西双版纳,嘎栋工业园区-龙栋大道,72㎡,高层（共8层）,澜沐栖樾,45万,云南,2室2厅,南北向,6250元/㎡,,https://xishuangbanna.esf.fang.com/chushou/3_154142486.htm
1371,西双版纳,嘎栋工业园区-龙栋大道,72㎡,高层（共8层）,澜沐栖樾,45万,云南,2室2厅,南北向,6250元/㎡,,https://xishuangbanna.esf.fang.com/chushou/3_154142486.htm
1372,西双版纳,嘎洒旅游小镇-西双版纳景洪市嘎洒镇喜来登酒店南侧雨林源筑营,106㎡,,雨林源筑别墅,140万,云南,,南向,13208元/㎡,,https://xishuangbanna.esf.fang.com/chushou/10_154219937.htm
1373,西双版纳,嘎洒旅游小镇-西双版纳景洪市嘎洒镇喜来登酒店南侧雨林源筑营,106㎡,,雨林源筑别墅,140万,云南,,南向,13208元/㎡,,https://xishuangbanna.esf.fang.com/chushou/10_154219937.htm
1374,锡林浩特,锡林浩特市,230㎡,高层（共1层）,2700平大院出售,40万,内蒙古,4室2厅,南向,1739元/㎡,,https://xilinhaote.esf.fang.com/chushou/16_201105.htm
1375,锡林浩特,锡林浩特市,230㎡,高层（共1层）,2700平大院出售,40万,内蒙古,4室2厅,南向,1739元/㎡,,https://xilinhaote.esf.fang.com/chushou/16_201105.htm
1376,锡林浩特,阿巴嘎旗-阿巴嘎旗别力古台南路哈日阿都东街交叉口西15,135.6㎡,中层（共2层）,青格力花园,35万,内蒙古,4室2厅,西向,2581元/㎡,,https://xilinhaote.esf.fang.com/chushou/16_201106.htm
1377,锡林浩特,阿巴嘎旗-阿巴嘎旗别力古台南路哈日阿都东街交叉口西15,135.6㎡,中层（共2层）,青格力花园,35万,内蒙古,4室2厅,西向,2581元/㎡,,https://xilinhaote.esf.fang.com/chushou/16_201106.htm
1378,锡林浩特,锡林浩特市-团结大街杭盖路交叉口东100米路北,91.32㎡,高层（共5层）,雄风小区,35万,内蒙古,3室2厅,南向,3833元/㎡,,https://xilinhaote.esf.fang.com/chushou/16_201092.htm
1379,锡林浩特,锡林浩特市-团结大街杭盖路交叉口东100米路北,91.32㎡,高层（共5层）,雄风小区,35万,内蒙古,3室2厅,南向,3833元/㎡,,https://xilinhaote.esf.fang.com/chushou/16_201092.htm
1380,锡林浩特,锡林浩特市,147㎡,低层（共17层）,绿地·斐勒公馆,96万,内蒙古,3室2厅,南北向,6531元/㎡,,https://xilinhaote.esf.fang.com/chushou/16_201108.htm
1381,锡林浩特,锡林浩特市,147㎡,低层（共17层）,绿地·斐勒公馆,96万,内蒙古,3室2厅,南北向,6531元/㎡,,https://xilinhaote.esf.fang.com/chushou/16_201108.htm
1382,锡林浩特,锡林浩特市-锡林郭勒盟锡林浩特市,108㎡,中层（共5层）,和谐家园,60万,内蒙古,2室1厅,南北向,5556元/㎡,,https://xilinhaote.esf.fang.com/chushou/16_201109.htm
1383,锡林浩特,锡林浩特市-锡林郭勒盟锡林浩特市,108㎡,中层（共5层）,和谐家园,60万,内蒙古,2室1厅,南北向,5556元/㎡,,https://xilinhaote.esf.fang.com/chushou/16_201109.htm
1384,锡林浩特,锡林浩特市-阿巴哈纳街图拉吉尔胡同交叉口西南角,84㎡,高层（共5层）,学府康居园,29万,内蒙古,2室1厅,南北向,3452元/㎡,,https://xilinhaote.esf.fang.com/chushou/16_201110.htm
1385,锡林浩特,锡林浩特市-阿巴哈纳街图拉吉尔胡同交叉口西南角,84㎡,高层（共5层）,学府康居园,29万,内蒙古,2室1厅,南北向,3452元/㎡,,https://xilinhaote.esf.fang.com/chushou/16_201110.htm
1386,西双版纳,嘎洒旅游小镇-中国;云南;西双版纳景洪市嘎洒镇雅居乐大道西,148.1㎡,,雅居乐西双林语,340.3万,云南,,,22978元/㎡,,https://xishuangbanna.esf.fang.com/chushou/10_154188763.htm
1387,西双版纳,嘎洒旅游小镇-中国;云南;西双版纳景洪市嘎洒镇雅居乐大道西,148.1㎡,,雅居乐西双林语,340.3万,云南,,,22978元/㎡,,https://xishuangbanna.esf.fang.com/chushou/10_154188763.htm
1388,西双版纳,市中区-景洪市景兰路曼景兰古城,45㎡,中层（共23层）,版纳印象,30万,云南,1室1厅,南北向,6667元/㎡,2018年建,https://xishuangbanna.esf.fang.com/chushou/3_153652004.htm
1389,西双版纳,市中区-景洪市景兰路曼景兰古城,45㎡,中层（共23层）,版纳印象,30万,云南,1室1厅,南北向,6667元/㎡,2018年建,https://xishuangbanna.esf.fang.com/chushou/3_153652004.htm
1390,西双版纳,曼弄枫-榕林大道,58㎡,低层（共20层）,榕林时光,45万,云南,2室2厅,南北向,7759元/㎡,,https://xishuangbanna.esf.fang.com/chushou/3_154167211.htm
1391,西双版纳,曼弄枫-榕林大道,58㎡,低层（共20层）,榕林时光,45万,云南,2室2厅,南北向,7759元/㎡,,https://xishuangbanna.esf.fang.com/chushou/3_154167211.htm
1392,西双版纳,嘎栋工业园区-云南省西双版纳景洪市西北部西双版纳国际度假区,143㎡,中层（共6层）,融创西双版纳旅游度假区·住宅,104万,云南,4室2厅,南向,7273元/㎡,2018年建,https://xishuangbanna.esf.fang.com/chushou/3_154161063.htm
1393,西双版纳,嘎栋工业园区-云南省西双版纳景洪市西北部西双版纳国际度假区,143㎡,中层（共6层）,融创西双版纳旅游度假区·住宅,104万,云南,4室2厅,南向,7273元/㎡,2018年建,https://xishuangbanna.esf.fang.com/chushou/3_154161063.htm
1394,西双版纳,曼弄枫-菩提大道中段,100㎡,低层（共15层）,南山别院,60万,云南,3室2厅,南向,6000元/㎡,2020年建,https://xishuangbanna.esf.fang.com/chushou/3_154132732.htm
1395,西双版纳,曼弄枫-菩提大道中段,100㎡,低层（共15层）,南山别院,60万,云南,3室2厅,南向,6000元/㎡,2020年建,https://xishuangbanna.esf.fang.com/chushou/3_154132732.htm
1396,锡林浩特,西乌珠穆沁旗,99㎡,中层（共6层）,白音华镇祥龙小区,20万,内蒙古,2室1厅,南北向,2020元/㎡,,https://xilinhaote.esf.fang.com/chushou/16_201111.htm
1397,锡林浩特,西乌珠穆沁旗,99㎡,中层（共6层）,白音华镇祥龙小区,20万,内蒙古,2室1厅,南北向,2020元/㎡,,https://xilinhaote.esf.fang.com/chushou/16_201111.htm
1398,锡林浩特,西乌珠穆沁旗,22.13㎡,低层（共6层）,白音华祥龙车库,6万,内蒙古,1室0厅,南北向,2711元/㎡,,https://xilinhaote.esf.fang.com/chushou/16_201112.htm
1399,锡林浩特,西乌珠穆沁旗,22.13㎡,低层（共6层）,白音华祥龙车库,6万,内蒙古,1室0厅,南北向,2711元/㎡,,https://xilinhaote.esf.fang.com/chushou/16_201112.htm
1400,锡林浩特,锡林浩特市,50㎡,低层（共18层）,维多利摩尔公寓,23万,内蒙古,1室1厅,南向,4600元/㎡,,https://xilinhaote.esf.fang.com/chushou/16_201113.htm
1401,锡林浩特,锡林浩特市,50㎡,低层（共18层）,维多利摩尔公寓,23万,内蒙古,1室1厅,南向,4600元/㎡,,https://xilinhaote.esf.fang.com/chushou/16_201113.htm
1402,锡林浩特,正镶白旗-正镶白旗阿拉腾嘎达苏南路巴音宝力格街交叉口北,98.6㎡,低层（共6层）,北京庄园,30万,内蒙古,3室2厅,南向,3043元/㎡,,https://xilinhaote.esf.fang.com/chushou/16_201114.htm
1403,锡林浩特,正镶白旗-正镶白旗阿拉腾嘎达苏南路巴音宝力格街交叉口北,98.6㎡,低层（共6层）,北京庄园,30万,内蒙古,3室2厅,南向,3043元/㎡,,https://xilinhaote.esf.fang.com/chushou/16_201114.htm
1404,西双版纳,曼弄枫-版纳精英汇庄慕路(曼弄风幼儿园斜对面),51㎡,高层（共2层）,版纳精英汇,45万,云南,1室1厅,南北向,8824元/㎡,2018年建,https://xishuangbanna.esf.fang.com/chushou/3_154219508.htm
1405,西双版纳,曼弄枫-版纳精英汇庄慕路(曼弄风幼儿园斜对面),51㎡,高层（共2层）,版纳精英汇,45万,云南,1室1厅,南北向,8824元/㎡,2018年建,https://xishuangbanna.esf.fang.com/chushou/3_154219508.htm
1406,西双版纳,市中区-景洪市景兰路曼景兰古城,51.7㎡,低层（共22层）,版纳印象,40万,云南,1室2厅,南北向,7737元/㎡,2014年建,https://xishuangbanna.esf.fang.com/chushou/3_153693880.htm
1407,西双版纳,市中区-景洪市景兰路曼景兰古城,51.7㎡,低层（共22层）,版纳印象,40万,云南,1室2厅,南北向,7737元/㎡,2014年建,https://xishuangbanna.esf.fang.com/chushou/3_153693880.htm
1408,西双版纳,曼弄枫-菩提大道中段,105㎡,高层（共15层）,南山别院,94万,云南,3室2厅,南北向,8952元/㎡,2019年建,https://xishuangbanna.esf.fang.com/chushou/3_153729342.htm
1409,西双版纳,曼弄枫-菩提大道中段,105㎡,高层（共15层）,南山别院,94万,云南,3室2厅,南北向,8952元/㎡,2019年建,https://xishuangbanna.esf.fang.com/chushou/3_153729342.htm
1410,西双版纳,嘎洒旅游小镇-中国;云南;西双版纳景洪市嘎洒镇雅居乐大道西,111㎡,低层（共9层）,雅居乐·西双林语,88.6万,云南,1室1厅,东南向,7982元/㎡,2015年建,https://xishuangbanna.esf.fang.com/chushou/3_154200926.htm
1411,西双版纳,嘎洒旅游小镇-中国;云南;西双版纳景洪市嘎洒镇雅居乐大道西,111㎡,低层（共9层）,雅居乐·西双林语,88.6万,云南,1室1厅,东南向,7982元/㎡,2015年建,https://xishuangbanna.esf.fang.com/chushou/3_154200926.htm
1412,西双版纳,嘎洒旅游小镇-中国;云南;西双版纳景洪市嘎洒镇雅居乐大道西,68㎡,高层（共22层）,雅居乐·西双林语,65万,云南,2室2厅,南北向,9559元/㎡,2018年建,https://xishuangbanna.esf.fang.com/chushou/3_153586305.htm
1413,西双版纳,嘎洒旅游小镇-中国;云南;西双版纳景洪市嘎洒镇雅居乐大道西,68㎡,高层（共22层）,雅居乐·西双林语,65万,云南,2室2厅,南北向,9559元/㎡,2018年建,https://xishuangbanna.esf.fang.com/chushou/3_153586305.htm
1414,西双版纳,江北-景洪至橄榄坝旅游小镇景宽公路边,160㎡,,观澜云顶,174.5万,云南,,南向,10906元/㎡,,https://xishuangbanna.esf.fang.com/chushou/10_153571761.htm
1415,西双版纳,江北-景洪至橄榄坝旅游小镇景宽公路边,160㎡,,观澜云顶,174.5万,云南,,南向,10906元/㎡,,https://xishuangbanna.esf.fang.com/chushou/10_153571761.htm
1416,西双版纳,嘎栋工业园区-云南省西双版纳景洪市西北部西双版纳国际度假区,143㎡,中层（共6层）,融创西双版纳旅游度假区·住宅,93万,云南,4室2厅,南北向,6504元/㎡,2018年建,https://xishuangbanna.esf.fang.com/chushou/3_154173292.htm
1417,西双版纳,嘎栋工业园区-云南省西双版纳景洪市西北部西双版纳国际度假区,143㎡,中层（共6层）,融创西双版纳旅游度假区·住宅,93万,云南,4室2厅,南北向,6504元/㎡,2018年建,https://xishuangbanna.esf.fang.com/chushou/3_154173292.htm
1418,西双版纳,嘎洒旅游小镇-喜来登酒店南侧雨林源筑营销中心,128㎡,中层（共8层）,雨林源筑,105万,云南,3室2厅,南北向,8203元/㎡,2018年建,https://xishuangbanna.esf.fang.com/chushou/3_153561819.htm
1419,西双版纳,嘎洒旅游小镇-喜来登酒店南侧雨林源筑营销中心,128㎡,中层（共8层）,雨林源筑,105万,云南,3室2厅,南北向,8203元/㎡,2018年建,https://xishuangbanna.esf.fang.com/chushou/3_153561819.htm
1420,西双版纳,嘎栋工业园区-清泉南路1号,109㎡,低层（共14层）,上河居,72万,云南,3室2厅,南北向,6606元/㎡,,https://xishuangbanna.esf.fang.com/chushou/3_154171196.htm
1421,西双版纳,嘎栋工业园区-清泉南路1号,109㎡,低层（共14层）,上河居,72万,云南,3室2厅,南北向,6606元/㎡,,https://xishuangbanna.esf.fang.com/chushou/3_154171196.htm
1422,西双版纳,嘎洒旅游小镇-中国;云南;西双版纳景洪市嘎洒镇雅居乐大道西,153㎡,低层（共3层）,雅居乐·西双林语,195万,云南,3室2厅,南北向,12745元/㎡,2015年建,https://xishuangbanna.esf.fang.com/chushou/3_154285544.htm
1423,西双版纳,嘎洒旅游小镇-中国;云南;西双版纳景洪市嘎洒镇雅居乐大道西,153㎡,低层（共3层）,雅居乐·西双林语,195万,云南,3室2厅,南北向,12745元/㎡,2015年建,https://xishuangbanna.esf.fang.com/chushou/3_154285544.htm
1424,西双版纳,龙舟广场-景洪-龙舟广场-悦景庄西双版纳,315㎡,,悦景庄西双版纳,300万,云南,,南向,9524元/㎡,,https://xishuangbanna.esf.fang.com/chushou/10_154189042.htm
1425,西双版纳,龙舟广场-景洪-龙舟广场-悦景庄西双版纳,315㎡,,悦景庄西双版纳,300万,云南,,南向,9524元/㎡,,https://xishuangbanna.esf.fang.com/chushou/10_154189042.htm
1426,西双版纳,嘎洒旅游小镇-西双版纳景洪市嘎洒镇喜来登酒店南侧雨林源筑营,150㎡,,雨林源筑别墅,170万,云南,,南向,11333元/㎡,,https://xishuangbanna.esf.fang.com/chushou/10_153870597.htm
1427,西双版纳,嘎洒旅游小镇-西双版纳景洪市嘎洒镇喜来登酒店南侧雨林源筑营,150㎡,,雨林源筑别墅,170万,云南,,南向,11333元/㎡,,https://xishuangbanna.esf.fang.com/chushou/10_153870597.htm
1428,西双版纳,曼弄枫-菩提大道中段,126㎡,中层（共15层）,南山别院,102万,云南,3室2厅,南北向,8095元/㎡,2018年建,https://xishuangbanna.esf.fang.com/chushou/3_153554643.htm
1429,西双版纳,曼弄枫-菩提大道中段,126㎡,中层（共15层）,南山别院,102万,云南,3室2厅,南北向,8095元/㎡,2018年建,https://xishuangbanna.esf.fang.com/chushou/3_153554643.htm
1430,西双版纳,嘎栋工业园区-万景 大道,89㎡,低层（共17层）,阅蓝山,58万,云南,2室2厅,南北向,6517元/㎡,2018年建,https://xishuangbanna.esf.fang.com/chushou/3_154138690.htm
1431,西双版纳,嘎栋工业园区-万景 大道,89㎡,低层（共17层）,阅蓝山,58万,云南,2室2厅,南北向,6517元/㎡,2018年建,https://xishuangbanna.esf.fang.com/chushou/3_154138690.htm
1432,西双版纳,嘎洒旅游小镇-喜来登酒店南侧雨林源筑营销中心,53㎡,中层（共9层）,雨林源筑,49万,云南,1室2厅,南北向,9245元/㎡,2018年建,https://xishuangbanna.esf.fang.com/chushou/3_153517975.htm
1433,西双版纳,嘎洒旅游小镇-喜来登酒店南侧雨林源筑营销中心,53㎡,中层（共9层）,雨林源筑,49万,云南,1室2厅,南北向,9245元/㎡,2018年建,https://xishuangbanna.esf.fang.com/chushou/3_153517975.htm
1434,西双版纳,嘎洒旅游小镇-喜来登酒店南侧雨林源筑营销中心,113㎡,中层（共9层）,雨林源筑,98万,云南,3室2厅,南向,8673元/㎡,,https://xishuangbanna.esf.fang.com/chushou/3_154144405.htm
1435,西双版纳,嘎洒旅游小镇-喜来登酒店南侧雨林源筑营销中心,113㎡,中层（共9层）,雨林源筑,98万,云南,3室2厅,南向,8673元/㎡,,https://xishuangbanna.esf.fang.com/chushou/3_154144405.htm
1436,西双版纳,江北-沧江壹号西双版纳傣族自治州澜沧江路42号,73㎡,低层（共15层）,沧江壹号,62.9万,云南,3室2厅,南北向,8616元/㎡,2017年建,https://xishuangbanna.esf.fang.com/chushou/3_154284874.htm
1437,西双版纳,江北-沧江壹号西双版纳傣族自治州澜沧江路42号,73㎡,低层（共15层）,沧江壹号,62.9万,云南,3室2厅,南北向,8616元/㎡,2017年建,https://xishuangbanna.esf.fang.com/chushou/3_154284874.htm
1438,西双版纳,景洪-万景大道曼掌院墅,127㎡,,融创曼掌院墅,158万,云南,,南向,12441元/㎡,,https://xishuangbanna.esf.fang.com/chushou/10_154216539.htm
1439,西双版纳,景洪-万景大道曼掌院墅,127㎡,,融创曼掌院墅,158万,云南,,南向,12441元/㎡,,https://xishuangbanna.esf.fang.com/chushou/10_154216539.htm
1440,西双版纳,曼弄枫-菩提大道中段,103㎡,低层（共15层）,南山别院,65万,云南,3室2厅,南北向,6311元/㎡,2020年建,https://xishuangbanna.esf.fang.com/chushou/3_154199532.htm
1441,西双版纳,曼弄枫-菩提大道中段,103㎡,低层（共15层）,南山别院,65万,云南,3室2厅,南北向,6311元/㎡,2020年建,https://xishuangbanna.esf.fang.com/chushou/3_154199532.htm
1442,西双版纳,嘎栋工业园区-西双版纳国际度假区,120㎡,低层（共8层）,万达西双版纳国际度假区,101万,云南,4室2厅,南北向,8417元/㎡,,https://xishuangbanna.esf.fang.com/chushou/3_153822673.htm
1443,西双版纳,嘎栋工业园区-西双版纳国际度假区,120㎡,低层（共8层）,万达西双版纳国际度假区,101万,云南,4室2厅,南北向,8417元/㎡,,https://xishuangbanna.esf.fang.com/chushou/3_153822673.htm
1444,西双版纳,嘎栋工业园区-云南省西双版纳景洪市西北部西双版纳国际度假区,147㎡,低层（共7层）,融创西双版纳旅游度假区·住宅,116万,云南,4室2厅,南北向,7891元/㎡,,https://xishuangbanna.esf.fang.com/chushou/3_153673468.htm
1445,西双版纳,嘎栋工业园区-云南省西双版纳景洪市西北部西双版纳国际度假区,147㎡,低层（共7层）,融创西双版纳旅游度假区·住宅,116万,云南,4室2厅,南北向,7891元/㎡,,https://xishuangbanna.esf.fang.com/chushou/3_153673468.htm
1446,西双版纳,市中区-版纳印象景洪市景兰路曼景兰古城,42㎡,低层（共23层）,版纳印象,29.9万,云南,1室1厅,南向,7119元/㎡,2018年建,https://xishuangbanna.esf.fang.com/chushou/3_154282064.htm
1447,西双版纳,市中区-版纳印象景洪市景兰路曼景兰古城,42㎡,低层（共23层）,版纳印象,29.9万,云南,1室1厅,南向,7119元/㎡,2018年建,https://xishuangbanna.esf.fang.com/chushou/3_154282064.htm
1448,芜湖,"新市口-东方花园吉和北路21号,临近黄山西路",78.98㎡,高层（共6层）,东方花园,120万,安徽,3室2厅,南向,15194元/㎡,2008年建,https://wuhu.esf.fang.com/chushou/3_176061049.htm
1449,芜湖,"新市口-东方花园吉和北路21号,临近黄山西路",78.98㎡,高层（共6层）,东方花园,120万,安徽,3室2厅,南向,15194元/㎡,2008年建,https://wuhu.esf.fang.com/chushou/3_176061049.htm
1450,芜湖,政务文化中心-金浩仁和天地仁和路与河清路交汇处东南侧,106.55㎡,低层（共22层）,金浩仁和天地,125万,安徽,3室2厅,南向,11732元/㎡,2011年建,https://wuhu.esf.fang.com/chushou/3_176010421.htm
1451,芜湖,政务文化中心-金浩仁和天地仁和路与河清路交汇处东南侧,106.55㎡,低层（共22层）,金浩仁和天地,125万,安徽,3室2厅,南向,11732元/㎡,2011年建,https://wuhu.esf.fang.com/chushou/3_176010421.htm
1452,芜湖,政务文化中心-公园大道壹号云从路与神山路交汇处西北角,119.5㎡,高层（共20层）,公园大道壹号,180万,安徽,3室2厅,南向,15063元/㎡,2015年建,https://wuhu.esf.fang.com/chushou/3_176057870.htm
1453,芜湖,政务文化中心-公园大道壹号云从路与神山路交汇处西北角,119.5㎡,高层（共20层）,公园大道壹号,180万,安徽,3室2厅,南向,15063元/㎡,2015年建,https://wuhu.esf.fang.com/chushou/3_176057870.htm
1454,芜湖,新时代商业街-儒林西苑安徽省芜湖市弋江区中山南路,116㎡,中层（共18层）,儒林西苑,140万,安徽,3室2厅,南向,12069元/㎡,2012年建,https://wuhu.esf.fang.com/chushou/3_174999962.htm
1455,芜湖,新时代商业街-儒林西苑安徽省芜湖市弋江区中山南路,116㎡,中层（共18层）,儒林西苑,140万,安徽,3室2厅,南向,12069元/㎡,2012年建,https://wuhu.esf.fang.com/chushou/3_174999962.htm
1456,芜湖,银湖中路-银湖中路,77㎡,中层（共17层）,天香苑小区一期,80万,安徽,2室2厅,南北向,10390元/㎡,2008年建,https://wuhu.esf.fang.com/chushou/3_172542747.htm
1457,芜湖,银湖中路-银湖中路,77㎡,中层（共17层）,天香苑小区一期,80万,安徽,2室2厅,南北向,10390元/㎡,2008年建,https://wuhu.esf.fang.com/chushou/3_172542747.htm
1458,芜湖,开发区管委会-安徽省芜湖市鸠江区千岛湖路附近,87.88㎡,中层（共7层）,大圣小区,52万,安徽,3室2厅,南北向,5917元/㎡,2015年建,https://wuhu.esf.fang.com/chushou/3_175890861.htm
1459,芜湖,开发区管委会-安徽省芜湖市鸠江区千岛湖路附近,87.88㎡,中层（共7层）,大圣小区,52万,安徽,3室2厅,南北向,5917元/㎡,2015年建,https://wuhu.esf.fang.com/chushou/3_175890861.htm
1460,芜湖,奥林匹克公园-奥韵康城区利民东路418号,28.85㎡,中层（共18层）,奥韵康城,28万,安徽,1室1厅,南向,9705元/㎡,2008年建,https://wuhu.esf.fang.com/chushou/3_175803374.htm
1461,芜湖,奥林匹克公园-奥韵康城区利民东路418号,28.85㎡,中层（共18层）,奥韵康城,28万,安徽,1室1厅,南向,9705元/㎡,2008年建,https://wuhu.esf.fang.com/chushou/3_175803374.htm
1462,芜湖,新时代商业街-伟星金域蓝湾C区3安徽省芜湖市弋江区三潭路与,79.31㎡,低层（共30层）,伟星金域蓝湾C区3,103万,安徽,2室1厅,南向,12987元/㎡,2019年建,https://wuhu.esf.fang.com/chushou/3_175939213.htm
1463,芜湖,新时代商业街-伟星金域蓝湾C区3安徽省芜湖市弋江区三潭路与,79.31㎡,低层（共30层）,伟星金域蓝湾C区3,103万,安徽,2室1厅,南向,12987元/㎡,2019年建,https://wuhu.esf.fang.com/chushou/3_175939213.htm
1464,芜湖,长江市场园-区赤铸山东路与弋江路交汇处,94.16㎡,低层（共17层）,伟星城,126万,安徽,2室2厅,南北向,13381元/㎡,2012年建,https://wuhu.esf.fang.com/chushou/3_173835738.htm
1465,芜湖,长江市场园-区赤铸山东路与弋江路交汇处,94.16㎡,低层（共17层）,伟星城,126万,安徽,2室2厅,南北向,13381元/㎡,2012年建,https://wuhu.esf.fang.com/chushou/3_173835738.htm
1466,芜湖,南瑞-利民路与弋江路交汇处(利民路往东200米处),140㎡,中层（共17层）,中御公馆,180万,安徽,4室2厅,南向,12857元/㎡,2019年建,https://wuhu.esf.fang.com/chushou/3_174685272.htm
1467,芜湖,南瑞-利民路与弋江路交汇处(利民路往东200米处),140㎡,中层（共17层）,中御公馆,180万,安徽,4室2厅,南向,12857元/㎡,2019年建,https://wuhu.esf.fang.com/chushou/3_174685272.htm
1468,芜湖,大学城-蓝湾半岛芜湖市弋江区文津东路,86㎡,高层（共18层）,蓝湾半岛,74.8万,安徽,2室2厅,南向,8698元/㎡,2015年建,https://wuhu.esf.fang.com/chushou/3_176057081.htm
1469,芜湖,大学城-蓝湾半岛芜湖市弋江区文津东路,86㎡,高层（共18层）,蓝湾半岛,74.8万,安徽,2室2厅,南向,8698元/㎡,2015年建,https://wuhu.esf.fang.com/chushou/3_176057081.htm
1470,芜湖,三山区人民政府-芜湖市三山区,115㎡,高层（共11层）,华强江山府,100万,安徽,3室2厅,南北向,8696元/㎡,,https://wuhu.esf.fang.com/chushou/3_174733345.htm
1471,芜湖,三山区人民政府-芜湖市三山区,115㎡,高层（共11层）,华强江山府,100万,安徽,3室2厅,南北向,8696元/㎡,,https://wuhu.esf.fang.com/chushou/3_174733345.htm
1472,芜湖,银泰城-区滨江大道与利民西路交汇处,95.89㎡,低层（共33层）,国贸天琴湾,153万,安徽,2室2厅,南北向,15956元/㎡,,https://wuhu.esf.fang.com/chushou/3_174778356.htm
1473,芜湖,银泰城-区滨江大道与利民西路交汇处,95.89㎡,低层（共33层）,国贸天琴湾,153万,安徽,2室2厅,南北向,15956元/㎡,,https://wuhu.esf.fang.com/chushou/3_174778356.htm
1474,芜湖,"大学城-翰林公馆商贸职业技术学院对面,德盛广场以西",128㎡,高层（共17层）,翰林公馆,172万,安徽,3室2厅,南向,13438元/㎡,2016年建,https://wuhu.esf.fang.com/chushou/3_175739756.htm
1475,芜湖,"大学城-翰林公馆商贸职业技术学院对面,德盛广场以西",128㎡,高层（共17层）,翰林公馆,172万,安徽,3室2厅,南向,13438元/㎡,2016年建,https://wuhu.esf.fang.com/chushou/3_175739756.htm
1476,芜湖,银泰城-区滨江大道与利民路交汇处,124㎡,中层（共33层）,华仑港湾,203万,安徽,3室2厅,南北向,16371元/㎡,2008年建,https://wuhu.esf.fang.com/chushou/3_172995840.htm
1477,芜湖,银泰城-区滨江大道与利民路交汇处,124㎡,中层（共33层）,华仑港湾,203万,安徽,3室2厅,南北向,16371元/㎡,2008年建,https://wuhu.esf.fang.com/chushou/3_172995840.htm
1478,芜湖,北门-金塔东路,89㎡,中层（共6层）,北圃山庄,82万,安徽,3室2厅,南北向,9213元/㎡,2011年建,https://wuhu.esf.fang.com/chushou/3_175959936.htm
1479,芜湖,北门-金塔东路,89㎡,中层（共6层）,北圃山庄,82万,安徽,3室2厅,南北向,9213元/㎡,2011年建,https://wuhu.esf.fang.com/chushou/3_175959936.htm
1480,芜湖,政务文化中心-鸠江北路与涌金路交汇处(万科城北侧),123.72㎡,高层（共11层）,大发融悦东方,180万,安徽,3室2厅,南北向,14549元/㎡,2019年建,https://wuhu.esf.fang.com/chushou/3_175058372.htm
1481,芜湖,政务文化中心-鸠江北路与涌金路交汇处(万科城北侧),123.72㎡,高层（共11层）,大发融悦东方,180万,安徽,3室2厅,南北向,14549元/㎡,2019年建,https://wuhu.esf.fang.com/chushou/3_175058372.htm
1482,芜湖,大学城-中山南路与文津西路交汇处(安徽机电职业学院东,97㎡,中层（共30层）,美好首玺,115万,安徽,3室2厅,南北向,11856元/㎡,2018年建,https://wuhu.esf.fang.com/chushou/3_175804388.htm
1483,芜湖,大学城-中山南路与文津西路交汇处(安徽机电职业学院东,97㎡,中层（共30层）,美好首玺,115万,安徽,3室2厅,南北向,11856元/㎡,2018年建,https://wuhu.esf.fang.com/chushou/3_175804388.htm
1484,芜湖,大学城-乌霞山东路和九龙小区交汇处,49㎡,中层（共33层）,中建500米,58万,安徽,1室1厅,南北向,11837元/㎡,,https://wuhu.esf.fang.com/chushou/3_176017287.htm
1485,芜湖,大学城-乌霞山东路和九龙小区交汇处,49㎡,中层（共33层）,中建500米,58万,安徽,1室1厅,南北向,11837元/㎡,,https://wuhu.esf.fang.com/chushou/3_176017287.htm
1486,芜湖,大砻坊-芜湖市镜湖区汤家北巷89号,114㎡,中层（共34层）,东方龙城秉心苑,130万,安徽,3室2厅,南北向,11404元/㎡,2012年建,https://wuhu.esf.fang.com/chushou/3_172997937.htm
1487,芜湖,大砻坊-芜湖市镜湖区汤家北巷89号,114㎡,中层（共34层）,东方龙城秉心苑,130万,安徽,3室2厅,南北向,11404元/㎡,2012年建,https://wuhu.esf.fang.com/chushou/3_172997937.htm
1488,芜湖,大砻坊-东方路与湖滨路交叉口西南100米,103㎡,中层（共34层）,东方龙城采薇苑,127万,安徽,3室2厅,南向,12330元/㎡,2018年建,https://wuhu.esf.fang.com/chushou/3_173070719.htm
1489,芜湖,大砻坊-东方路与湖滨路交叉口西南100米,103㎡,中层（共34层）,东方龙城采薇苑,127万,安徽,3室2厅,南向,12330元/㎡,2018年建,https://wuhu.esf.fang.com/chushou/3_173070719.htm
1490,芜湖,瀂港-长江南路与乌霞山西路交汇处,72㎡,高层（共34层）,万科海上传奇,120万,安徽,2室2厅,南北向,16667元/㎡,2019年建,https://wuhu.esf.fang.com/chushou/3_175902173.htm
1491,芜湖,瀂港-长江南路与乌霞山西路交汇处,72㎡,高层（共34层）,万科海上传奇,120万,安徽,2室2厅,南北向,16667元/㎡,2019年建,https://wuhu.esf.fang.com/chushou/3_175902173.htm
1492,芜湖,政务文化中心-旭日天都政务文化中心-涌金路与鸠江北路交汇处,79㎡,中层（共17层）,旭日天都,97万,安徽,2室2厅,南向,12278元/㎡,2000年建,https://wuhu.esf.fang.com/chushou/3_175020527.htm
1493,芜湖,政务文化中心-旭日天都政务文化中心-涌金路与鸠江北路交汇处,79㎡,中层（共17层）,旭日天都,97万,安徽,2室2厅,南向,12278元/㎡,2000年建,https://wuhu.esf.fang.com/chushou/3_175020527.htm
1494,芜湖,大学城-安徽省芜湖市弋江区大工山路313号,81㎡,中层（共7层）,弋江嘉园·徽韵,82万,安徽,2室2厅,东向,10123元/㎡,1999年建,https://wuhu.esf.fang.com/chushou/3_175061077.htm
1495,芜湖,大学城-安徽省芜湖市弋江区大工山路313号,81㎡,中层（共7层）,弋江嘉园·徽韵,82万,安徽,2室2厅,东向,10123元/㎡,1999年建,https://wuhu.esf.fang.com/chushou/3_175061077.htm
1496,芜湖,政务文化中心-鸠江北路与涌金路交汇处(万科城北侧),123㎡,高层（共11层）,大发融悦东方,150万,安徽,3室2厅,南北向,12195元/㎡,2018年建,https://wuhu.esf.fang.com/chushou/3_171768934.htm
1497,芜湖,政务文化中心-鸠江北路与涌金路交汇处(万科城北侧),123㎡,高层（共11层）,大发融悦东方,150万,安徽,3室2厅,南北向,12195元/㎡,2018年建,https://wuhu.esf.fang.com/chushou/3_171768934.htm
1498,芜湖,银泰城-长江南路99号,127㎡,低层（共28层）,伟星长江之歌,187万,安徽,3室2厅,南北向,14724元/㎡,,https://wuhu.esf.fang.com/chushou/3_175679522.htm
1499,芜湖,银泰城-长江南路99号,127㎡,低层（共28层）,伟星长江之歌,187万,安徽,3室2厅,南北向,14724元/㎡,,https://wuhu.esf.fang.com/chushou/3_175679522.htm
1500,芜湖,南瑞-弋江南路72号,119㎡,中层（共11层）,融创公元2020,143万,安徽,3室2厅,南北向,12017元/㎡,2019年建,https://wuhu.esf.fang.com/chushou/3_174685137.htm
1501,芜湖,南瑞-弋江南路72号,119㎡,中层（共11层）,融创公元2020,143万,安徽,3室2厅,南北向,12017元/㎡,2019年建,https://wuhu.esf.fang.com/chushou/3_174685137.htm
1502,芜湖,银泰城-伟星金域华府区中山南路以东、利民西路以南、花,128.4㎡,低层（共9层）,伟星金域华府,186万,安徽,3室2厅,南北向,14486元/㎡,2010年建,https://wuhu.esf.fang.com/chushou/3_176028754.htm
1503,芜湖,银泰城-伟星金域华府区中山南路以东、利民西路以南、花,128.4㎡,低层（共9层）,伟星金域华府,186万,安徽,3室2厅,南北向,14486元/㎡,2010年建,https://wuhu.esf.fang.com/chushou/3_176028754.htm
1504,芜湖,银泰城-区滨江大道与利民西路交汇处,99.42㎡,中层（共33层）,国贸天琴湾,155万,安徽,2室2厅,东向,15590元/㎡,2008年建,https://wuhu.esf.fang.com/chushou/3_175676132.htm
1505,芜湖,银泰城-区滨江大道与利民西路交汇处,99.42㎡,中层（共33层）,国贸天琴湾,155万,安徽,2室2厅,东向,15590元/㎡,2008年建,https://wuhu.esf.fang.com/chushou/3_175676132.htm
1506,芜湖,大学城-伟星蔚蓝海岸长江南路与红花山路交汇处,122.4㎡,低层（共34层）,伟星蔚蓝海岸,162万,安徽,3室2厅,南向,13235元/㎡,2018年建,https://wuhu.esf.fang.com/chushou/3_175816737.htm
1507,芜湖,大学城-伟星蔚蓝海岸长江南路与红花山路交汇处,122.4㎡,低层（共34层）,伟星蔚蓝海岸,162万,安徽,3室2厅,南向,13235元/㎡,2018年建,https://wuhu.esf.fang.com/chushou/3_175816737.htm
1508,芜湖,大学城-九华南路东侧(国际会展中心对面),84㎡,低层（共18层）,汇成名郡,110万,安徽,2室2厅,南向,13095元/㎡,,https://wuhu.esf.fang.com/chushou/3_175931538.htm
1509,芜湖,大学城-九华南路东侧(国际会展中心对面),84㎡,低层（共18层）,汇成名郡,110万,安徽,2室2厅,南向,13095元/㎡,,https://wuhu.esf.fang.com/chushou/3_175931538.htm
1510,芜湖,龙窝湖-安徽省芜湖市三山区碧桂园,116㎡,低层（共32层）,芜湖碧桂园三山水韵,90万,安徽,3室2厅,南北向,7759元/㎡,2016年建,https://wuhu.esf.fang.com/chushou/3_174749823.htm
1511,芜湖,龙窝湖-安徽省芜湖市三山区碧桂园,116㎡,低层（共32层）,芜湖碧桂园三山水韵,90万,安徽,3室2厅,南北向,7759元/㎡,2016年建,https://wuhu.esf.fang.com/chushou/3_174749823.htm
1512,芜湖,黄山园-区黄山东路西阳湖畔(北塘小学旁),116㎡,高层（共5层）,平湖秋月,173万,安徽,3室2厅,南北向,14914元/㎡,2015年建,https://wuhu.esf.fang.com/chushou/3_173001328.htm
1513,芜湖,黄山园-区黄山东路西阳湖畔(北塘小学旁),116㎡,高层（共5层）,平湖秋月,173万,安徽,3室2厅,南北向,14914元/㎡,2015年建,https://wuhu.esf.fang.com/chushou/3_173001328.htm
1514,芜湖,五一广场-中江电脑城巷内50米,122.88㎡,高层（共7层）,月桂都市花园,188万,安徽,3室2厅,东向,15299元/㎡,2002年建,https://wuhu.esf.fang.com/chushou/3_175926943.htm
1515,芜湖,五一广场-中江电脑城巷内50米,122.88㎡,高层（共7层）,月桂都市花园,188万,安徽,3室2厅,东向,15299元/㎡,2002年建,https://wuhu.esf.fang.com/chushou/3_175926943.htm
1516,芜湖,大学城-高校园区,78㎡,高层（共17层）,中央城,101万,安徽,2室2厅,南向,12949元/㎡,2014年建,https://wuhu.esf.fang.com/chushou/3_175802494.htm
1517,芜湖,大学城-高校园区,78㎡,高层（共17层）,中央城,101万,安徽,2室2厅,南向,12949元/㎡,2014年建,https://wuhu.esf.fang.com/chushou/3_175802494.htm
1518,芜湖,弋江-利民东路88号,120㎡,中层（共34层）,春江明月,125万,安徽,3室2厅,南北向,10417元/㎡,2019年建,https://wuhu.esf.fang.com/chushou/3_174685744.htm
1519,芜湖,弋江-利民东路88号,120㎡,中层（共34层）,春江明月,125万,安徽,3室2厅,南北向,10417元/㎡,2019年建,https://wuhu.esf.fang.com/chushou/3_174685744.htm
1520,芜湖,大学城-九华南路东侧(国际会展中心对面),84㎡,低层（共18层）,汇成名郡,110万,安徽,2室2厅,南向,13095元/㎡,,https://wuhu.esf.fang.com/chushou/3_175839395.htm
1521,芜湖,大学城-九华南路东侧(国际会展中心对面),84㎡,低层（共18层）,汇成名郡,110万,安徽,2室2厅,南向,13095元/㎡,,https://wuhu.esf.fang.com/chushou/3_175839395.htm
1522,芜湖,南门-新一中,140㎡,高层（共18层）,蓝鼎清华园,145万,安徽,4室2厅,南北向,10357元/㎡,2016年建,https://wuhu.esf.fang.com/chushou/3_175983514.htm
1523,芜湖,南门-新一中,140㎡,高层（共18层）,蓝鼎清华园,145万,安徽,4室2厅,南北向,10357元/㎡,2016年建,https://wuhu.esf.fang.com/chushou/3_175983514.htm
1524,芜湖,南瑞-大工山路与仓津路交汇处(元亩塘南侧),116㎡,中层（共18层）,雅旭新乐府,138万,安徽,3室2厅,南向,11897元/㎡,,https://wuhu.esf.fang.com/chushou/3_175738228.htm
1525,芜湖,南瑞-大工山路与仓津路交汇处(元亩塘南侧),116㎡,中层（共18层）,雅旭新乐府,138万,安徽,3室2厅,南向,11897元/㎡,,https://wuhu.esf.fang.com/chushou/3_175738228.htm
1526,芜湖,黄江-东环二路,82㎡,中层（共28层）,融创公园首府,195万,安徽,3室2厅,南向,23780元/㎡,2019年建,https://wuhu.esf.fang.com/chushou/3_175554063.htm
1527,芜湖,黄江-东环二路,82㎡,中层（共28层）,融创公园首府,195万,安徽,3室2厅,南向,23780元/㎡,2019年建,https://wuhu.esf.fang.com/chushou/3_175554063.htm
1528,芜湖,银泰城-华仑港湾区滨江大道与利民路交汇处,98.78㎡,低层（共30层）,华仑港湾,150万,安徽,2室2厅,南向,15185元/㎡,2013年建,https://wuhu.esf.fang.com/chushou/3_176005708.htm
1529,芜湖,银泰城-华仑港湾区滨江大道与利民路交汇处,98.78㎡,低层（共30层）,华仑港湾,150万,安徽,2室2厅,南向,15185元/㎡,2013年建,https://wuhu.esf.fang.com/chushou/3_176005708.htm
1530,芜湖,其他-长江北路与广福路交叉口西侧500米,143㎡,中层（共17层）,万科江东府,200万,安徽,4室2厅,南向,13986元/㎡,2020年建,https://wuhu.esf.fang.com/chushou/3_175682075.htm
1531,芜湖,其他-长江北路与广福路交叉口西侧500米,143㎡,中层（共17层）,万科江东府,200万,安徽,4室2厅,南向,13986元/㎡,2020年建,https://wuhu.esf.fang.com/chushou/3_175682075.htm
1532,芜湖,中山路步行街-融汇锦江DF区,60㎡,低层（共22层）,融汇锦江DF区,69万,安徽,2室1厅,南向,11500元/㎡,2002年建,https://wuhu.esf.fang.com/chushou/3_175031451.htm
1533,芜湖,中山路步行街-融汇锦江DF区,60㎡,低层（共22层）,融汇锦江DF区,69万,安徽,2室1厅,南向,11500元/㎡,2002年建,https://wuhu.esf.fang.com/chushou/3_175031451.htm
1534,芜湖,银泰城-区滨江大道与利民路交汇处,84㎡,高层（共28层）,华仑港湾,139.8万,安徽,2室2厅,南向,16643元/㎡,2015年建,https://wuhu.esf.fang.com/chushou/3_173417193.htm
1535,芜湖,银泰城-区滨江大道与利民路交汇处,84㎡,高层（共28层）,华仑港湾,139.8万,安徽,2室2厅,南向,16643元/㎡,2015年建,https://wuhu.esf.fang.com/chushou/3_173417193.htm
1536,芜湖,新时代商业街-安徽省芜湖市镜湖区三潭路,98㎡,中层（共22层）,长江长现代城二期,112万,安徽,2室2厅,南向,11429元/㎡,2001年建,https://wuhu.esf.fang.com/chushou/3_175015936.htm
1537,芜湖,新时代商业街-安徽省芜湖市镜湖区三潭路,98㎡,中层（共22层）,长江长现代城二期,112万,安徽,2室2厅,南向,11429元/㎡,2001年建,https://wuhu.esf.fang.com/chushou/3_175015936.htm
1538,芜湖,大学城-九华南路与纬五路交汇处以东,93㎡,高层（共27层）,柏庄丽城,127万,安徽,2室2厅,南向,13656元/㎡,2013年建,https://wuhu.esf.fang.com/chushou/3_174813567.htm
1539,芜湖,大学城-九华南路与纬五路交汇处以东,93㎡,高层（共27层）,柏庄丽城,127万,安徽,2室2厅,南向,13656元/㎡,2013年建,https://wuhu.esf.fang.com/chushou/3_174813567.htm
1540,芜湖,银泰城-伟星长江之歌长江南路99号,134㎡,高层（共40层）,伟星长江之歌,195万,安徽,3室2厅,南北向,14552元/㎡,2012年建,https://wuhu.esf.fang.com/chushou/3_175074243.htm
1541,芜湖,银泰城-伟星长江之歌长江南路99号,134㎡,高层（共40层）,伟星长江之歌,195万,安徽,3室2厅,南北向,14552元/㎡,2012年建,https://wuhu.esf.fang.com/chushou/3_175074243.htm
1542,芜湖,大学城-高校园区,104㎡,中层（共18层）,中央城,135万,安徽,3室2厅,南北向,12981元/㎡,,https://wuhu.esf.fang.com/chushou/3_172862023.htm
1543,芜湖,大学城-高校园区,104㎡,中层（共18层）,中央城,135万,安徽,3室2厅,南北向,12981元/㎡,,https://wuhu.esf.fang.com/chushou/3_172862023.htm
1544,芜湖,政务文化中心-阳翰路与鸠江北路交汇处(二十八中北侧),142㎡,中层（共8层）,信达翡丽世家,196万,安徽,4室2厅,南北向,13803元/㎡,2018年建,https://wuhu.esf.fang.com/chushou/3_176029662.htm
1545,芜湖,政务文化中心-阳翰路与鸠江北路交汇处(二十八中北侧),142㎡,中层（共8层）,信达翡丽世家,196万,安徽,4室2厅,南北向,13803元/㎡,2018年建,https://wuhu.esf.fang.com/chushou/3_176029662.htm
1546,芜湖,银泰城-伟星长江之歌长江南路99号,97.8㎡,高层（共34层）,伟星长江之歌,157万,安徽,2室2厅,南向,16053元/㎡,2016年建,https://wuhu.esf.fang.com/chushou/3_175949286.htm
1547,芜湖,银泰城-伟星长江之歌长江南路99号,97.8㎡,高层（共34层）,伟星长江之歌,157万,安徽,2室2厅,南向,16053元/㎡,2016年建,https://wuhu.esf.fang.com/chushou/3_175949286.htm
1548,芜湖,政务文化中心-中江大道与赤铸山路交汇处,77.61㎡,高层（共5层）,东方红郡,108万,安徽,2室2厅,南北向,13916元/㎡,,https://wuhu.esf.fang.com/chushou/3_173901779.htm
1549,芜湖,政务文化中心-中江大道与赤铸山路交汇处,77.61㎡,高层（共5层）,东方红郡,108万,安徽,2室2厅,南北向,13916元/㎡,,https://wuhu.esf.fang.com/chushou/3_173901779.htm
1550,芜湖,政务文化中心-万科城南区安徽省芜湖市鸠江区涌金路南,88㎡,低层（共17层）,万科城南区,130万,安徽,3室2厅,南北向,14773元/㎡,2013年建,https://wuhu.esf.fang.com/chushou/3_175019480.htm
1551,芜湖,政务文化中心-万科城南区安徽省芜湖市鸠江区涌金路南,88㎡,低层（共17层）,万科城南区,130万,安徽,3室2厅,南北向,14773元/㎡,2013年建,https://wuhu.esf.fang.com/chushou/3_175019480.htm
1552,芜湖,大学城-蓝湾半岛芜湖市弋江区文津东路,121㎡,高层（共18层）,蓝湾半岛,92万,安徽,3室2厅,南向,7603元/㎡,2015年建,https://wuhu.esf.fang.com/chushou/3_176057108.htm
1553,芜湖,大学城-蓝湾半岛芜湖市弋江区文津东路,121㎡,高层（共18层）,蓝湾半岛,92万,安徽,3室2厅,南向,7603元/㎡,2015年建,https://wuhu.esf.fang.com/chushou/3_176057108.htm
1554,芜湖,大学城-蓝湾半岛芜湖市弋江区文津东路,80㎡,高层（共24层）,蓝湾半岛,61万,安徽,2室2厅,南北向,7625元/㎡,2014年建,https://wuhu.esf.fang.com/chushou/3_176057089.htm
1555,芜湖,大学城-蓝湾半岛芜湖市弋江区文津东路,80㎡,高层（共24层）,蓝湾半岛,61万,安徽,2室2厅,南北向,7625元/㎡,2014年建,https://wuhu.esf.fang.com/chushou/3_176057089.htm
1556,芜湖,奥林匹克公园-奥韵康城区利民东路418号,89.31㎡,中层（共6层）,奥韵康城,117万,安徽,3室2厅,南北向,13100元/㎡,2000年建,https://wuhu.esf.fang.com/chushou/3_176063056.htm
1557,芜湖,奥林匹克公园-奥韵康城区利民东路418号,89.31㎡,中层（共6层）,奥韵康城,117万,安徽,3室2厅,南北向,13100元/㎡,2000年建,https://wuhu.esf.fang.com/chushou/3_176063056.htm
1558,芜湖,大学城-安徽省芜湖市弋江区汇成名郡小区南门对面,59㎡,低层（共28层）,柏庄时代金座,39万,安徽,1室1厅,南向,6610元/㎡,,https://wuhu.esf.fang.com/chushou/3_176037181.htm
1559,芜湖,大学城-安徽省芜湖市弋江区汇成名郡小区南门对面,59㎡,低层（共28层）,柏庄时代金座,39万,安徽,1室1厅,南向,6610元/㎡,,https://wuhu.esf.fang.com/chushou/3_176037181.htm
1560,芜湖,银泰城-区滨江大道与利民路交汇处,142㎡,低层（共28层）,华仑港湾,202万,安徽,3室2厅,南北向,14225元/㎡,2012年建,https://wuhu.esf.fang.com/chushou/3_172995896.htm
1561,芜湖,银泰城-区滨江大道与利民路交汇处,142㎡,低层（共28层）,华仑港湾,202万,安徽,3室2厅,南北向,14225元/㎡,2012年建,https://wuhu.esf.fang.com/chushou/3_172995896.htm
1562,芜湖,新时代商业街-安徽省芜湖市弋江区中山南路,115.6㎡,中层（共26层）,儒林西苑,126万,安徽,3室2厅,东南向,10900元/㎡,1993年建,https://wuhu.esf.fang.com/chushou/3_175031744.htm
1563,芜湖,新时代商业街-安徽省芜湖市弋江区中山南路,115.6㎡,中层（共26层）,儒林西苑,126万,安徽,3室2厅,东南向,10900元/㎡,1993年建,https://wuhu.esf.fang.com/chushou/3_175031744.htm
1564,芜湖,大学城-九华南路东侧(国际会展中心对面),33㎡,中层（共23层）,汇成名郡,36万,安徽,1室1厅,北向,10909元/㎡,,https://wuhu.esf.fang.com/chushou/3_175963419.htm
1565,芜湖,大学城-九华南路东侧(国际会展中心对面),33㎡,中层（共23层）,汇成名郡,36万,安徽,1室1厅,北向,10909元/㎡,,https://wuhu.esf.fang.com/chushou/3_175963419.htm
1566,芜湖,政务文化中心-区鸠江北路与赤铸山路交汇处东北方向,114㎡,中层（共8层）,恒大华府,78万,安徽,3室2厅,南北向,6842元/㎡,2013年建,https://wuhu.esf.fang.com/chushou/3_173903646.htm
1567,芜湖,政务文化中心-区鸠江北路与赤铸山路交汇处东北方向,114㎡,中层（共8层）,恒大华府,78万,安徽,3室2厅,南北向,6842元/㎡,2013年建,https://wuhu.esf.fang.com/chushou/3_173903646.htm
1568,双鸭山,宝清县,90㎡,低层（共6层）,金星,80万,黑龙江,3室1厅,东西向,8889元/㎡,,https://shuangyashan.esf.fang.com/chushou/16_201222.htm
1569,双鸭山,宝清县,90㎡,低层（共6层）,金星,80万,黑龙江,3室1厅,东西向,8889元/㎡,,https://shuangyashan.esf.fang.com/chushou/16_201222.htm
1570,双鸭山,尖山区,78㎡,中层（共7层）,黑土地花园小区,23万,黑龙江,2室1厅,南北向,2949元/㎡,,https://shuangyashan.esf.fang.com/chushou/16_201223.htm
1571,双鸭山,尖山区,78㎡,中层（共7层）,黑土地花园小区,23万,黑龙江,2室1厅,南北向,2949元/㎡,,https://shuangyashan.esf.fang.com/chushou/16_201223.htm
1572,双鸭山,宝清县,65㎡,中层（共11层）,锦绣新城高层,26万,黑龙江,2室1厅,南北向,4000元/㎡,,https://shuangyashan.esf.fang.com/chushou/16_201225.htm
1573,双鸭山,宝清县,65㎡,中层（共11层）,锦绣新城高层,26万,黑龙江,2室1厅,南北向,4000元/㎡,,https://shuangyashan.esf.fang.com/chushou/16_201225.htm
1574,双鸭山,饶河县-饶河县振兴路,78.47㎡,高层（共7层）,绿洲小区,24万,黑龙江,2室1厅,南北向,3058元/㎡,,https://shuangyashan.esf.fang.com/chushou/16_201224.htm
1575,双鸭山,饶河县-饶河县振兴路,78.47㎡,高层（共7层）,绿洲小区,24万,黑龙江,2室1厅,南北向,3058元/㎡,,https://shuangyashan.esf.fang.com/chushou/16_201224.htm
1576,双鸭山,,78㎡,中层（共7层）,尖山区二马路黑土地花小区,23万,黑龙江,2室1厅,南北向,2949元/㎡,,https://shuangyashan.esf.fang.com/chushou/16_201226.htm
1577,双鸭山,,78㎡,中层（共7层）,尖山区二马路黑土地花小区,23万,黑龙江,2室1厅,南北向,2949元/㎡,,https://shuangyashan.esf.fang.com/chushou/16_201226.htm
1578,双鸭山,集贤县,84㎡,高层（共6层）,万豪世嘉,19万,黑龙江,2室1厅,南北向,2262元/㎡,,https://shuangyashan.esf.fang.com/chushou/16_201227.htm
1579,双鸭山,集贤县,84㎡,高层（共6层）,万豪世嘉,19万,黑龙江,2室1厅,南北向,2262元/㎡,,https://shuangyashan.esf.fang.com/chushou/16_201227.htm
1580,双鸭山,尖山区,71.5㎡,高层（共7层）,南市区,13万,黑龙江,2室1厅,南向,1818元/㎡,,https://shuangyashan.esf.fang.com/chushou/16_201228.htm
1581,双鸭山,尖山区,71.5㎡,高层（共7层）,南市区,13万,黑龙江,2室1厅,南向,1818元/㎡,,https://shuangyashan.esf.fang.com/chushou/16_201228.htm
1582,双鸭山,尖山区,53㎡,低层（共4层）,东平行路二马路口,11万,黑龙江,2室1厅,南向,2075元/㎡,,https://shuangyashan.esf.fang.com/chushou/16_201231.htm
1583,双鸭山,尖山区,53㎡,低层（共4层）,东平行路二马路口,11万,黑龙江,2室1厅,南向,2075元/㎡,,https://shuangyashan.esf.fang.com/chushou/16_201231.htm
1584,双鸭山,尖山区,63㎡,高层（共7层）,华兴小区,13万,黑龙江,2室1厅,南北向,2063元/㎡,,https://shuangyashan.esf.fang.com/chushou/16_201230.htm
1585,双鸭山,尖山区,63㎡,高层（共7层）,华兴小区,13万,黑龙江,2室1厅,南北向,2063元/㎡,,https://shuangyashan.esf.fang.com/chushou/16_201230.htm
1586,双鸭山,尖山区,68㎡,高层（共7层）,盛泰家园 (五马路逸夫小学附近),18万,黑龙江,2室1厅,南向,2647元/㎡,,https://shuangyashan.esf.fang.com/chushou/16_201229.htm
1587,双鸭山,尖山区,68㎡,高层（共7层）,盛泰家园 (五马路逸夫小学附近),18万,黑龙江,2室1厅,南向,2647元/㎡,,https://shuangyashan.esf.fang.com/chushou/16_201229.htm
1588,双鸭山,尖山区,50㎡,高层（共7层）,长虹小区,6万,黑龙江,1室1厅,南北向,1200元/㎡,,https://shuangyashan.esf.fang.com/chushou/16_201232.htm
1589,双鸭山,尖山区,50㎡,高层（共7层）,长虹小区,6万,黑龙江,1室1厅,南北向,1200元/㎡,,https://shuangyashan.esf.fang.com/chushou/16_201232.htm
1590,双鸭山,尖山区,50㎡,高层（共7层）,长虹,6万,黑龙江,1室1厅,南北向,1200元/㎡,,https://shuangyashan.esf.fang.com/chushou/16_201233.htm
1591,双鸭山,尖山区,50㎡,高层（共7层）,长虹,6万,黑龙江,1室1厅,南北向,1200元/㎡,,https://shuangyashan.esf.fang.com/chushou/16_201233.htm
1592,双鸭山,集贤县,53㎡,高层（共7层）,向福家园,9万,黑龙江,2室1厅,北向,1698元/㎡,,https://shuangyashan.esf.fang.com/chushou/16_201234.htm
1593,双鸭山,集贤县,53㎡,高层（共7层）,向福家园,9万,黑龙江,2室1厅,北向,1698元/㎡,,https://shuangyashan.esf.fang.com/chushou/16_201234.htm
1594,双鸭山,尖山区,59.9㎡,高层（共8层）,东二马路吉星小区运输处楼,6万,黑龙江,2室1厅,南北向,1002元/㎡,,https://shuangyashan.esf.fang.com/chushou/16_201235.htm
1595,双鸭山,尖山区,59.9㎡,高层（共8层）,东二马路吉星小区运输处楼,6万,黑龙江,2室1厅,南北向,1002元/㎡,,https://shuangyashan.esf.fang.com/chushou/16_201235.htm
1596,双鸭山,尖山区,60㎡,高层（共1层）,六号线,6万,黑龙江,2室1厅,南向,1000元/㎡,,https://shuangyashan.esf.fang.com/chushou/16_201236.htm
1597,双鸭山,尖山区,60㎡,高层（共1层）,六号线,6万,黑龙江,2室1厅,南向,1000元/㎡,,https://shuangyashan.esf.fang.com/chushou/16_201236.htm
1598,西双版纳,龙舟广场-景洪-龙舟广场-曼熙别院,74㎡,低层（共12层）,曼熙别院,48万,云南,1室2厅,南北向,6486元/㎡,2019年建,https://xishuangbanna.esf.fang.com/chushou/3_154170986.htm
1599,西双版纳,龙舟广场-景洪-龙舟广场-曼熙别院,74㎡,低层（共12层）,曼熙别院,48万,云南,1室2厅,南北向,6486元/㎡,2019年建,https://xishuangbanna.esf.fang.com/chushou/3_154170986.htm
1600,双鸭山,尖山区,60㎡,高层（共1层）,六号线,6万,黑龙江,2室1厅,南向,1000元/㎡,,https://shuangyashan.esf.fang.com/chushou/16_201237.htm
1601,双鸭山,尖山区,60㎡,高层（共1层）,六号线,6万,黑龙江,2室1厅,南向,1000元/㎡,,https://shuangyashan.esf.fang.com/chushou/16_201237.htm
1602,双鸭山,尖山区,115.77㎡,低层（共8层）,电大路中行家属楼,25万,黑龙江,2室1厅,南北向,2159元/㎡,,https://shuangyashan.esf.fang.com/chushou/16_201238.htm
1603,双鸭山,尖山区,115.77㎡,低层（共8层）,电大路中行家属楼,25万,黑龙江,2室1厅,南北向,2159元/㎡,,https://shuangyashan.esf.fang.com/chushou/16_201238.htm
1604,双鸭山,宝清县,54㎡,中层（共7层）,时代新城,19.5万,黑龙江,2室1厅,南向,3611元/㎡,,https://shuangyashan.esf.fang.com/chushou/16_201241.htm
1605,双鸭山,宝清县,54㎡,中层（共7层）,时代新城,19.5万,黑龙江,2室1厅,南向,3611元/㎡,,https://shuangyashan.esf.fang.com/chushou/16_201241.htm
1606,双鸭山,尖山区,46.16㎡,高层（共5层）,城南一品,10万,黑龙江,1室1厅,南向,2166元/㎡,,https://shuangyashan.esf.fang.com/chushou/16_201240.htm
1607,双鸭山,尖山区,46.16㎡,高层（共5层）,城南一品,10万,黑龙江,1室1厅,南向,2166元/㎡,,https://shuangyashan.esf.fang.com/chushou/16_201240.htm
1608,双鸭山,尖山区,46.16㎡,高层（共6层）,城南一品,10万,黑龙江,1室1厅,南北向,2166元/㎡,,https://shuangyashan.esf.fang.com/chushou/16_201239.htm
1609,双鸭山,尖山区,46.16㎡,高层（共6层）,城南一品,10万,黑龙江,1室1厅,南北向,2166元/㎡,,https://shuangyashan.esf.fang.com/chushou/16_201239.htm
1610,西双版纳,嘎洒旅游小镇-喜来登酒店南侧雨林源筑营销中心,68㎡,中层（共8层）,雨林源筑,59万,云南,2室2厅,南向,8676元/㎡,,https://xishuangbanna.esf.fang.com/chushou/3_154200974.htm
1611,西双版纳,嘎洒旅游小镇-喜来登酒店南侧雨林源筑营销中心,68㎡,中层（共8层）,雨林源筑,59万,云南,2室2厅,南向,8676元/㎡,,https://xishuangbanna.esf.fang.com/chushou/3_154200974.htm
1612,西双版纳,曼弄枫-庄慕路(曼弄风幼儿园斜对面),112㎡,中层（共15层）,版纳精英汇,90万,云南,1室1厅,南向,8036元/㎡,2020年建,https://xishuangbanna.esf.fang.com/chushou/3_153468789.htm
1613,西双版纳,曼弄枫-庄慕路(曼弄风幼儿园斜对面),112㎡,中层（共15层）,版纳精英汇,90万,云南,1室1厅,南向,8036元/㎡,2020年建,https://xishuangbanna.esf.fang.com/chushou/3_153468789.htm
1614,西双版纳,曼弄枫-曼弄枫,155㎡,低层（共14层）,曼城,114万,云南,4室2厅,南向,7355元/㎡,2018年建,https://xishuangbanna.esf.fang.com/chushou/3_154288151.htm
1615,西双版纳,曼弄枫-曼弄枫,155㎡,低层（共14层）,曼城,114万,云南,4室2厅,南向,7355元/㎡,2018年建,https://xishuangbanna.esf.fang.com/chushou/3_154288151.htm
1616,西双版纳,嘎栋工业园区-旅游度假区万达乐园正对面,49㎡,中层（共6层）,义乌商城,50万,云南,1室1厅,南向,10204元/㎡,,https://xishuangbanna.esf.fang.com/chushou/3_153556708.htm
1617,西双版纳,嘎栋工业园区-旅游度假区万达乐园正对面,49㎡,中层（共6层）,义乌商城,50万,云南,1室1厅,南向,10204元/㎡,,https://xishuangbanna.esf.fang.com/chushou/3_153556708.htm
1618,西双版纳,曼弄枫-庄慕路(曼弄风幼儿园斜对面),53㎡,中层（共9层）,版纳精英汇,51万,云南,1室1厅,南向,9623元/㎡,2018年建,https://xishuangbanna.esf.fang.com/chushou/3_154219745.htm
1619,西双版纳,曼弄枫-庄慕路(曼弄风幼儿园斜对面),53㎡,中层（共9层）,版纳精英汇,51万,云南,1室1厅,南向,9623元/㎡,2018年建,https://xishuangbanna.esf.fang.com/chushou/3_154219745.htm
1620,西双版纳,嘎洒旅游小镇-中国;云南;西双版纳景洪市嘎洒镇雅居乐大道西,72㎡,低层（共24层）,雅居乐·西双林语,52万,云南,2室2厅,南北向,7222元/㎡,2018年建,https://xishuangbanna.esf.fang.com/chushou/3_154135004.htm
1621,西双版纳,嘎洒旅游小镇-中国;云南;西双版纳景洪市嘎洒镇雅居乐大道西,72㎡,低层（共24层）,雅居乐·西双林语,52万,云南,2室2厅,南北向,7222元/㎡,2018年建,https://xishuangbanna.esf.fang.com/chushou/3_154135004.htm
1622,西双版纳,曼弄枫-菩提大道中段,109㎡,中层（共15层）,南山别院,99万,云南,3室2厅,南向,9083元/㎡,2019年建,https://xishuangbanna.esf.fang.com/chushou/3_154160952.htm
1623,西双版纳,曼弄枫-菩提大道中段,109㎡,中层（共15层）,南山别院,99万,云南,3室2厅,南向,9083元/㎡,2019年建,https://xishuangbanna.esf.fang.com/chushou/3_154160952.htm
1624,双鸭山,宝清县,71.55㎡,中层（共7层）,运输小区,25.5万,黑龙江,2室1厅,南北向,3564元/㎡,,https://shuangyashan.esf.fang.com/chushou/16_201242.htm
1625,双鸭山,宝清县,71.55㎡,中层（共7层）,运输小区,25.5万,黑龙江,2室1厅,南北向,3564元/㎡,,https://shuangyashan.esf.fang.com/chushou/16_201242.htm
1626,双鸭山,集贤县,83㎡,中层（共7层）,外貌老楼,13万,黑龙江,3室2厅,南北向,1566元/㎡,,https://shuangyashan.esf.fang.com/chushou/16_201244.htm
1627,双鸭山,集贤县,83㎡,中层（共7层）,外貌老楼,13万,黑龙江,3室2厅,南北向,1566元/㎡,,https://shuangyashan.esf.fang.com/chushou/16_201244.htm
1628,双鸭山,宝清县,79㎡,高层（共6层）,茗轩谢佳小区,25万,黑龙江,2室1厅,南北向,3165元/㎡,,https://shuangyashan.esf.fang.com/chushou/16_201245.htm
1629,双鸭山,宝清县,79㎡,高层（共6层）,茗轩谢佳小区,25万,黑龙江,2室1厅,南北向,3165元/㎡,,https://shuangyashan.esf.fang.com/chushou/16_201245.htm
1630,双鸭山,尖山区,46.16㎡,高层（共6层）,城南壹品,6万,黑龙江,1室1厅,南向,1300元/㎡,,https://shuangyashan.esf.fang.com/chushou/16_201243.htm
1631,双鸭山,尖山区,46.16㎡,高层（共6层）,城南壹品,6万,黑龙江,1室1厅,南向,1300元/㎡,,https://shuangyashan.esf.fang.com/chushou/16_201243.htm
1632,双鸭山,尖山区-七马路东平行路,100.8㎡,中层（共7层）,中植方洲苑,26万,黑龙江,2室1厅,南北向,2579元/㎡,,https://shuangyashan.esf.fang.com/chushou/16_201247.htm
1633,双鸭山,尖山区-七马路东平行路,100.8㎡,中层（共7层）,中植方洲苑,26万,黑龙江,2室1厅,南北向,2579元/㎡,,https://shuangyashan.esf.fang.com/chushou/16_201247.htm
1634,双鸭山,尖山区,78㎡,高层（共7层）,南市区,9万,黑龙江,2室1厅,南北向,1154元/㎡,,https://shuangyashan.esf.fang.com/chushou/16_201246.htm
1635,双鸭山,尖山区,78㎡,高层（共7层）,南市区,9万,黑龙江,2室1厅,南北向,1154元/㎡,,https://shuangyashan.esf.fang.com/chushou/16_201246.htm
1636,西双版纳,嘎洒旅游小镇-西双版纳景洪市嘎洒镇喜来登酒店南侧雨林源筑营,204㎡,,雨林源筑别墅,260万,云南,,南向,12745元/㎡,,https://xishuangbanna.esf.fang.com/chushou/10_153571783.htm
1637,西双版纳,嘎洒旅游小镇-西双版纳景洪市嘎洒镇喜来登酒店南侧雨林源筑营,204㎡,,雨林源筑别墅,260万,云南,,南向,12745元/㎡,,https://xishuangbanna.esf.fang.com/chushou/10_153571783.htm
1638,西双版纳,嘎洒旅游小镇-喜来登酒店南侧雨林源筑营销中心,113㎡,低层（共9层）,雨林源筑,80万,云南,3室2厅,南向,7080元/㎡,,https://xishuangbanna.esf.fang.com/chushou/3_154140721.htm
1639,西双版纳,嘎洒旅游小镇-喜来登酒店南侧雨林源筑营销中心,113㎡,低层（共9层）,雨林源筑,80万,云南,3室2厅,南向,7080元/㎡,,https://xishuangbanna.esf.fang.com/chushou/3_154140721.htm
1640,西双版纳,嘎洒旅游小镇-喜来登酒店南侧雨林源筑营销中心,113㎡,低层（共8层）,雨林源筑,97万,云南,3室2厅,南北向,8584元/㎡,2018年建,https://xishuangbanna.esf.fang.com/chushou/3_154219619.htm
1641,西双版纳,嘎洒旅游小镇-喜来登酒店南侧雨林源筑营销中心,113㎡,低层（共8层）,雨林源筑,97万,云南,3室2厅,南北向,8584元/㎡,2018年建,https://xishuangbanna.esf.fang.com/chushou/3_154219619.htm
1642,西双版纳,嘎洒旅游小镇-雨林源筑别墅西双版纳景洪市嘎洒镇喜来登酒店南,286㎡,,雨林源筑别墅,246万,云南,,南向,8601元/㎡,,https://xishuangbanna.esf.fang.com/chushou/10_154219918.htm
1643,西双版纳,嘎洒旅游小镇-雨林源筑别墅西双版纳景洪市嘎洒镇喜来登酒店南,286㎡,,雨林源筑别墅,246万,云南,,南向,8601元/㎡,,https://xishuangbanna.esf.fang.com/chushou/10_154219918.htm
1644,西双版纳,曼弄枫-菩提大道中段,103㎡,低层（共12层）,南山别院,90万,云南,3室2厅,南北向,8738元/㎡,2014年建,https://xishuangbanna.esf.fang.com/chushou/3_153693903.htm
1645,西双版纳,曼弄枫-菩提大道中段,103㎡,低层（共12层）,南山别院,90万,云南,3室2厅,南北向,8738元/㎡,2014年建,https://xishuangbanna.esf.fang.com/chushou/3_153693903.htm
1646,西双版纳,曼弄枫-梦云南雨林澜山项目位于景洪市曼弄枫度假区二期,341㎡,,【梦云南雨林澜山】,356万,云南,,南向,10440元/㎡,,https://xishuangbanna.esf.fang.com/chushou/10_154200774.htm
1647,西双版纳,曼弄枫-梦云南雨林澜山项目位于景洪市曼弄枫度假区二期,341㎡,,【梦云南雨林澜山】,356万,云南,,南向,10440元/㎡,,https://xishuangbanna.esf.fang.com/chushou/10_154200774.htm
1648,双鸭山,尖山区,82.68㎡,高层（共18层）,领航和园,28万,黑龙江,2室1厅,南北向,3387元/㎡,,https://shuangyashan.esf.fang.com/chushou/16_201248.htm
1649,双鸭山,尖山区,82.68㎡,高层（共18层）,领航和园,28万,黑龙江,2室1厅,南北向,3387元/㎡,,https://shuangyashan.esf.fang.com/chushou/16_201248.htm
1650,双鸭山,集贤县,109㎡,中层（共6层）,集贤县气象小区,25万,黑龙江,3室2厅,南北向,2294元/㎡,,https://shuangyashan.esf.fang.com/chushou/16_201189.htm
1651,双鸭山,集贤县,109㎡,中层（共6层）,集贤县气象小区,25万,黑龙江,3室2厅,南北向,2294元/㎡,,https://shuangyashan.esf.fang.com/chushou/16_201189.htm
1652,双鸭山,宝清县,75㎡,高层（共5层）,学府苑,15万,黑龙江,2室1厅,南北向,2000元/㎡,,https://shuangyashan.esf.fang.com/chushou/16_201249.htm
1653,双鸭山,宝清县,75㎡,高层（共5层）,学府苑,15万,黑龙江,2室1厅,南北向,2000元/㎡,,https://shuangyashan.esf.fang.com/chushou/16_201249.htm
1654,双鸭山,尖山区,77.4㎡,高层（共8层）,康乐园小区,16万,黑龙江,2室1厅,南北向,2067元/㎡,,https://shuangyashan.esf.fang.com/chushou/16_201250.htm
1655,双鸭山,尖山区,77.4㎡,高层（共8层）,康乐园小区,16万,黑龙江,2室1厅,南北向,2067元/㎡,,https://shuangyashan.esf.fang.com/chushou/16_201250.htm
1656,双鸭山,尖山区-二马路,60㎡,高层（共7层）,春晖小区,10万,黑龙江,1室1厅,南北向,1667元/㎡,,https://shuangyashan.esf.fang.com/chushou/16_201251.htm
1657,双鸭山,尖山区-二马路,60㎡,高层（共7层）,春晖小区,10万,黑龙江,1室1厅,南北向,1667元/㎡,,https://shuangyashan.esf.fang.com/chushou/16_201251.htm
1658,西双版纳,嘎洒旅游小镇-中国;云南;西双版纳景洪市嘎洒镇雅居乐大道西,68㎡,高层（共23层）,雅居乐·西双林语,50万,云南,2室2厅,南北向,7353元/㎡,2019年建,https://xishuangbanna.esf.fang.com/chushou/3_153898304.htm
1659,西双版纳,嘎洒旅游小镇-中国;云南;西双版纳景洪市嘎洒镇雅居乐大道西,68㎡,高层（共23层）,雅居乐·西双林语,50万,云南,2室2厅,南北向,7353元/㎡,2019年建,https://xishuangbanna.esf.fang.com/chushou/3_153898304.htm
1660,西双版纳,曼弄枫-庄慕路(曼弄风幼儿园斜对面),50㎡,高层（共9层）,版纳精英汇,60万,云南,1室1厅,南北向,12000元/㎡,2019年建,https://xishuangbanna.esf.fang.com/chushou/3_153869964.htm
1661,西双版纳,曼弄枫-庄慕路(曼弄风幼儿园斜对面),50㎡,高层（共9层）,版纳精英汇,60万,云南,1室1厅,南北向,12000元/㎡,2019年建,https://xishuangbanna.esf.fang.com/chushou/3_153869964.htm
1662,西双版纳,龙舟广场-景洪-龙舟广场-南溪别院,65㎡,中层（共8层）,南溪别院,36万,云南,2室2厅,南向,5538元/㎡,2019年建,https://xishuangbanna.esf.fang.com/chushou/3_154200155.htm
1663,西双版纳,龙舟广场-景洪-龙舟广场-南溪别院,65㎡,中层（共8层）,南溪别院,36万,云南,2室2厅,南向,5538元/㎡,2019年建,https://xishuangbanna.esf.fang.com/chushou/3_154200155.htm
1664,西双版纳,"曼弄枫-曼弄枫,西双版纳旅游度假区,景帕杭路6号。",99㎡,高层（共25层）,万科曼西缇,96万,云南,3室2厅,南北向,9697元/㎡,2018年建,https://xishuangbanna.esf.fang.com/chushou/3_153609942.htm
1665,西双版纳,"曼弄枫-曼弄枫,西双版纳旅游度假区,景帕杭路6号。",99㎡,高层（共25层）,万科曼西缇,96万,云南,3室2厅,南北向,9697元/㎡,2018年建,https://xishuangbanna.esf.fang.com/chushou/3_153609942.htm
1666,西双版纳,曼弄枫-曼弄枫,114㎡,中层（共15层）,曼城,85万,云南,3室2厅,南北向,7456元/㎡,2019年建,https://xishuangbanna.esf.fang.com/chushou/3_154193468.htm
1667,西双版纳,曼弄枫-曼弄枫,114㎡,中层（共15层）,曼城,85万,云南,3室2厅,南北向,7456元/㎡,2019年建,https://xishuangbanna.esf.fang.com/chushou/3_154193468.htm
1668,西双版纳,嘎洒旅游小镇-中国;云南;西双版纳景洪市嘎洒镇雅居乐大道西,68㎡,高层（共22层）,雅居乐·西双林语,65万,云南,2室2厅,南向,9559元/㎡,2018年建,https://xishuangbanna.esf.fang.com/chushou/3_153655416.htm
1669,西双版纳,嘎洒旅游小镇-中国;云南;西双版纳景洪市嘎洒镇雅居乐大道西,68㎡,高层（共22层）,雅居乐·西双林语,65万,云南,2室2厅,南向,9559元/㎡,2018年建,https://xishuangbanna.esf.fang.com/chushou/3_153655416.htm
1670,双鸭山,尖山区,45㎡,中层（共31层）,君豪新城,23万,黑龙江,1室1厅,南北向,5111元/㎡,,https://shuangyashan.esf.fang.com/chushou/16_201252.htm
1671,双鸭山,尖山区,45㎡,中层（共31层）,君豪新城,23万,黑龙江,1室1厅,南北向,5111元/㎡,,https://shuangyashan.esf.fang.com/chushou/16_201252.htm
1672,双鸭山,,108㎡,中层（共17层）,金航家园,35万,黑龙江,2室1厅,南向,3241元/㎡,,https://shuangyashan.esf.fang.com/chushou/16_201253.htm
1673,双鸭山,,108㎡,中层（共17层）,金航家园,35万,黑龙江,2室1厅,南向,3241元/㎡,,https://shuangyashan.esf.fang.com/chushou/16_201253.htm
1674,双鸭山,尖山区,60㎡,中层（共6层）,"十二号地块,宜居园",14.8万,黑龙江,2室1厅,南北向,2467元/㎡,,https://shuangyashan.esf.fang.com/chushou/16_201255.htm
1675,双鸭山,尖山区,60㎡,中层（共6层）,"十二号地块,宜居园",14.8万,黑龙江,2室1厅,南北向,2467元/㎡,,https://shuangyashan.esf.fang.com/chushou/16_201255.htm
1676,双鸭山,尖山区,60㎡,中层（共6层）,"十二号地块,宜居园",14.8万,黑龙江,2室1厅,南北向,2467元/㎡,,https://shuangyashan.esf.fang.com/chushou/16_201256.htm
1677,双鸭山,尖山区,60㎡,中层（共6层）,"十二号地块,宜居园",14.8万,黑龙江,2室1厅,南北向,2467元/㎡,,https://shuangyashan.esf.fang.com/chushou/16_201256.htm
1678,双鸭山,尖山区,60㎡,中层（共6层）,"十二号地块,宜居园",14.5万,黑龙江,2室1厅,南北向,2417元/㎡,,https://shuangyashan.esf.fang.com/chushou/16_201257.htm
1679,双鸭山,尖山区,60㎡,中层（共6层）,"十二号地块,宜居园",14.5万,黑龙江,2室1厅,南北向,2417元/㎡,,https://shuangyashan.esf.fang.com/chushou/16_201257.htm
1680,双鸭山,尖山区,100㎡,中层（共32层）,双兴福悦湾,48万,黑龙江,2室1厅,南北向,4800元/㎡,,https://shuangyashan.esf.fang.com/chushou/16_201258.htm
1681,双鸭山,尖山区,100㎡,中层（共32层）,双兴福悦湾,48万,黑龙江,2室1厅,南北向,4800元/㎡,,https://shuangyashan.esf.fang.com/chushou/16_201258.htm
1682,西双版纳,嘎洒旅游小镇-西双版纳景洪市嘎洒镇喜来登酒店南侧雨林源筑营,98㎡,,雨林源筑别墅,150万,云南,,南向,15306元/㎡,,https://xishuangbanna.esf.fang.com/chushou/10_154219578.htm
1683,西双版纳,嘎洒旅游小镇-西双版纳景洪市嘎洒镇喜来登酒店南侧雨林源筑营,98㎡,,雨林源筑别墅,150万,云南,,南向,15306元/㎡,,https://xishuangbanna.esf.fang.com/chushou/10_154219578.htm
1684,西双版纳,嘎栋工业园区-西双版纳国际度假区,143㎡,低层（共6层）,万达西双版纳国际度假区,98万,云南,4室2厅,南北向,6853元/㎡,2018年建,https://xishuangbanna.esf.fang.com/chushou/3_154131949.htm
1685,西双版纳,嘎栋工业园区-西双版纳国际度假区,143㎡,低层（共6层）,万达西双版纳国际度假区,98万,云南,4室2厅,南北向,6853元/㎡,2018年建,https://xishuangbanna.esf.fang.com/chushou/3_154131949.htm
1686,西双版纳,曼弄枫-勐泐大道山水云天旁,70㎡,低层（共18层）,绿城春江明月,75万,云南,2室1厅,南北向,10714元/㎡,2019年建,https://xishuangbanna.esf.fang.com/chushou/3_153594134.htm
1687,西双版纳,曼弄枫-勐泐大道山水云天旁,70㎡,低层（共18层）,绿城春江明月,75万,云南,2室1厅,南北向,10714元/㎡,2019年建,https://xishuangbanna.esf.fang.com/chushou/3_153594134.htm
1688,西双版纳,曼弄枫-景洪市曼弄枫曼养广庄慕路与庄董东路交叉路口,76㎡,低层（共14层）,南亚春天,51万,云南,2室2厅,东南向,6711元/㎡,2015年建,https://xishuangbanna.esf.fang.com/chushou/3_154233965.htm
1689,西双版纳,曼弄枫-景洪市曼弄枫曼养广庄慕路与庄董东路交叉路口,76㎡,低层（共14层）,南亚春天,51万,云南,2室2厅,东南向,6711元/㎡,2015年建,https://xishuangbanna.esf.fang.com/chushou/3_154233965.htm
1690,西双版纳,市中区-景洪市勐海路与勐泐大道交叉处流沙河畔,77㎡,高层（共15层）,尚居湖岸,76万,云南,2室2厅,南向,9870元/㎡,2018年建,https://xishuangbanna.esf.fang.com/chushou/3_153636343.htm
1691,西双版纳,市中区-景洪市勐海路与勐泐大道交叉处流沙河畔,77㎡,高层（共15层）,尚居湖岸,76万,云南,2室2厅,南向,9870元/㎡,2018年建,https://xishuangbanna.esf.fang.com/chushou/3_153636343.htm
1692,双鸭山,尖山区,100㎡,中层（共33层）,双兴福悦湾,48万,黑龙江,2室1厅,南北向,4800元/㎡,,https://shuangyashan.esf.fang.com/chushou/16_201259.htm
1693,双鸭山,尖山区,100㎡,中层（共33层）,双兴福悦湾,48万,黑龙江,2室1厅,南北向,4800元/㎡,,https://shuangyashan.esf.fang.com/chushou/16_201259.htm
1694,双鸭山,宝清县,81.6㎡,中层（共7层）,绿岛家园,39万,黑龙江,2室1厅,南北向,4779元/㎡,,https://shuangyashan.esf.fang.com/chushou/16_201260.htm
1695,双鸭山,宝清县,81.6㎡,中层（共7层）,绿岛家园,39万,黑龙江,2室1厅,南北向,4779元/㎡,,https://shuangyashan.esf.fang.com/chushou/16_201260.htm
1696,双鸭山,尖山区,73㎡,中层（共9层）,金隆小区,17万,黑龙江,2室1厅,南向,2329元/㎡,,https://shuangyashan.esf.fang.com/chushou/16_201262.htm
1697,双鸭山,尖山区,73㎡,中层（共9层）,金隆小区,17万,黑龙江,2室1厅,南向,2329元/㎡,,https://shuangyashan.esf.fang.com/chushou/16_201262.htm
1698,双鸭山,尖山区,85㎡,中层（共7层）,双林小区,21.5万,黑龙江,2室1厅,南北向,2529元/㎡,,https://shuangyashan.esf.fang.com/chushou/16_201264.htm
1699,双鸭山,尖山区,85㎡,中层（共7层）,双林小区,21.5万,黑龙江,2室1厅,南北向,2529元/㎡,,https://shuangyashan.esf.fang.com/chushou/16_201264.htm
1700,双鸭山,宝清县,91㎡,中层（共7层）,宝清,28.8万,黑龙江,3室1厅,南北向,3165元/㎡,,https://shuangyashan.esf.fang.com/chushou/16_201265.htm
1701,双鸭山,宝清县,91㎡,中层（共7层）,宝清,28.8万,黑龙江,3室1厅,南北向,3165元/㎡,,https://shuangyashan.esf.fang.com/chushou/16_201265.htm
1702,双鸭山,岭东区,53.94㎡,中层（共8层）,博爱园,5万,黑龙江,1室1厅,南北向,927元/㎡,,https://shuangyashan.esf.fang.com/chushou/16_201266.htm
1703,双鸭山,岭东区,53.94㎡,中层（共8层）,博爱园,5万,黑龙江,1室1厅,南北向,927元/㎡,,https://shuangyashan.esf.fang.com/chushou/16_201266.htm
1704,西双版纳,嘎洒旅游小镇-喜来登酒店南侧雨林源筑营销中心,110㎡,高层（共8层）,雨林源筑,101万,云南,2室2厅,南北向,9182元/㎡,2019年建,https://xishuangbanna.esf.fang.com/chushou/3_154200769.htm
1705,西双版纳,嘎洒旅游小镇-喜来登酒店南侧雨林源筑营销中心,110㎡,高层（共8层）,雨林源筑,101万,云南,2室2厅,南北向,9182元/㎡,2019年建,https://xishuangbanna.esf.fang.com/chushou/3_154200769.htm
1706,西双版纳,嘎洒旅游小镇-中国;云南;西双版纳景洪市嘎洒镇雅居乐大道西,111㎡,中层（共22层）,雅居乐·西双林语,109万,云南,3室2厅,南北向,9820元/㎡,2018年建,https://xishuangbanna.esf.fang.com/chushou/3_153636324.htm
1707,西双版纳,嘎洒旅游小镇-中国;云南;西双版纳景洪市嘎洒镇雅居乐大道西,111㎡,中层（共22层）,雅居乐·西双林语,109万,云南,3室2厅,南北向,9820元/㎡,2018年建,https://xishuangbanna.esf.fang.com/chushou/3_153636324.htm
1708,西双版纳,景洪-万景金街,147㎡,高层（共7层）,融创西双版纳国际旅游度假区,111万,云南,4室2厅,南北向,7551元/㎡,2019年建,https://xishuangbanna.esf.fang.com/chushou/3_153676011.htm
1709,西双版纳,景洪-万景金街,147㎡,高层（共7层）,融创西双版纳国际旅游度假区,111万,云南,4室2厅,南北向,7551元/㎡,2019年建,https://xishuangbanna.esf.fang.com/chushou/3_153676011.htm
1710,西双版纳,"勐腊-东盟大道,近紫薇路",42㎡,低层（共22层）,磨丁经济特区,16万,云南,1室1厅,南北向,3810元/㎡,2018年建,https://xishuangbanna.esf.fang.com/chushou/3_154112200.htm
1711,西双版纳,"勐腊-东盟大道,近紫薇路",42㎡,低层（共22层）,磨丁经济特区,16万,云南,1室1厅,南北向,3810元/㎡,2018年建,https://xishuangbanna.esf.fang.com/chushou/3_154112200.htm
1712,西双版纳,曼弄枫-菩提大道中段,103㎡,中层（共15层）,南山别院,88万,云南,3室2厅,南北向,8544元/㎡,2018年建,https://xishuangbanna.esf.fang.com/chushou/3_153676042.htm
1713,西双版纳,曼弄枫-菩提大道中段,103㎡,中层（共15层）,南山别院,88万,云南,3室2厅,南北向,8544元/㎡,2018年建,https://xishuangbanna.esf.fang.com/chushou/3_153676042.htm
1714,西双版纳,曼弄枫-菩提大道中段,43㎡,低层（共15层）,南山别院,49万,云南,2室2厅,南北向,11395元/㎡,2018年建,https://xishuangbanna.esf.fang.com/chushou/3_153495476.htm
1715,西双版纳,曼弄枫-菩提大道中段,43㎡,低层（共15层）,南山别院,49万,云南,2室2厅,南北向,11395元/㎡,2018年建,https://xishuangbanna.esf.fang.com/chushou/3_153495476.htm
1716,双鸭山,集贤县,117㎡,高层（共6层）,翠园,35万,黑龙江,2室3厅,南北向,2991元/㎡,,https://shuangyashan.esf.fang.com/chushou/16_201267.htm
1717,双鸭山,集贤县,117㎡,高层（共6层）,翠园,35万,黑龙江,2室3厅,南北向,2991元/㎡,,https://shuangyashan.esf.fang.com/chushou/16_201267.htm
1718,双鸭山,集贤县,83.02㎡,低层（共7层）,紫玉,26万,黑龙江,2室1厅,南北向,3132元/㎡,,https://shuangyashan.esf.fang.com/chushou/16_201268.htm
1719,双鸭山,集贤县,83.02㎡,低层（共7层）,紫玉,26万,黑龙江,2室1厅,南北向,3132元/㎡,,https://shuangyashan.esf.fang.com/chushou/16_201268.htm
1720,双鸭山,尖山区,63㎡,中层（共6层）,时代新城,22万,黑龙江,2室1厅,南北向,3492元/㎡,,https://shuangyashan.esf.fang.com/chushou/16_201270.htm
1721,双鸭山,尖山区,63㎡,中层（共6层）,时代新城,22万,黑龙江,2室1厅,南北向,3492元/㎡,,https://shuangyashan.esf.fang.com/chushou/16_201270.htm
1722,双鸭山,尖山区,86㎡,高层（共33层）,格林雅苑,23万,黑龙江,2室1厅,南北向,2674元/㎡,,https://shuangyashan.esf.fang.com/chushou/16_201271.htm
1723,双鸭山,尖山区,86㎡,高层（共33层）,格林雅苑,23万,黑龙江,2室1厅,南北向,2674元/㎡,,https://shuangyashan.esf.fang.com/chushou/16_201271.htm
1724,双鸭山,尖山区,76.68㎡,低层（共7层）,龙祥小区,22万,黑龙江,2室1厅,南北向,2869元/㎡,,https://shuangyashan.esf.fang.com/chushou/16_201272.htm
1725,双鸭山,尖山区,76.68㎡,低层（共7层）,龙祥小区,22万,黑龙江,2室1厅,南北向,2869元/㎡,,https://shuangyashan.esf.fang.com/chushou/16_201272.htm
1726,双鸭山,尖山区,55㎡,高层（共7层）,集星小区,11万,黑龙江,2室1厅,东西向,2000元/㎡,,https://shuangyashan.esf.fang.com/chushou/16_201273.htm
1727,双鸭山,尖山区,55㎡,高层（共7层）,集星小区,11万,黑龙江,2室1厅,东西向,2000元/㎡,,https://shuangyashan.esf.fang.com/chushou/16_201273.htm
1728,西双版纳,"曼弄枫-曼弄枫,西双版纳旅游度假区,景帕杭路6号。",157㎡,中层（共8层）,万科曼西缇,140万,云南,3室2厅,南向,8917元/㎡,2019年建,https://xishuangbanna.esf.fang.com/chushou/3_154140476.htm
1729,西双版纳,"曼弄枫-曼弄枫,西双版纳旅游度假区,景帕杭路6号。",157㎡,中层（共8层）,万科曼西缇,140万,云南,3室2厅,南向,8917元/㎡,2019年建,https://xishuangbanna.esf.fang.com/chushou/3_154140476.htm
1730,西双版纳,曼弄枫-庄慕路(曼弄风幼儿园斜对面),59㎡,低层（共8层）,版纳精英汇,52.6万,云南,1室1厅,南北向,8915元/㎡,2020年建,https://xishuangbanna.esf.fang.com/chushou/3_153456422.htm
1731,西双版纳,曼弄枫-庄慕路(曼弄风幼儿园斜对面),59㎡,低层（共8层）,版纳精英汇,52.6万,云南,1室1厅,南北向,8915元/㎡,2020年建,https://xishuangbanna.esf.fang.com/chushou/3_153456422.htm
1732,西双版纳,嘎洒旅游小镇-嘎洒旅游小镇平安大道,241㎡,,平安悦景庄,400万,云南,,南向,16598元/㎡,,https://xishuangbanna.esf.fang.com/chushou/10_153811059.htm
1733,西双版纳,嘎洒旅游小镇-嘎洒旅游小镇平安大道,241㎡,,平安悦景庄,400万,云南,,南向,16598元/㎡,,https://xishuangbanna.esf.fang.com/chushou/10_153811059.htm
1734,西双版纳,曼弄枫-菩提大道中段,85㎡,低层（共15层）,南山别院,84万,云南,3室2厅,南北向,9882元/㎡,2019年建,https://xishuangbanna.esf.fang.com/chushou/3_153470408.htm
1735,西双版纳,曼弄枫-菩提大道中段,85㎡,低层（共15层）,南山别院,84万,云南,3室2厅,南北向,9882元/㎡,2019年建,https://xishuangbanna.esf.fang.com/chushou/3_153470408.htm
1736,西双版纳,市中区-景洪市景兰路曼景兰古城,44㎡,高层（共23层）,版纳印象,32万,云南,1室1厅,南北向,7273元/㎡,2017年建,https://xishuangbanna.esf.fang.com/chushou/3_153870181.htm
1737,西双版纳,市中区-景洪市景兰路曼景兰古城,44㎡,高层（共23层）,版纳印象,32万,云南,1室1厅,南北向,7273元/㎡,2017年建,https://xishuangbanna.esf.fang.com/chushou/3_153870181.htm
1738,西双版纳,景洪-近214国道,148㎡,,雅居乐西双林语别墅(214国道),280万,云南,,南向,18919元/㎡,,https://xishuangbanna.esf.fang.com/chushou/10_154254389.htm
1739,西双版纳,景洪-近214国道,148㎡,,雅居乐西双林语别墅(214国道),280万,云南,,南向,18919元/㎡,,https://xishuangbanna.esf.fang.com/chushou/10_154254389.htm
1740,双鸭山,尖山区,142.52㎡,中层（共2层）,双鸭山粮库综合楼,38万,黑龙江,2室1厅,西向,2666元/㎡,,https://shuangyashan.esf.fang.com/chushou/16_201274.htm
1741,双鸭山,尖山区,142.52㎡,中层（共2层）,双鸭山粮库综合楼,38万,黑龙江,2室1厅,西向,2666元/㎡,,https://shuangyashan.esf.fang.com/chushou/16_201274.htm
1742,双鸭山,尖山区-八马路,66.76㎡,低层（共7层）,文南小区,26.9万,黑龙江,2室1厅,东向,4029元/㎡,,https://shuangyashan.esf.fang.com/chushou/16_201275.htm
1743,双鸭山,尖山区-八马路,66.76㎡,低层（共7层）,文南小区,26.9万,黑龙江,2室1厅,东向,4029元/㎡,,https://shuangyashan.esf.fang.com/chushou/16_201275.htm
1744,双鸭山,尖山区,98㎡,高层（共8层）,双鸭山二马路工学院楼,19万,黑龙江,2室2厅,南北向,1939元/㎡,,https://shuangyashan.esf.fang.com/chushou/16_201276.htm
1745,双鸭山,尖山区,98㎡,高层（共8层）,双鸭山二马路工学院楼,19万,黑龙江,2室2厅,南北向,1939元/㎡,,https://shuangyashan.esf.fang.com/chushou/16_201276.htm
1746,双鸭山,尖山区,107.9㎡,高层（共8层）,豫园小区,20万,黑龙江,3室1厅,南向,1854元/㎡,,https://shuangyashan.esf.fang.com/chushou/16_201277.htm
1747,双鸭山,尖山区,107.9㎡,高层（共8层）,豫园小区,20万,黑龙江,3室1厅,南向,1854元/㎡,,https://shuangyashan.esf.fang.com/chushou/16_201277.htm
1748,双鸭山,尖山区,107.3㎡,高层（共8层）,豫园小区,19万,黑龙江,3室1厅,南向,1771元/㎡,,https://shuangyashan.esf.fang.com/chushou/16_4006196.htm
1749,双鸭山,尖山区,107.3㎡,高层（共8层）,豫园小区,19万,黑龙江,3室1厅,南向,1771元/㎡,,https://shuangyashan.esf.fang.com/chushou/16_4006196.htm
1750,双鸭山,尖山区-建设路,189㎡,低层（共6层）,融合小区,34万,黑龙江,3室3厅,南北向,1799元/㎡,,https://shuangyashan.esf.fang.com/chushou/16_4021224.htm
1751,双鸭山,尖山区-建设路,189㎡,低层（共6层）,融合小区,34万,黑龙江,3室3厅,南北向,1799元/㎡,,https://shuangyashan.esf.fang.com/chushou/16_4021224.htm
1752,西双版纳,嘎洒旅游小镇-中国;云南;西双版纳景洪市嘎洒镇雅居乐大道西,111㎡,高层（共23层）,雅居乐·西双林语,96万,云南,3室2厅,南北向,8649元/㎡,2015年建,https://xishuangbanna.esf.fang.com/chushou/3_153614735.htm
1753,西双版纳,嘎洒旅游小镇-中国;云南;西双版纳景洪市嘎洒镇雅居乐大道西,111㎡,高层（共23层）,雅居乐·西双林语,96万,云南,3室2厅,南北向,8649元/㎡,2015年建,https://xishuangbanna.esf.fang.com/chushou/3_153614735.htm
1754,西双版纳,景洪-万达度假区曼陀香缇,83㎡,低层（共12层）,融创曼陀香缇,71万,云南,2室2厅,南向,8554元/㎡,2019年建,https://xishuangbanna.esf.fang.com/chushou/3_154241641.htm
1755,西双版纳,景洪-万达度假区曼陀香缇,83㎡,低层（共12层）,融创曼陀香缇,71万,云南,2室2厅,南向,8554元/㎡,2019年建,https://xishuangbanna.esf.fang.com/chushou/3_154241641.htm
1756,西双版纳,"曼弄枫-曼弄枫,西双版纳旅游度假区,景帕杭路6号。",81㎡,低层（共24层）,万科曼西缇,58万,云南,2室2厅,南向,7160元/㎡,2019年建,https://xishuangbanna.esf.fang.com/chushou/3_154141209.htm
1757,西双版纳,"曼弄枫-曼弄枫,西双版纳旅游度假区,景帕杭路6号。",81㎡,低层（共24层）,万科曼西缇,58万,云南,2室2厅,南向,7160元/㎡,2019年建,https://xishuangbanna.esf.fang.com/chushou/3_154141209.htm
1758,西双版纳,嘎栋工业园区-云南省西双版纳景洪市西北部西双版纳国际度假区,117㎡,中层（共6层）,融创西双版纳旅游度假区·住宅,105万,云南,1室1厅,南向,8974元/㎡,2019年建,https://xishuangbanna.esf.fang.com/chushou/3_153829144.htm
1759,西双版纳,嘎栋工业园区-云南省西双版纳景洪市西北部西双版纳国际度假区,117㎡,中层（共6层）,融创西双版纳旅游度假区·住宅,105万,云南,1室1厅,南向,8974元/㎡,2019年建,https://xishuangbanna.esf.fang.com/chushou/3_153829144.htm
1760,西双版纳,嘎洒旅游小镇-喜来登酒店南侧雨林源筑营销中心,64㎡,中层（共10层）,雨林源筑,60.5万,云南,2室1厅,南北向,9453元/㎡,2019年建,https://xishuangbanna.esf.fang.com/chushou/3_153675974.htm
1761,西双版纳,嘎洒旅游小镇-喜来登酒店南侧雨林源筑营销中心,64㎡,中层（共10层）,雨林源筑,60.5万,云南,2室1厅,南北向,9453元/㎡,2019年建,https://xishuangbanna.esf.fang.com/chushou/3_153675974.htm
1762,西双版纳,曼弄枫-菩提大道中段,44㎡,低层（共15层）,南山别院,44万,云南,1室1厅,南北向,10000元/㎡,2018年建,https://xishuangbanna.esf.fang.com/chushou/3_153556623.htm
1763,西双版纳,曼弄枫-菩提大道中段,44㎡,低层（共15层）,南山别院,44万,云南,1室1厅,南北向,10000元/㎡,2018年建,https://xishuangbanna.esf.fang.com/chushou/3_153556623.htm
1764,双鸭山,尖山区,108㎡,中层（共18层）,金航家园,35万,黑龙江,2室1厅,南向,3241元/㎡,,https://shuangyashan.esf.fang.com/chushou/16_201263.htm
1765,双鸭山,尖山区,108㎡,中层（共18层）,金航家园,35万,黑龙江,2室1厅,南向,3241元/㎡,,https://shuangyashan.esf.fang.com/chushou/16_201263.htm
1766,双鸭山,,108㎡,高层（共17层）,金航家园,35万,黑龙江,2室1厅,南向,3241元/㎡,,https://shuangyashan.esf.fang.com/chushou/16_201254.htm
1767,双鸭山,,108㎡,高层（共17层）,金航家园,35万,黑龙江,2室1厅,南向,3241元/㎡,,https://shuangyashan.esf.fang.com/chushou/16_201254.htm
1768,双鸭山,尖山区,96㎡,高层（共7层）,文南小区,30万,黑龙江,2室2厅,南北向,3125元/㎡,,https://shuangyashan.esf.fang.com/chushou/16_4042675.htm
1769,双鸭山,尖山区,96㎡,高层（共7层）,文南小区,30万,黑龙江,2室2厅,南北向,3125元/㎡,,https://shuangyashan.esf.fang.com/chushou/16_4042675.htm
1770,双鸭山,尖山区-五马路,107㎡,高层（共8层）,名如苑小区,19.8万,黑龙江,2室1厅,东西向,1850元/㎡,,https://shuangyashan.esf.fang.com/chushou/16_4047530.htm
1771,双鸭山,尖山区-五马路,107㎡,高层（共8层）,名如苑小区,19.8万,黑龙江,2室1厅,东西向,1850元/㎡,,https://shuangyashan.esf.fang.com/chushou/16_4047530.htm
1772,双鸭山,尖山区,58㎡,高层（共7层）,环卫小区,12万,黑龙江,2室1厅,东西向,2069元/㎡,,https://shuangyashan.esf.fang.com/chushou/16_201139.htm
1773,双鸭山,尖山区,58㎡,高层（共7层）,环卫小区,12万,黑龙江,2室1厅,东西向,2069元/㎡,,https://shuangyashan.esf.fang.com/chushou/16_201139.htm
1774,西双版纳,嘎栋工业园区-嘎东工业园区,38㎡,低层（共8层）,安厦.雨林溪谷,25万,云南,1室2厅,南北向,6579元/㎡,2020年建,https://xishuangbanna.esf.fang.com/chushou/3_154218277.htm
1775,西双版纳,嘎栋工业园区-嘎东工业园区,38㎡,低层（共8层）,安厦.雨林溪谷,25万,云南,1室2厅,南北向,6579元/㎡,2020年建,https://xishuangbanna.esf.fang.com/chushou/3_154218277.htm
1776,西双版纳,曼弄枫-曼弄枫,38㎡,中层（共14层）,曼城,35万,云南,1室1厅,南北向,9211元/㎡,2018年建,https://xishuangbanna.esf.fang.com/chushou/3_153571736.htm
1777,西双版纳,曼弄枫-曼弄枫,38㎡,中层（共14层）,曼城,35万,云南,1室1厅,南北向,9211元/㎡,2018年建,https://xishuangbanna.esf.fang.com/chushou/3_153571736.htm
1778,西双版纳,嘎栋工业园区-噶栋区,77㎡,高层（共14层）,阅蓝山,80万,云南,2室2厅,南北向,10390元/㎡,,https://xishuangbanna.esf.fang.com/chushou/3_154214992.htm
1779,西双版纳,嘎栋工业园区-噶栋区,77㎡,高层（共14层）,阅蓝山,80万,云南,2室2厅,南北向,10390元/㎡,,https://xishuangbanna.esf.fang.com/chushou/3_154214992.htm
1780,西双版纳,市中区-景洪市景兰路曼景兰古城,54㎡,中层（共23层）,版纳印象,40万,云南,1室1厅,南北向,7407元/㎡,,https://xishuangbanna.esf.fang.com/chushou/3_153869975.htm
1781,西双版纳,市中区-景洪市景兰路曼景兰古城,54㎡,中层（共23层）,版纳印象,40万,云南,1室1厅,南北向,7407元/㎡,,https://xishuangbanna.esf.fang.com/chushou/3_153869975.htm
1782,西双版纳,嘎栋工业园区-嘎栋园区龙栋大道旁,107㎡,中层（共2层）,曼庄合院,58万,云南,3室2厅,南北向,5421元/㎡,2019年建,https://xishuangbanna.esf.fang.com/chushou/3_153474524.htm
1783,西双版纳,嘎栋工业园区-嘎栋园区龙栋大道旁,107㎡,中层（共2层）,曼庄合院,58万,云南,3室2厅,南北向,5421元/㎡,2019年建,https://xishuangbanna.esf.fang.com/chushou/3_153474524.htm
1784,西双版纳,曼弄枫-曼弄枫,89㎡,高层（共15层）,曼城,75万,云南,2室2厅,南北向,8427元/㎡,,https://xishuangbanna.esf.fang.com/chushou/3_154200754.htm
1785,西双版纳,曼弄枫-曼弄枫,89㎡,高层（共15层）,曼城,75万,云南,2室2厅,南北向,8427元/㎡,,https://xishuangbanna.esf.fang.com/chushou/3_154200754.htm
1786,西双版纳,"江北-澜沧江路与曼阁路交汇处,澜沧江北岸",84.89㎡,高层（共26层）,华夏·御江府,64万,云南,2室2厅,东南向,7539元/㎡,2019年建,https://xishuangbanna.esf.fang.com/chushou/3_154188767.htm
1787,西双版纳,"江北-澜沧江路与曼阁路交汇处,澜沧江北岸",84.89㎡,高层（共26层）,华夏·御江府,64万,云南,2室2厅,东南向,7539元/㎡,2019年建,https://xishuangbanna.esf.fang.com/chushou/3_154188767.htm
1788,西双版纳,景洪-近214国道,68㎡,高层（共22层）,雅居乐西双林语公寓(214国道),62万,云南,2室2厅,南北向,9118元/㎡,2018年建,https://xishuangbanna.esf.fang.com/chushou/3_154219874.htm
1789,西双版纳,景洪-近214国道,68㎡,高层（共22层）,雅居乐西双林语公寓(214国道),62万,云南,2室2厅,南北向,9118元/㎡,2018年建,https://xishuangbanna.esf.fang.com/chushou/3_154219874.htm
1790,西双版纳,曼弄枫-菩提大道中段,100㎡,高层（共15层）,南山别院,88万,云南,3室2厅,南北向,8800元/㎡,2018年建,https://xishuangbanna.esf.fang.com/chushou/3_153465734.htm
1791,西双版纳,曼弄枫-菩提大道中段,100㎡,高层（共15层）,南山别院,88万,云南,3室2厅,南北向,8800元/㎡,2018年建,https://xishuangbanna.esf.fang.com/chushou/3_153465734.htm
1792,西双版纳,市中区-景洪市勐海路与勐泐大道交叉处流沙河畔,77.51㎡,高层（共8层）,尚居湖岸,83万,云南,2室2厅,南北向,10708元/㎡,2019年建,https://xishuangbanna.esf.fang.com/chushou/3_153496211.htm
1793,西双版纳,市中区-景洪市勐海路与勐泐大道交叉处流沙河畔,77.51㎡,高层（共8层）,尚居湖岸,83万,云南,2室2厅,南北向,10708元/㎡,2019年建,https://xishuangbanna.esf.fang.com/chushou/3_153496211.htm
1794,西双版纳,嘎洒旅游小镇-中国;云南;西双版纳景洪市嘎洒镇雅居乐大道西,115㎡,中层（共22层）,雅居乐·西双林语,88万,云南,3室2厅,南北向,7652元/㎡,2019年建,https://xishuangbanna.esf.fang.com/chushou/3_154193433.htm
1795,西双版纳,嘎洒旅游小镇-中国;云南;西双版纳景洪市嘎洒镇雅居乐大道西,115㎡,中层（共22层）,雅居乐·西双林语,88万,云南,3室2厅,南北向,7652元/㎡,2019年建,https://xishuangbanna.esf.fang.com/chushou/3_154193433.htm
1796,西双版纳,嘎栋工业园区-云南省西双版纳景洪市西北部西双版纳国际度假区,71㎡,低层（共18层）,融创西双版纳旅游度假区·住宅,65.3万,云南,2室2厅,南北向,9197元/㎡,,https://xishuangbanna.esf.fang.com/chushou/3_153939973.htm
1797,西双版纳,嘎栋工业园区-云南省西双版纳景洪市西北部西双版纳国际度假区,71㎡,低层（共18层）,融创西双版纳旅游度假区·住宅,65.3万,云南,2室2厅,南北向,9197元/㎡,,https://xishuangbanna.esf.fang.com/chushou/3_153939973.htm
1798,西双版纳,曼弄枫-曼弄枫片区,58㎡,中层（共20层）,榕林时光,46万,云南,2室2厅,南北向,7931元/㎡,,https://xishuangbanna.esf.fang.com/chushou/3_154149448.htm
1799,西双版纳,曼弄枫-曼弄枫片区,58㎡,中层（共20层）,榕林时光,46万,云南,2室2厅,南北向,7931元/㎡,,https://xishuangbanna.esf.fang.com/chushou/3_154149448.htm
1800,西双版纳,嘎栋工业园区-西双版纳景洪市清泉南路1号(市人民法院对面),97㎡,低层（共15层）,上河居,68.9万,云南,3室2厅,东南向,7103元/㎡,2019年建,https://xishuangbanna.esf.fang.com/chushou/3_154268200.htm
1801,西双版纳,嘎栋工业园区-西双版纳景洪市清泉南路1号(市人民法院对面),97㎡,低层（共15层）,上河居,68.9万,云南,3室2厅,东南向,7103元/㎡,2019年建,https://xishuangbanna.esf.fang.com/chushou/3_154268200.htm
1802,西双版纳,曼弄枫-曼弄枫,155㎡,低层（共15层）,曼城,125万,云南,4室2厅,南北向,8065元/㎡,2018年建,https://xishuangbanna.esf.fang.com/chushou/3_153545836.htm
1803,西双版纳,曼弄枫-曼弄枫,155㎡,低层（共15层）,曼城,125万,云南,4室2厅,南北向,8065元/㎡,2018年建,https://xishuangbanna.esf.fang.com/chushou/3_153545836.htm
1804,西双版纳,嘎洒旅游小镇-喜来登酒店南侧雨林源筑营销中心,113㎡,中层（共8层）,雨林源筑,95万,云南,3室2厅,南北向,8407元/㎡,2018年建,https://xishuangbanna.esf.fang.com/chushou/3_153872385.htm
1805,西双版纳,嘎洒旅游小镇-喜来登酒店南侧雨林源筑营销中心,113㎡,中层（共8层）,雨林源筑,95万,云南,3室2厅,南北向,8407元/㎡,2018年建,https://xishuangbanna.esf.fang.com/chushou/3_153872385.htm
1806,西双版纳,景洪-告庄旁,51㎡,低层（共32层）,俊发滨江俊园,42万,云南,1室1厅,南向,8235元/㎡,2018年建,https://xishuangbanna.esf.fang.com/chushou/3_153593232.htm
1807,西双版纳,景洪-告庄旁,51㎡,低层（共32层）,俊发滨江俊园,42万,云南,1室1厅,南向,8235元/㎡,2018年建,https://xishuangbanna.esf.fang.com/chushou/3_153593232.htm
1808,保定,高开-绿都皇城朝阳北大街与隆兴路交叉口东行600米,97㎡,中层（共27层）,绿都皇城,122万,河北,2室2厅,南北向,12577元/㎡,2010年建,https://bd.esf.fang.com/chushou/3_275103831.htm
1809,保定,高开-绿都皇城朝阳北大街与隆兴路交叉口东行600米,97㎡,中层（共27层）,绿都皇城,122万,河北,2室2厅,南北向,12577元/㎡,2010年建,https://bd.esf.fang.com/chushou/3_275103831.htm
1810,保定,涿州-汇成创意空间涿州城西大街长城桥附件,53.3㎡,高层（共17层）,汇成创意空间,45万,河北,2室2厅,南向,8443元/㎡,2019年建,https://bd.esf.fang.com/chushou/3_271721023.htm
1811,保定,涿州-汇成创意空间涿州城西大街长城桥附件,53.3㎡,高层（共17层）,汇成创意空间,45万,河北,2室2厅,南向,8443元/㎡,2019年建,https://bd.esf.fang.com/chushou/3_271721023.htm
1812,保定,北国先天下-阳光北大街与复兴路交叉口北行100米路东,105㎡,低层（共32层）,华中国宅华园,152万,河北,2室2厅,南北向,14476元/㎡,2012年建,https://bd.esf.fang.com/chushou/3_269362101.htm
1813,保定,北国先天下-阳光北大街与复兴路交叉口北行100米路东,105㎡,低层（共32层）,华中国宅华园,152万,河北,2室2厅,南北向,14476元/㎡,2012年建,https://bd.esf.fang.com/chushou/3_269362101.htm
1814,保定,涿州-码头镇301后勤基地旁,92㎡,高层（共28层）,鸿坤理想尔湾,89万,河北,3室2厅,南北向,9674元/㎡,2018年建,https://bd.esf.fang.com/chushou/3_267031120.htm
1815,保定,涿州-码头镇301后勤基地旁,92㎡,高层（共28层）,鸿坤理想尔湾,89万,河北,3室2厅,南北向,9674元/㎡,2018年建,https://bd.esf.fang.com/chushou/3_267031120.htm
1816,保定,涿州-政法街与永济路交叉口东北方向,87㎡,中层（共18层）,翡翠华府,92万,河北,2室2厅,南北向,10575元/㎡,2019年建,https://bd.esf.fang.com/chushou/3_270860565.htm
1817,保定,涿州-政法街与永济路交叉口东北方向,87㎡,中层（共18层）,翡翠华府,92万,河北,2室2厅,南北向,10575元/㎡,2019年建,https://bd.esf.fang.com/chushou/3_270860565.htm
1818,保定,涿州-高铁涿州东站西北侧约100米,46㎡,中层（共17层）,万科城际之光,38万,河北,1室1厅,西向,8261元/㎡,2019年建,https://bd.esf.fang.com/chushou/3_267739852.htm
1819,保定,涿州-高铁涿州东站西北侧约100米,46㎡,中层（共17层）,万科城际之光,38万,河北,1室1厅,西向,8261元/㎡,2019年建,https://bd.esf.fang.com/chushou/3_267739852.htm
1820,保定,,,,,,河北,,,,,
1821,保定,,,,,,河北,,,,,
1822,保定,保定七中-保定市新市区韩庄乡,88㎡,中层（共33层）,华中假日丽城,110万,河北,2室1厅,南北向,12500元/㎡,2017年建,https://bd.esf.fang.com/chushou/3_274781937.htm
1823,保定,保定七中-保定市新市区韩庄乡,88㎡,中层（共33层）,华中假日丽城,110万,河北,2室1厅,南北向,12500元/㎡,2017年建,https://bd.esf.fang.com/chushou/3_274781937.htm
1824,保定,河北小学-天鹅中路1663号(天鹅东路美术中学东行40,78㎡,中层（共6层）,秀兰城市花园,108万,河北,2室2厅,南北向,13846元/㎡,2005年建,https://bd.esf.fang.com/chushou/3_269361954.htm
1825,保定,河北小学-天鹅中路1663号(天鹅东路美术中学东行40,78㎡,中层（共6层）,秀兰城市花园,108万,河北,2室2厅,南北向,13846元/㎡,2005年建,https://bd.esf.fang.com/chushou/3_269361954.htm
1826,保定,涿州-码头镇301后勤基地旁,93㎡,中层（共34层）,鸿坤理想尔湾,91.1万,河北,3室2厅,南北向,9796元/㎡,2018年建,https://bd.esf.fang.com/chushou/3_248234679.htm
1827,保定,涿州-码头镇301后勤基地旁,93㎡,中层（共34层）,鸿坤理想尔湾,91.1万,河北,3室2厅,南北向,9796元/㎡,2018年建,https://bd.esf.fang.com/chushou/3_248234679.htm
1828,保定,涿州-翡翠华府政法街与永济路交叉口东北方向,96㎡,高层（共18层）,翡翠华府,100万,河北,2室2厅,南北向,10417元/㎡,2019年建,https://bd.esf.fang.com/chushou/3_274014536.htm
1829,保定,涿州-翡翠华府政法街与永济路交叉口东北方向,96㎡,高层（共18层）,翡翠华府,100万,河北,2室2厅,南北向,10417元/㎡,2019年建,https://bd.esf.fang.com/chushou/3_274014536.htm
1830,保定,"涿州-长空路与龙马路交汇处,北侧紧邻冠云中路",94.6㎡,高层（共18层）,鹏渤印象城,113.2万,河北,3室2厅,南北向,11966元/㎡,2019年建,https://bd.esf.fang.com/chushou/3_265025247.htm
1831,保定,"涿州-长空路与龙马路交汇处,北侧紧邻冠云中路",94.6㎡,高层（共18层）,鹏渤印象城,113.2万,河北,3室2厅,南北向,11966元/㎡,2019年建,https://bd.esf.fang.com/chushou/3_265025247.htm
1832,保定,保百购物家园-七一路与西二环交叉口西行1000米路北,114㎡,中层（共18层）,香溪名旭,125万,河北,3室2厅,南北向,10965元/㎡,2019年建,https://bd.esf.fang.com/chushou/3_269755572.htm
1833,保定,保百购物家园-七一路与西二环交叉口西行1000米路北,114㎡,中层（共18层）,香溪名旭,125万,河北,3室2厅,南北向,10965元/㎡,2019年建,https://bd.esf.fang.com/chushou/3_269755572.htm
1834,保定,涿州-华远·海蓝城腾飞南街与龙马路交汇处(高铁站西,95㎡,中层（共18层）,华远·海蓝城,145万,河北,3室2厅,南北向,15263元/㎡,2019年建,https://bd.esf.fang.com/chushou/3_271099095.htm
1835,保定,涿州-华远·海蓝城腾飞南街与龙马路交汇处(高铁站西,95㎡,中层（共18层）,华远·海蓝城,145万,河北,3室2厅,南北向,15263元/㎡,2019年建,https://bd.esf.fang.com/chushou/3_271099095.htm
1836,保定,涿州-保定涿州京都旅游大道1号,109㎡,低层（共25层）,颐景雅苑,96万,河北,3室2厅,南北向,8807元/㎡,2019年建,https://bd.esf.fang.com/chushou/3_265806588.htm
1837,保定,涿州-保定涿州京都旅游大道1号,109㎡,低层（共25层）,颐景雅苑,96万,河北,3室2厅,南北向,8807元/㎡,2019年建,https://bd.esf.fang.com/chushou/3_265806588.htm
1838,保定,涿州-政法街与永济路交叉口东北方向,86㎡,低层（共26层）,翡翠华府,79万,河北,2室2厅,南北向,9186元/㎡,2017年建,https://bd.esf.fang.com/chushou/3_267065041.htm
1839,保定,涿州-政法街与永济路交叉口东北方向,86㎡,低层（共26层）,翡翠华府,79万,河北,2室2厅,南北向,9186元/㎡,2017年建,https://bd.esf.fang.com/chushou/3_267065041.htm
1840,保定,涿州-涿州市冠云路南火炬街西龙马路北,93㎡,高层（共18层）,天地新城,115万,河北,3室2厅,南北向,12366元/㎡,2019年建,https://bd.esf.fang.com/chushou/3_269892530.htm
1841,保定,涿州-涿州市冠云路南火炬街西龙马路北,93㎡,高层（共18层）,天地新城,115万,河北,3室2厅,南北向,12366元/㎡,2019年建,https://bd.esf.fang.com/chushou/3_269892530.htm
1842,保定,西鲁岗-乐凯大街与创业路交叉口东行50米路北,93㎡,中层（共33层）,秀兰城市美居,109万,河北,2室2厅,南向,11720元/㎡,2010年建,https://bd.esf.fang.com/chushou/3_270198375.htm
1843,保定,西鲁岗-乐凯大街与创业路交叉口东行50米路北,93㎡,中层（共33层）,秀兰城市美居,109万,河北,2室2厅,南向,11720元/㎡,2010年建,https://bd.esf.fang.com/chushou/3_270198375.htm
1844,保定,涿州-保定涿州107国道琉璃河检查站南侧(涿州东仙,100.3㎡,中层（共18层）,涿州铂悦山,112.9万,河北,3室2厅,南北向,11256元/㎡,2018年建,https://bd.esf.fang.com/chushou/3_267893635.htm
1845,保定,涿州-保定涿州107国道琉璃河检查站南侧(涿州东仙,100.3㎡,中层（共18层）,涿州铂悦山,112.9万,河北,3室2厅,南北向,11256元/㎡,2018年建,https://bd.esf.fang.com/chushou/3_267893635.htm
1846,保定,涿州-码头镇301后勤基地旁,93㎡,中层（共28层）,鸿坤理想尔湾,94万,河北,3室2厅,南北向,10108元/㎡,2019年建,https://bd.esf.fang.com/chushou/3_265755761.htm
1847,保定,涿州-码头镇301后勤基地旁,93㎡,中层（共28层）,鸿坤理想尔湾,94万,河北,3室2厅,南北向,10108元/㎡,2019年建,https://bd.esf.fang.com/chushou/3_265755761.htm
1848,保定,涿州-政法街与永济路交叉口东北方向,87㎡,中层（共18层）,翡翠华府,92万,河北,2室2厅,南北向,10575元/㎡,2019年建,https://bd.esf.fang.com/chushou/3_270811174.htm
1849,保定,涿州-政法街与永济路交叉口东北方向,87㎡,中层（共18层）,翡翠华府,92万,河北,2室2厅,南北向,10575元/㎡,2019年建,https://bd.esf.fang.com/chushou/3_270811174.htm
1850,保定,涿州-保定涿州107国道琉璃河检查站南侧(涿州东仙,101㎡,中层（共18层）,涿州铂悦山,112万,河北,3室2厅,南向,11089元/㎡,2016年建,https://bd.esf.fang.com/chushou/3_266374090.htm
1851,保定,涿州-保定涿州107国道琉璃河检查站南侧(涿州东仙,101㎡,中层（共18层）,涿州铂悦山,112万,河北,3室2厅,南向,11089元/㎡,2016年建,https://bd.esf.fang.com/chushou/3_266374090.htm
1852,保定,保定七中-华中假日丽城保定市新市区韩庄乡,120㎡,中层（共32层）,华中假日丽城,150万,河北,3室2厅,南北向,12500元/㎡,2015年建,https://bd.esf.fang.com/chushou/3_274851145.htm
1853,保定,保定七中-华中假日丽城保定市新市区韩庄乡,120㎡,中层（共32层）,华中假日丽城,150万,河北,3室2厅,南北向,12500元/㎡,2015年建,https://bd.esf.fang.com/chushou/3_274851145.htm
1854,保定,徐水-瀑河水库旁,87㎡,高层（共1层）,天业悦山湖,59万,河北,2室2厅,南北向,6782元/㎡,2018年建,https://bd.esf.fang.com/chushou/3_269952566.htm
1855,保定,徐水-瀑河水库旁,87㎡,高层（共1层）,天业悦山湖,59万,河北,2室2厅,南北向,6782元/㎡,2018年建,https://bd.esf.fang.com/chushou/3_269952566.htm
1856,保定,涿州-码头镇301后勤基地旁,93㎡,中层（共34层）,鸿坤理想尔湾,105万,河北,3室2厅,南北向,11290元/㎡,2017年建,https://bd.esf.fang.com/chushou/3_261825269.htm
1857,保定,涿州-码头镇301后勤基地旁,93㎡,中层（共34层）,鸿坤理想尔湾,105万,河北,3室2厅,南北向,11290元/㎡,2017年建,https://bd.esf.fang.com/chushou/3_261825269.htm
1858,保定,保定七中-保定市新市区韩庄乡,85㎡,中层（共32层）,华中假日丽城,110万,河北,2室2厅,南向,12941元/㎡,2015年建,https://bd.esf.fang.com/chushou/3_271163919.htm
1859,保定,保定七中-保定市新市区韩庄乡,85㎡,中层（共32层）,华中假日丽城,110万,河北,2室2厅,南向,12941元/㎡,2015年建,https://bd.esf.fang.com/chushou/3_271163919.htm
1860,保定,涿州-涿州涿州市甲秀路东100米(永济公园北),96㎡,中层（共20层）,鹏渤上河天著,120万,河北,3室2厅,南北向,12500元/㎡,2013年建,https://bd.esf.fang.com/chushou/3_269842703.htm
1861,保定,涿州-涿州涿州市甲秀路东100米(永济公园北),96㎡,中层（共20层）,鹏渤上河天著,120万,河北,3室2厅,南北向,12500元/㎡,2013年建,https://bd.esf.fang.com/chushou/3_269842703.htm
1862,保定,涿州-涿州华阳东路唐能加油站对面,105㎡,低层（共25层）,润卓天伦湾,124万,河北,3室2厅,南北向,11810元/㎡,2019年建,https://bd.esf.fang.com/chushou/3_268287208.htm
1863,保定,涿州-涿州华阳东路唐能加油站对面,105㎡,低层（共25层）,润卓天伦湾,124万,河北,3室2厅,南北向,11810元/㎡,2019年建,https://bd.esf.fang.com/chushou/3_268287208.htm
1864,保定,涿州-涿州码头永马路,86㎡,中层（共20层）,天保馨悦湾,78万,河北,2室2厅,东南向,9070元/㎡,2017年建,https://bd.esf.fang.com/chushou/3_270801272.htm
1865,保定,涿州-涿州码头永马路,86㎡,中层（共20层）,天保馨悦湾,78万,河北,2室2厅,东南向,9070元/㎡,2017年建,https://bd.esf.fang.com/chushou/3_270801272.htm
1866,保定,植物园-阳光北大街与隆兴中路交叉口西行100米路南,91.8㎡,低层（共13层）,秀兰城市绿洲,118万,河北,2室1厅,南北向,12854元/㎡,2008年建,https://bd.esf.fang.com/chushou/3_269361195.htm
1867,保定,植物园-阳光北大街与隆兴中路交叉口西行100米路南,91.8㎡,低层（共13层）,秀兰城市绿洲,118万,河北,2室1厅,南北向,12854元/㎡,2008年建,https://bd.esf.fang.com/chushou/3_269361195.htm
1868,保定,涿州-政法街与永济路交叉口东北方向,89㎡,低层（共25层）,翡翠华府,85万,河北,2室2厅,南向,9551元/㎡,2019年建,https://bd.esf.fang.com/chushou/3_270345573.htm
1869,保定,涿州-政法街与永济路交叉口东北方向,89㎡,低层（共25层）,翡翠华府,85万,河北,2室2厅,南向,9551元/㎡,2019年建,https://bd.esf.fang.com/chushou/3_270345573.htm
1870,保定,体育新城-规划体育场大街以西、体育场中路以北,83㎡,中层（共24层）,西湖铂悦山,73万,河北,2室2厅,南向,8795元/㎡,2023年建,https://bd.esf.fang.com/chushou/3_274798830.htm
1871,保定,体育新城-规划体育场大街以西、体育场中路以北,83㎡,中层（共24层）,西湖铂悦山,73万,河北,2室2厅,南向,8795元/㎡,2023年建,https://bd.esf.fang.com/chushou/3_274798830.htm
1872,保定,竞秀公园-五四西路485号(五四路与向阳北大街交叉口西,81㎡,中层（共6层）,北基地建设家园,105.8万,河北,3室2厅,南北向,13062元/㎡,2006年建,https://bd.esf.fang.com/chushou/3_272356424.htm
1873,保定,竞秀公园-五四西路485号(五四路与向阳北大街交叉口西,81㎡,中层（共6层）,北基地建设家园,105.8万,河北,3室2厅,南北向,13062元/㎡,2006年建,https://bd.esf.fang.com/chushou/3_272356424.htm
1874,保定,西鲁岗-向阳大街与复兴路交叉口西北角,151㎡,中层（共27层）,水榭花城,185万,河北,3室2厅,南北向,12252元/㎡,2012年建,https://bd.esf.fang.com/chushou/3_272478179.htm
1875,保定,西鲁岗-向阳大街与复兴路交叉口西北角,151㎡,中层（共27层）,水榭花城,185万,河北,3室2厅,南北向,12252元/㎡,2012年建,https://bd.esf.fang.com/chushou/3_272478179.htm
1876,保定,"东湖片区-七一东路以南,京港澳高速收费站以东,顺达路以",98㎡,中层（共32层）,铂悦山,99万,河北,3室2厅,南向,10102元/㎡,2017年建,https://bd.esf.fang.com/chushou/3_275100959.htm
1877,保定,"东湖片区-七一东路以南,京港澳高速收费站以东,顺达路以",98㎡,中层（共32层）,铂悦山,99万,河北,3室2厅,南向,10102元/㎡,2017年建,https://bd.esf.fang.com/chushou/3_275100959.htm
1878,保定,"植物园-阳光北大街3117号(阳光北大街东侧,公安卫",220㎡,高层（共1层）,康诚香槟小镇,565万,河北,4室2厅,南北向,25682元/㎡,2008年建,https://bd.esf.fang.com/chushou/3_272368781.htm
1879,保定,"植物园-阳光北大街3117号(阳光北大街东侧,公安卫",220㎡,高层（共1层）,康诚香槟小镇,565万,河北,4室2厅,南北向,25682元/㎡,2008年建,https://bd.esf.fang.com/chushou/3_272368781.htm
1880,保定,高开-乐凯北大街与北二环交叉口南行200米路东,90.18㎡,高层（共33层）,万和城,120万,河北,2室2厅,南向,13307元/㎡,2013年建,https://bd.esf.fang.com/chushou/3_275096013.htm
1881,保定,高开-乐凯北大街与北二环交叉口南行200米路东,90.18㎡,高层（共33层）,万和城,120万,河北,2室2厅,南向,13307元/㎡,2013年建,https://bd.esf.fang.com/chushou/3_275096013.htm
1882,保定,保定七中-保定市新市区韩庄乡,133㎡,中层（共33层）,华中假日丽城,172万,河北,3室2厅,南北向,12932元/㎡,2019年建,https://bd.esf.fang.com/chushou/3_272356692.htm
1883,保定,保定七中-保定市新市区韩庄乡,133㎡,中层（共33层）,华中假日丽城,172万,河北,3室2厅,南北向,12932元/㎡,2019年建,https://bd.esf.fang.com/chushou/3_272356692.htm
1884,保定,西鲁岗-向阳大街与复兴路交叉口西北角,70㎡,中层（共27层）,水榭花城,83万,河北,1室1厅,南北向,11857元/㎡,2010年建,https://bd.esf.fang.com/chushou/3_272368068.htm
1885,保定,西鲁岗-向阳大街与复兴路交叉口西北角,70㎡,中层（共27层）,水榭花城,83万,河北,1室1厅,南北向,11857元/㎡,2010年建,https://bd.esf.fang.com/chushou/3_272368068.htm
1886,保定,榜样堂学校-恒祥北大街北二环交叉口北行700米(金融学院,74.98㎡,中层（共18层）,荣联·天下城,80.9万,河北,2室1厅,南北向,10790元/㎡,,https://bd.esf.fang.com/chushou/3_274915544.htm
1887,保定,榜样堂学校-恒祥北大街北二环交叉口北行700米(金融学院,74.98㎡,中层（共18层）,荣联·天下城,80.9万,河北,2室1厅,南北向,10790元/㎡,,https://bd.esf.fang.com/chushou/3_274915544.htm
1888,保定,竞秀公园-五四西路485号(五四路与向阳北大街交叉口西,71㎡,低层（共6层）,北基地建设家园,88.8万,河北,2室2厅,南北向,12507元/㎡,1999年建,https://bd.esf.fang.com/chushou/3_272357320.htm
1889,保定,竞秀公园-五四西路485号(五四路与向阳北大街交叉口西,71㎡,低层（共6层）,北基地建设家园,88.8万,河北,2室2厅,南北向,12507元/㎡,1999年建,https://bd.esf.fang.com/chushou/3_272357320.htm
1890,保定,植物园-恒祥北大街1899号(恒祥北大街与瑞安路交叉,136㎡,高层（共27层）,警盾家园,170万,河北,3室2厅,南北向,12500元/㎡,2008年建,https://bd.esf.fang.com/chushou/3_271052579.htm
1891,保定,植物园-恒祥北大街1899号(恒祥北大街与瑞安路交叉,136㎡,高层（共27层）,警盾家园,170万,河北,3室2厅,南北向,12500元/㎡,2008年建,https://bd.esf.fang.com/chushou/3_271052579.htm
1892,保定,植物园-秀兰锦观城恒祥北大街以东隆兴路以北李庄路以西,108.76㎡,中层（共19层）,秀兰锦观城,132万,河北,2室2厅,南北向,12137元/㎡,2008年建,https://bd.esf.fang.com/chushou/3_271212221.htm
1893,保定,植物园-秀兰锦观城恒祥北大街以东隆兴路以北李庄路以西,108.76㎡,中层（共19层）,秀兰锦观城,132万,河北,2室2厅,南北向,12137元/㎡,2008年建,https://bd.esf.fang.com/chushou/3_271212221.htm
1894,保定,河北农大-兴华小区天威中路与铁面将军庙交叉口北行50米,60.83㎡,高层（共6层）,兴华小区,94万,河北,2室1厅,南北向,15453元/㎡,1998年建,https://bd.esf.fang.com/chushou/3_271204319.htm
1895,保定,河北农大-兴华小区天威中路与铁面将军庙交叉口北行50米,60.83㎡,高层（共6层）,兴华小区,94万,河北,2室1厅,南北向,15453元/㎡,1998年建,https://bd.esf.fang.com/chushou/3_271204319.htm
1896,保定,涿州-码头镇301后勤基地旁,93㎡,中层（共18层）,鸿坤理想尔湾,98万,河北,3室2厅,南北向,10538元/㎡,2018年建,https://bd.esf.fang.com/chushou/3_269521617.htm
1897,保定,涿州-码头镇301后勤基地旁,93㎡,中层（共18层）,鸿坤理想尔湾,98万,河北,3室2厅,南北向,10538元/㎡,2018年建,https://bd.esf.fang.com/chushou/3_269521617.htm
1898,保定,涿州-腾飞南街与龙马路交汇处(高铁站西200米),80.56㎡,中层（共18层）,华远·海蓝城,125.98万,河北,2室2厅,南北向,15638元/㎡,2019年建,https://bd.esf.fang.com/chushou/3_272114822.htm
1899,保定,涿州-腾飞南街与龙马路交汇处(高铁站西200米),80.56㎡,中层（共18层）,华远·海蓝城,125.98万,河北,2室2厅,南北向,15638元/㎡,2019年建,https://bd.esf.fang.com/chushou/3_272114822.htm
1900,保定,涿州-政法街与永济路交叉口东北方向,96㎡,中层（共25层）,翡翠华府,105万,河北,2室2厅,南北向,10938元/㎡,2018年建,https://bd.esf.fang.com/chushou/3_269910034.htm
1901,保定,涿州-政法街与永济路交叉口东北方向,96㎡,中层（共25层）,翡翠华府,105万,河北,2室2厅,南北向,10938元/㎡,2018年建,https://bd.esf.fang.com/chushou/3_269910034.htm
1902,保定,涿州-涿州高铁新城,65㎡,低层（共24层）,K2京西狮子城,82万,河北,1室1厅,东北向,12615元/㎡,2014年建,https://bd.esf.fang.com/chushou/3_271996352.htm
1903,保定,涿州-涿州高铁新城,65㎡,低层（共24层）,K2京西狮子城,82万,河北,1室1厅,东北向,12615元/㎡,2014年建,https://bd.esf.fang.com/chushou/3_271996352.htm
1904,保定,河北小学-恒祥北大街与七一路交叉口北行350米路东,90.5㎡,低层（共33层）,假日山水华庭,114万,河北,2室1厅,南向,12597元/㎡,2010年建,https://bd.esf.fang.com/chushou/3_270526263.htm
1905,保定,河北小学-恒祥北大街与七一路交叉口北行350米路东,90.5㎡,低层（共33层）,假日山水华庭,114万,河北,2室1厅,南向,12597元/㎡,2010年建,https://bd.esf.fang.com/chushou/3_270526263.htm
1906,保定,河北小学-恒祥北大街与七一路交叉口北行350米路东,100㎡,高层（共12层）,假日山水华庭,137万,河北,2室2厅,南北向,13700元/㎡,2010年建,https://bd.esf.fang.com/chushou/3_271314092.htm
1907,保定,河北小学-恒祥北大街与七一路交叉口北行350米路东,100㎡,高层（共12层）,假日山水华庭,137万,河北,2室2厅,南北向,13700元/㎡,2010年建,https://bd.esf.fang.com/chushou/3_271314092.htm
1908,保定,新保师附小-隆兴路与李庄路交叉口东行300米(钻石嘉园东,92.32㎡,低层（共25层）,秀兰尚城,143万,河北,2室1厅,南向,15490元/㎡,2009年建,https://bd.esf.fang.com/chushou/3_269975246.htm
1909,保定,新保师附小-隆兴路与李庄路交叉口东行300米(钻石嘉园东,92.32㎡,低层（共25层）,秀兰尚城,143万,河北,2室1厅,南向,15490元/㎡,2009年建,https://bd.esf.fang.com/chushou/3_269975246.htm
1910,保定,高开-乐凯北大街与北二环交叉口南行200米路东,91㎡,高层（共33层）,万和城,119万,河北,2室2厅,南向,13077元/㎡,2013年建,https://bd.esf.fang.com/chushou/3_270196182.htm
1911,保定,高开-乐凯北大街与北二环交叉口南行200米路东,91㎡,高层（共33层）,万和城,119万,河北,2室2厅,南向,13077元/㎡,2013年建,https://bd.esf.fang.com/chushou/3_270196182.htm
1912,保定,植物园-金专路植物园东邻(植物园附近),94㎡,中层（共33层）,维多利亚夏郡,121万,河北,2室2厅,南北向,12872元/㎡,2013年建,https://bd.esf.fang.com/chushou/3_271309966.htm
1913,保定,植物园-金专路植物园东邻(植物园附近),94㎡,中层（共33层）,维多利亚夏郡,121万,河北,2室2厅,南北向,12872元/㎡,2013年建,https://bd.esf.fang.com/chushou/3_271309966.htm
1914,保定,保百购物家园-五四西路498号,115.5㎡,高层（共19层）,海怡佳苑,152万,河北,3室2厅,南北向,13160元/㎡,2010年建,https://bd.esf.fang.com/chushou/3_272344863.htm
1915,保定,保百购物家园-五四西路498号,115.5㎡,高层（共19层）,海怡佳苑,152万,河北,3室2厅,南北向,13160元/㎡,2010年建,https://bd.esf.fang.com/chushou/3_272344863.htm
1916,保定,涿州-涿州市桃园办事处包子铺村,83㎡,高层（共17层）,汇成·创享城,201万,河北,3室2厅,南北向,24217元/㎡,2016年建,https://bd.esf.fang.com/chushou/3_269842909.htm
1917,保定,涿州-涿州市桃园办事处包子铺村,83㎡,高层（共17层）,汇成·创享城,201万,河北,3室2厅,南北向,24217元/㎡,2016年建,https://bd.esf.fang.com/chushou/3_269842909.htm
1918,保定,涿州-保定涿州107国道琉璃河检查站南侧(涿州东仙,98㎡,高层（共20层）,涿州铂悦山,117万,河北,3室2厅,南北向,11939元/㎡,2017年建,https://bd.esf.fang.com/chushou/3_269676849.htm
1919,保定,涿州-保定涿州107国道琉璃河检查站南侧(涿州东仙,98㎡,高层（共20层）,涿州铂悦山,117万,河北,3室2厅,南北向,11939元/㎡,2017年建,https://bd.esf.fang.com/chushou/3_269676849.htm
1920,保定,涿州-涿州市冠云路南火炬街西龙马路北,100㎡,中层（共26层）,天地新城,135万,河北,3室2厅,南北向,13500元/㎡,2017年建,https://bd.esf.fang.com/chushou/3_264034618.htm
1921,保定,涿州-涿州市冠云路南火炬街西龙马路北,100㎡,中层（共26层）,天地新城,135万,河北,3室2厅,南北向,13500元/㎡,2017年建,https://bd.esf.fang.com/chushou/3_264034618.htm
1922,保定,河北小学-天鹅中路1663号(天鹅东路美术中学东行40,69㎡,中层（共6层）,秀兰城市花园,94万,河北,2室2厅,南北向,13623元/㎡,2006年建,https://bd.esf.fang.com/chushou/3_270428391.htm
1923,保定,河北小学-天鹅中路1663号(天鹅东路美术中学东行40,69㎡,中层（共6层）,秀兰城市花园,94万,河北,2室2厅,南北向,13623元/㎡,2006年建,https://bd.esf.fang.com/chushou/3_270428391.htm
1924,保定,植物园-恒祥北大街以西复兴路以北,94㎡,高层（共34层）,新一代C区,127万,河北,2室2厅,南向,13511元/㎡,2010年建,https://bd.esf.fang.com/chushou/3_272234707.htm
1925,保定,植物园-恒祥北大街以西复兴路以北,94㎡,高层（共34层）,新一代C区,127万,河北,2室2厅,南向,13511元/㎡,2010年建,https://bd.esf.fang.com/chushou/3_272234707.htm
1926,保定,涿州-高铁涿州东站西北侧约100米,45㎡,中层（共11层）,万科城际之光,38.1万,河北,1室1厅,南向,8467元/㎡,2018年建,https://bd.esf.fang.com/chushou/3_269906775.htm
1927,保定,涿州-高铁涿州东站西北侧约100米,45㎡,中层（共11层）,万科城际之光,38.1万,河北,1室1厅,南向,8467元/㎡,2018年建,https://bd.esf.fang.com/chushou/3_269906775.htm
1928,保定,北国先天下-阳光北大街与复兴路交叉口北行100米路东,94㎡,中层（共33层）,华中国宅华园,145万,河北,2室2厅,南向,15426元/㎡,2012年建,https://bd.esf.fang.com/chushou/3_269879866.htm
1929,保定,北国先天下-阳光北大街与复兴路交叉口北行100米路东,94㎡,中层（共33层）,华中国宅华园,145万,河北,2室2厅,南向,15426元/㎡,2012年建,https://bd.esf.fang.com/chushou/3_269879866.htm
1930,保定,涿州-涿州城西大街长城桥附件,75.2㎡,中层（共17层）,汇成创意空间,60万,河北,2室2厅,南向,7979元/㎡,2017年建,https://bd.esf.fang.com/chushou/3_269842898.htm
1931,保定,涿州-涿州城西大街长城桥附件,75.2㎡,中层（共17层）,汇成创意空间,60万,河北,2室2厅,南向,7979元/㎡,2017年建,https://bd.esf.fang.com/chushou/3_269842898.htm
1932,保定,时代-七一路与向阳大街交叉口西北角,92㎡,低层（共33层）,玉兰花园,125万,河北,2室2厅,南向,13587元/㎡,2019年建,https://bd.esf.fang.com/chushou/3_263334039.htm
1933,保定,时代-七一路与向阳大街交叉口西北角,92㎡,低层（共33层）,玉兰花园,125万,河北,2室2厅,南向,13587元/㎡,2019年建,https://bd.esf.fang.com/chushou/3_263334039.htm
1934,保定,体育新城-规划体育场大街以西、体育场中路以北,125㎡,中层（共27层）,西湖铂悦山,113万,河北,3室2厅,南北向,9040元/㎡,2018年建,https://bd.esf.fang.com/chushou/3_271160902.htm
1935,保定,体育新城-规划体育场大街以西、体育场中路以北,125㎡,中层（共27层）,西湖铂悦山,113万,河北,3室2厅,南北向,9040元/㎡,2018年建,https://bd.esf.fang.com/chushou/3_271160902.htm
1936,保定,河北小学-恒祥北大街1057(恒祥北大街与天鹅路交叉口,75.85㎡,中层（共6层）,西苑北区,98万,河北,2室2厅,东南向,12920元/㎡,2002年建,https://bd.esf.fang.com/chushou/3_271528248.htm
1937,保定,河北小学-恒祥北大街1057(恒祥北大街与天鹅路交叉口,75.85㎡,中层（共6层）,西苑北区,98万,河北,2室2厅,东南向,12920元/㎡,2002年建,https://bd.esf.fang.com/chushou/3_271528248.htm
1938,保定,植物园-瑞祥大街与沈庄路交汇处(丽景蓝湾B区西侧),86㎡,中层（共33层）,丽景蓝湾C区,122万,河北,2室2厅,南向,14186元/㎡,2015年建,https://bd.esf.fang.com/chushou/3_271549427.htm
1939,保定,植物园-瑞祥大街与沈庄路交汇处(丽景蓝湾B区西侧),86㎡,中层（共33层）,丽景蓝湾C区,122万,河北,2室2厅,南向,14186元/㎡,2015年建,https://bd.esf.fang.com/chushou/3_271549427.htm
1940,保定,植物园-恒祥北大街以西复兴路以北,137㎡,中层（共19层）,新一代C区,210万,河北,3室2厅,南北向,15328元/㎡,2007年建,https://bd.esf.fang.com/chushou/3_271840353.htm
1941,保定,植物园-恒祥北大街以西复兴路以北,137㎡,中层（共19层）,新一代C区,210万,河北,3室2厅,南北向,15328元/㎡,2007年建,https://bd.esf.fang.com/chushou/3_271840353.htm
1942,保定,时代-七一路与向阳大街交叉口西北角,97㎡,中层（共33层）,玉兰花园,132万,河北,2室2厅,南北向,13608元/㎡,2018年建,https://bd.esf.fang.com/chushou/3_271777890.htm
1943,保定,时代-七一路与向阳大街交叉口西北角,97㎡,中层（共33层）,玉兰花园,132万,河北,2室2厅,南北向,13608元/㎡,2018年建,https://bd.esf.fang.com/chushou/3_271777890.htm
1944,保定,涿州-玫瑰大街与诚信路交汇处向东100米,83㎡,高层（共17层）,涿州惠友万悦城,120万,河北,2室2厅,南北向,14458元/㎡,2018年建,https://bd.esf.fang.com/chushou/3_268214266.htm
1945,保定,涿州-玫瑰大街与诚信路交汇处向东100米,83㎡,高层（共17层）,涿州惠友万悦城,120万,河北,2室2厅,南北向,14458元/㎡,2018年建,https://bd.esf.fang.com/chushou/3_268214266.htm
1946,保定,体育新城-七一路与西二环交叉口西南角,115.23㎡,低层（共24层）,万和春天,110万,河北,3室2厅,南北向,9546元/㎡,2019年建,https://bd.esf.fang.com/chushou/3_269264434.htm
1947,保定,体育新城-七一路与西二环交叉口西南角,115.23㎡,低层（共24层）,万和春天,110万,河北,3室2厅,南北向,9546元/㎡,2019年建,https://bd.esf.fang.com/chushou/3_269264434.htm
1948,保定,时代商厦-东风路和阳光大街交叉口西行50米路南,77㎡,高层（共29层）,仁和公寓,91万,河北,2室1厅,东南向,11818元/㎡,2008年建,https://bd.esf.fang.com/chushou/3_271642069.htm
1949,保定,时代商厦-东风路和阳光大街交叉口西行50米路南,77㎡,高层（共29层）,仁和公寓,91万,河北,2室1厅,东南向,11818元/㎡,2008年建,https://bd.esf.fang.com/chushou/3_271642069.htm
1950,保定,植物园-北二环与乐凯大街交叉口北行700米路西(红星,88.94㎡,低层（共33层）,上林风景,110万,河北,2室2厅,南北向,12368元/㎡,2015年建,https://bd.esf.fang.com/chushou/3_270636461.htm
1951,保定,植物园-北二环与乐凯大街交叉口北行700米路西(红星,88.94㎡,低层（共33层）,上林风景,110万,河北,2室2厅,南北向,12368元/㎡,2015年建,https://bd.esf.fang.com/chushou/3_270636461.htm
1952,保定,保定七中-保定市新市区韩庄乡,106.34㎡,中层（共28层）,华中假日丽城,143万,河北,2室2厅,南向,13447元/㎡,2015年建,https://bd.esf.fang.com/chushou/3_269791009.htm
1953,保定,保定七中-保定市新市区韩庄乡,106.34㎡,中层（共28层）,华中假日丽城,143万,河北,2室2厅,南向,13447元/㎡,2015年建,https://bd.esf.fang.com/chushou/3_269791009.htm
1954,保定,植物园-世新园小区恒祥北大街2001号(恒祥北大街警,100㎡,低层（共26层）,世新园小区,119万,河北,2室2厅,南北向,11900元/㎡,2010年建,https://bd.esf.fang.com/chushou/3_268284081.htm
1955,保定,植物园-世新园小区恒祥北大街2001号(恒祥北大街警,100㎡,低层（共26层）,世新园小区,119万,河北,2室2厅,南北向,11900元/㎡,2010年建,https://bd.esf.fang.com/chushou/3_268284081.htm
1956,保定,保定七中-保定市新市区韩庄乡,135.68㎡,中层（共32层）,华中假日丽城,176万,河北,3室2厅,南北向,12972元/㎡,2015年建,https://bd.esf.fang.com/chushou/3_272094944.htm
1957,保定,保定七中-保定市新市区韩庄乡,135.68㎡,中层（共32层）,华中假日丽城,176万,河北,3室2厅,南北向,12972元/㎡,2015年建,https://bd.esf.fang.com/chushou/3_272094944.htm
1958,保定,涿州-平安北街与北二环交叉口,47㎡,高层（共25层）,名流家和,45.3万,河北,1室2厅,南北向,9638元/㎡,2019年建,https://bd.esf.fang.com/chushou/3_269843048.htm
1959,保定,涿州-平安北街与北二环交叉口,47㎡,高层（共25层）,名流家和,45.3万,河北,1室2厅,南北向,9638元/㎡,2019年建,https://bd.esf.fang.com/chushou/3_269843048.htm
1960,保定,北国先天下-假日雅典城阳光北大街与天鹅中路交叉口南行50,137㎡,中层（共33层）,假日雅典城,210万,河北,3室2厅,南北向,15328元/㎡,2009年建,https://bd.esf.fang.com/chushou/3_269246375.htm
1961,保定,北国先天下-假日雅典城阳光北大街与天鹅中路交叉口南行50,137㎡,中层（共33层）,假日雅典城,210万,河北,3室2厅,南北向,15328元/㎡,2009年建,https://bd.esf.fang.com/chushou/3_269246375.htm
1962,保定,新保师附小-隆兴路与李庄路交叉口东行300米(钻石嘉园东,89.82㎡,高层（共25层）,秀兰尚城,131万,河北,2室2厅,南北向,14585元/㎡,2012年建,https://bd.esf.fang.com/chushou/3_270731367.htm
1963,保定,新保师附小-隆兴路与李庄路交叉口东行300米(钻石嘉园东,89.82㎡,高层（共25层）,秀兰尚城,131万,河北,2室2厅,南北向,14585元/㎡,2012年建,https://bd.esf.fang.com/chushou/3_270731367.htm
1964,保定,涿州-政法街与永济路交叉口东北方向,89㎡,中层（共26层）,翡翠华府,96万,河北,2室2厅,南向,10787元/㎡,2017年建,https://bd.esf.fang.com/chushou/3_269587689.htm
1965,保定,涿州-政法街与永济路交叉口东北方向,89㎡,中层（共26层）,翡翠华府,96万,河北,2室2厅,南向,10787元/㎡,2017年建,https://bd.esf.fang.com/chushou/3_269587689.htm
1966,保定,植物园-阳光北大街二环路交叉口东南角(植物园南岸20,127㎡,中层（共31层）,公园时代,180万,河北,3室2厅,南北向,14173元/㎡,2019年建,https://bd.esf.fang.com/chushou/3_269859173.htm
1967,保定,植物园-阳光北大街二环路交叉口东南角(植物园南岸20,127㎡,中层（共31层）,公园时代,180万,河北,3室2厅,南北向,14173元/㎡,2019年建,https://bd.esf.fang.com/chushou/3_269859173.htm
1968,保定,河北小学-假日山水华庭恒祥北大街与七一路交叉口北行35,134㎡,低层（共33层）,假日山水华庭,178万,河北,3室2厅,南北向,13284元/㎡,2010年建,https://bd.esf.fang.com/chushou/3_271197674.htm
1969,保定,河北小学-假日山水华庭恒祥北大街与七一路交叉口北行35,134㎡,低层（共33层）,假日山水华庭,178万,河北,3室2厅,南北向,13284元/㎡,2010年建,https://bd.esf.fang.com/chushou/3_271197674.htm
1970,保定,前卫路小学-长城北大街313号(长城北大街第一中心医院斜,100㎡,中层（共6层）,大迪小区,128万,河北,3室1厅,南北向,12800元/㎡,2003年建,https://bd.esf.fang.com/chushou/3_270727707.htm
1971,保定,前卫路小学-长城北大街313号(长城北大街第一中心医院斜,100㎡,中层（共6层）,大迪小区,128万,河北,3室1厅,南北向,12800元/㎡,2003年建,https://bd.esf.fang.com/chushou/3_270727707.htm
1972,保定,西鲁岗-向阳大街与复兴路交叉口西北角,125㎡,中层（共27层）,水榭花城,153万,河北,2室2厅,南北向,12240元/㎡,2012年建,https://bd.esf.fang.com/chushou/3_272245366.htm
1973,保定,西鲁岗-向阳大街与复兴路交叉口西北角,125㎡,中层（共27层）,水榭花城,153万,河北,2室2厅,南北向,12240元/㎡,2012年建,https://bd.esf.fang.com/chushou/3_272245366.htm
1974,保定,北国先天下-阳光北大街与天鹅中路交叉口南行50米路西,88.79㎡,低层（共32层）,假日雅典城,123万,河北,2室2厅,南向,13853元/㎡,2008年建,https://bd.esf.fang.com/chushou/3_269973950.htm
1975,保定,北国先天下-阳光北大街与天鹅中路交叉口南行50米路西,88.79㎡,低层（共32层）,假日雅典城,123万,河北,2室2厅,南向,13853元/㎡,2008年建,https://bd.esf.fang.com/chushou/3_269973950.htm
1976,保定,涿州-保定涿州京都旅游大道1号,109㎡,中层（共20层）,颐景雅苑,98万,河北,3室2厅,南北向,8991元/㎡,2019年建,https://bd.esf.fang.com/chushou/3_267623601.htm
1977,保定,涿州-保定涿州京都旅游大道1号,109㎡,中层（共20层）,颐景雅苑,98万,河北,3室2厅,南北向,8991元/㎡,2019年建,https://bd.esf.fang.com/chushou/3_267623601.htm
1978,保定,植物园-北二环与乐凯大街交叉口北行700米路西(红星,123㎡,高层（共33层）,上林风景,144万,河北,3室2厅,南北向,11707元/㎡,2015年建,https://bd.esf.fang.com/chushou/3_271546173.htm
1979,保定,植物园-北二环与乐凯大街交叉口北行700米路西(红星,123㎡,高层（共33层）,上林风景,144万,河北,3室2厅,南北向,11707元/㎡,2015年建,https://bd.esf.fang.com/chushou/3_271546173.htm
1980,保定,西鲁岗-乐凯大街与创业路交叉口东行50米路北,93㎡,中层（共27层）,秀兰城市美居,105万,河北,2室2厅,南向,11290元/㎡,2013年建,https://bd.esf.fang.com/chushou/3_270991777.htm
1981,保定,西鲁岗-乐凯大街与创业路交叉口东行50米路北,93㎡,中层（共27层）,秀兰城市美居,105万,河北,2室2厅,南向,11290元/㎡,2013年建,https://bd.esf.fang.com/chushou/3_270991777.htm
1982,保定,高开-乐凯北大街与北二环交叉口南行200米路东,136㎡,高层（共33层）,万和城,160万,河北,3室2厅,南北向,11765元/㎡,2013年建,https://bd.esf.fang.com/chushou/3_268207191.htm
1983,保定,高开-乐凯北大街与北二环交叉口南行200米路东,136㎡,高层（共33层）,万和城,160万,河北,3室2厅,南北向,11765元/㎡,2013年建,https://bd.esf.fang.com/chushou/3_268207191.htm
1984,保定,涿州-码头镇301后勤基地旁,92㎡,高层（共28层）,鸿坤理想尔湾,94万,河北,3室2厅,南北向,10217元/㎡,2018年建,https://bd.esf.fang.com/chushou/3_269828520.htm
1985,保定,涿州-码头镇301后勤基地旁,92㎡,高层（共28层）,鸿坤理想尔湾,94万,河北,3室2厅,南北向,10217元/㎡,2018年建,https://bd.esf.fang.com/chushou/3_269828520.htm
1986,保定,植物园-阳光北大街二环路交叉口东南角(植物园南岸20,133㎡,低层（共28层）,公园时代,209万,河北,3室2厅,南北向,15714元/㎡,2016年建,https://bd.esf.fang.com/chushou/3_271155907.htm
1987,保定,植物园-阳光北大街二环路交叉口东南角(植物园南岸20,133㎡,低层（共28层）,公园时代,209万,河北,3室2厅,南北向,15714元/㎡,2016年建,https://bd.esf.fang.com/chushou/3_271155907.htm
1988,保定,新保师附小-复兴中路869号(京南一品东侧),89㎡,高层（共6层）,复兴苑,100万,河北,2室2厅,南北向,11236元/㎡,2009年建,https://bd.esf.fang.com/chushou/3_271153602.htm
1989,保定,新保师附小-复兴中路869号(京南一品东侧),89㎡,高层（共6层）,复兴苑,100万,河北,2室2厅,南北向,11236元/㎡,2009年建,https://bd.esf.fang.com/chushou/3_271153602.htm
1990,保定,植物园-盛和嘉园瑞祥大街与徐庄路交叉口(丽景蓝湾西8,90.4㎡,中层（共33层）,盛和嘉园,123万,河北,2室2厅,南向,13606元/㎡,2015年建,https://bd.esf.fang.com/chushou/3_268291515.htm
1991,保定,植物园-盛和嘉园瑞祥大街与徐庄路交叉口(丽景蓝湾西8,90.4㎡,中层（共33层）,盛和嘉园,123万,河北,2室2厅,南向,13606元/㎡,2015年建,https://bd.esf.fang.com/chushou/3_268291515.htm
1992,保定,北国先天下-阳光北大街与盛兴路交叉口东行100米路北,67㎡,高层（共6层）,怡园小区,66万,河北,2室2厅,南北向,9851元/㎡,2007年建,https://bd.esf.fang.com/chushou/3_271200519.htm
1993,保定,北国先天下-阳光北大街与盛兴路交叉口东行100米路北,67㎡,高层（共6层）,怡园小区,66万,河北,2室2厅,南北向,9851元/㎡,2007年建,https://bd.esf.fang.com/chushou/3_271200519.htm
1994,保定,滨河公园-东风中路与长城大街交叉口西行500米,70.2㎡,高层（共6层）,中华小区一区,82万,河北,2室1厅,南北向,11681元/㎡,2002年建,https://bd.esf.fang.com/chushou/3_270460282.htm
1995,保定,滨河公园-东风中路与长城大街交叉口西行500米,70.2㎡,高层（共6层）,中华小区一区,82万,河北,2室1厅,南北向,11681元/㎡,2002年建,https://bd.esf.fang.com/chushou/3_270460282.htm
1996,保定,涿州-建设路车站东街东侧,114㎡,高层（共18层）,宏远碧萝湾,116万,河北,3室2厅,南北向,10175元/㎡,2016年建,https://bd.esf.fang.com/chushou/3_262586087.htm
1997,保定,涿州-建设路车站东街东侧,114㎡,高层（共18层）,宏远碧萝湾,116万,河北,3室2厅,南北向,10175元/㎡,2016年建,https://bd.esf.fang.com/chushou/3_262586087.htm
1998,保定,龙潭公园-乐凯南大街与天威路交叉口南行50米路西,57㎡,中层（共30层）,秀兰新畿辅,59万,河北,1室1厅,南北向,10351元/㎡,2009年建,https://bd.esf.fang.com/chushou/3_271032678.htm
1999,保定,龙潭公园-乐凯南大街与天威路交叉口南行50米路西,57㎡,中层（共30层）,秀兰新畿辅,59万,河北,1室1厅,南北向,10351元/㎡,2009年建,https://bd.esf.fang.com/chushou/3_271032678.htm
2000,安吉,灵峰街道-安吉城东,235.54㎡,,祥生东方越,235万,浙江,,南向,9977元/㎡,,https://aj.esf.fang.com/chushou/10_176070244.htm
2001,安吉,灵峰街道-安吉城东,235.54㎡,,祥生东方越,235万,浙江,,南向,9977元/㎡,,https://aj.esf.fang.com/chushou/10_176070244.htm
2002,安吉,安吉-湖州市安吉县天荒坪镇白水湾村518号,362㎡,,灵峰山庄,286万,浙江,,东向,7901元/㎡,,https://aj.esf.fang.com/chushou/10_176005452.htm
2003,安吉,安吉-湖州市安吉县天荒坪镇白水湾村518号,362㎡,,灵峰山庄,286万,浙江,,东向,7901元/㎡,,https://aj.esf.fang.com/chushou/10_176005452.htm
2004,安吉,安吉-安吉环灵峰山休闲度假区内,180㎡,,恒励龙王溪谷,190万,浙江,,南向,10556元/㎡,,https://aj.esf.fang.com/chushou/10_176005765.htm
2005,安吉,安吉-安吉环灵峰山休闲度假区内,180㎡,,恒励龙王溪谷,190万,浙江,,南向,10556元/㎡,,https://aj.esf.fang.com/chushou/10_176005765.htm
2006,安吉,递铺街道-安吉-递铺街道-树兰健康谷,126㎡,,树兰健康谷,218.15万,浙江,,南向,17313元/㎡,,https://aj.esf.fang.com/chushou/10_176050453.htm
2007,安吉,递铺街道-安吉-递铺街道-树兰健康谷,126㎡,,树兰健康谷,218.15万,浙江,,南向,17313元/㎡,,https://aj.esf.fang.com/chushou/10_176050453.htm
2008,安吉,安吉-湖州市安吉县白水湾村白水弄,108㎡,,绿城安吉桃花源,210万,浙江,,南向,19444元/㎡,,https://aj.esf.fang.com/chushou/10_175952749.htm
2009,安吉,安吉-湖州市安吉县白水湾村白水弄,108㎡,,绿城安吉桃花源,210万,浙江,,南向,19444元/㎡,,https://aj.esf.fang.com/chushou/10_175952749.htm
2010,安吉,"南浔-联谊路以南、浔练路以东,新安路以北",226㎡,,新南浔孔雀城别墅,190万,浙江,,,8407元/㎡,,https://aj.esf.fang.com/chushou/10_176070641.htm
2011,安吉,"南浔-联谊路以南、浔练路以东,新安路以北",226㎡,,新南浔孔雀城别墅,190万,浙江,,,8407元/㎡,,https://aj.esf.fang.com/chushou/10_176070641.htm
2012,安吉,其他乡镇-妙西镇肇村原乡小镇,120㎡,,原乡小镇,150万,浙江,,南向,12500元/㎡,,https://aj.esf.fang.com/chushou/10_176005293.htm
2013,安吉,其他乡镇-妙西镇肇村原乡小镇,120㎡,,原乡小镇,150万,浙江,,南向,12500元/㎡,,https://aj.esf.fang.com/chushou/10_176005293.htm
2014,安吉,递铺街道-安吉天使小镇里,158.25㎡,,银润天使小镇,238.5万,浙江,,南向,15071元/㎡,,https://aj.esf.fang.com/chushou/10_176050099.htm
2015,安吉,递铺街道-安吉天使小镇里,158.25㎡,,银润天使小镇,238.5万,浙江,,南向,15071元/㎡,,https://aj.esf.fang.com/chushou/10_176050099.htm
2016,安吉,安吉-安吉县灵峰景区汀香别墅内,458㎡,,汀香别墅,680万,浙江,,南向,14847元/㎡,,https://aj.esf.fang.com/chushou/10_174687378.htm
2017,安吉,安吉-安吉县灵峰景区汀香别墅内,458㎡,,汀香别墅,680万,浙江,,南向,14847元/㎡,,https://aj.esf.fang.com/chushou/10_174687378.htm
2018,安吉,安吉-递铺镇昌硕街道禹溪路680号,113㎡,,悠隐南山,225万,浙江,,南向,19912元/㎡,,https://aj.esf.fang.com/chushou/10_176070009.htm
2019,安吉,安吉-递铺镇昌硕街道禹溪路680号,113㎡,,悠隐南山,225万,浙江,,南向,19912元/㎡,,https://aj.esf.fang.com/chushou/10_176070009.htm
2020,安吉,安吉-安吉绕城南路1号,328㎡,,凤凰国际·缓山,299万,浙江,,南向,9116元/㎡,,https://aj.esf.fang.com/chushou/10_176005481.htm
2021,安吉,安吉-安吉绕城南路1号,328㎡,,凤凰国际·缓山,299万,浙江,,南向,9116元/㎡,,https://aj.esf.fang.com/chushou/10_176005481.htm
2022,安吉,万达广场-吴兴-万达广场-佳源都市,166㎡,,佳源都市,228万,浙江,,,13735元/㎡,,https://aj.esf.fang.com/chushou/10_176070204.htm
2023,安吉,万达广场-吴兴-万达广场-佳源都市,166㎡,,佳源都市,228万,浙江,,,13735元/㎡,,https://aj.esf.fang.com/chushou/10_176070204.htm
2024,安吉,灵峰街道-绕城东线与安吉大道交汇处,309㎡,低层（共4层）,灵峰山庄,213.8万,浙江,4室2厅,东南向,6919元/㎡,2017年建,https://aj.esf.fang.com/chushou/3_175951743.htm
2025,安吉,灵峰街道-绕城东线与安吉大道交汇处,309㎡,低层（共4层）,灵峰山庄,213.8万,浙江,4室2厅,东南向,6919元/㎡,2017年建,https://aj.esf.fang.com/chushou/3_175951743.htm
2026,安吉,南太湖-南太湖-太湖图影度假区13-14号地块,165㎡,,颐和山庄别墅,208万,浙江,,南向,12606元/㎡,,https://aj.esf.fang.com/chushou/10_176070730.htm
2027,安吉,南太湖-南太湖-太湖图影度假区13-14号地块,165㎡,,颐和山庄别墅,208万,浙江,,南向,12606元/㎡,,https://aj.esf.fang.com/chushou/10_176070730.htm
2028,安吉,安吉-安吉县灵峰景区汀香别墅内,318㎡,,汀香别墅,518万,浙江,,南向,16289元/㎡,,https://aj.esf.fang.com/chushou/10_176038561.htm
2029,安吉,安吉-安吉县灵峰景区汀香别墅内,318㎡,,汀香别墅,518万,浙江,,南向,16289元/㎡,,https://aj.esf.fang.com/chushou/10_176038561.htm
2030,安吉,长兴-湖州市太湖旅游度假区滨江大道与图影大到交汇处,226㎡,,东湖金悦别墅,208.6万,浙江,,南向,9230元/㎡,,https://aj.esf.fang.com/chushou/10_176070589.htm
2031,安吉,长兴-湖州市太湖旅游度假区滨江大道与图影大到交汇处,226㎡,,东湖金悦别墅,208.6万,浙江,,南向,9230元/㎡,,https://aj.esf.fang.com/chushou/10_176070589.htm
2032,安吉,安吉-湖州市安吉县白水湾村白水弄,158㎡,,绿城安吉桃花源,248万,浙江,,南向,15696元/㎡,,https://aj.esf.fang.com/chushou/10_176050932.htm
2033,安吉,安吉-湖州市安吉县白水湾村白水弄,158㎡,,绿城安吉桃花源,248万,浙江,,南向,15696元/㎡,,https://aj.esf.fang.com/chushou/10_176050932.htm
2034,安吉,安吉-浙江省湖州市安吉林峰山休闲旅游度假区苕源路1,105㎡,,绿城龙王溪小镇,235万,浙江,,南向,22381元/㎡,,https://aj.esf.fang.com/chushou/10_176050712.htm
2035,安吉,安吉-浙江省湖州市安吉林峰山休闲旅游度假区苕源路1,105㎡,,绿城龙王溪小镇,235万,浙江,,南向,22381元/㎡,,https://aj.esf.fang.com/chushou/10_176050712.htm
2036,安吉,安吉-湖州市安吉县白水湾村白水弄,158㎡,,绿城安吉桃花源,265.5万,浙江,,南向,16804元/㎡,,https://aj.esf.fang.com/chushou/10_176050423.htm
2037,安吉,安吉-湖州市安吉县白水湾村白水弄,158㎡,,绿城安吉桃花源,265.5万,浙江,,南向,16804元/㎡,,https://aj.esf.fang.com/chushou/10_176050423.htm
2038,安吉,安吉-递铺镇昌硕街道禹溪路680号,154㎡,,悠隐南山,325万,浙江,,南向,21104元/㎡,,https://aj.esf.fang.com/chushou/10_176005269.htm
2039,安吉,安吉-递铺镇昌硕街道禹溪路680号,154㎡,,悠隐南山,325万,浙江,,南向,21104元/㎡,,https://aj.esf.fang.com/chushou/10_176005269.htm
2040,安吉,天荒坪镇-安吉天荒坪镇白水湾村,114㎡,,绿城安吉桃花源,240万,浙江,,南向,21053元/㎡,,https://aj.esf.fang.com/chushou/10_176070330.htm
2041,安吉,天荒坪镇-安吉天荒坪镇白水湾村,114㎡,,绿城安吉桃花源,240万,浙江,,南向,21053元/㎡,,https://aj.esf.fang.com/chushou/10_176070330.htm
2042,安吉,安吉-安吉-安吉-绿城安吉桃花源,132㎡,,绿城安吉桃花源,219万,浙江,,南向,16591元/㎡,,https://aj.esf.fang.com/chushou/10_176070360.htm
2043,安吉,安吉-安吉-安吉-绿城安吉桃花源,132㎡,,绿城安吉桃花源,219万,浙江,,南向,16591元/㎡,,https://aj.esf.fang.com/chushou/10_176070360.htm
2044,安吉,安吉-安吉县-安吉-华都龙山庄园-龙山玺园,196㎡,,华都龙山庄园-龙山玺园,235.65万,浙江,,南向,12023元/㎡,,https://aj.esf.fang.com/chushou/10_176070470.htm
2045,安吉,安吉-安吉县-安吉-华都龙山庄园-龙山玺园,196㎡,,华都龙山庄园-龙山玺园,235.65万,浙江,,南向,12023元/㎡,,https://aj.esf.fang.com/chushou/10_176070470.htm
2046,安吉,安吉-湖州市安吉县白水湾村白水弄,110㎡,,绿城安吉桃花源,168万,浙江,,南向,15273元/㎡,,https://aj.esf.fang.com/chushou/10_176005359.htm
2047,安吉,安吉-湖州市安吉县白水湾村白水弄,110㎡,,绿城安吉桃花源,168万,浙江,,南向,15273元/㎡,,https://aj.esf.fang.com/chushou/10_176005359.htm
2048,安吉,安吉-浙江省湖州市安吉林峰山休闲旅游度假区苕源路1,137㎡,,绿城龙王溪小镇,200万,浙江,,南向,14599元/㎡,,https://aj.esf.fang.com/chushou/10_176050111.htm
2049,安吉,安吉-浙江省湖州市安吉林峰山休闲旅游度假区苕源路1,137㎡,,绿城龙王溪小镇,200万,浙江,,南向,14599元/㎡,,https://aj.esf.fang.com/chushou/10_176050111.htm
2050,安吉,安吉-安吉县递铺镇迎宾大道639-657号(梅地亚,260㎡,,恒都·香缇溪岸,210万,浙江,,南向,8077元/㎡,,https://aj.esf.fang.com/chushou/10_176070093.htm
2051,安吉,安吉-安吉县递铺镇迎宾大道639-657号(梅地亚,260㎡,,恒都·香缇溪岸,210万,浙江,,南向,8077元/㎡,,https://aj.esf.fang.com/chushou/10_176070093.htm
2052,安吉,安吉-湖州市安吉县白水湾村白水弄,188.18㎡,,绿城安吉桃花源,280万,浙江,,,14879元/㎡,,https://aj.esf.fang.com/chushou/10_176070743.htm
2053,安吉,安吉-湖州市安吉县白水湾村白水弄,188.18㎡,,绿城安吉桃花源,280万,浙江,,,14879元/㎡,,https://aj.esf.fang.com/chushou/10_176070743.htm
2054,安吉,安吉-湖州市安吉县白水湾村白水弄,205㎡,,绿城安吉桃花源,286万,浙江,,南向,13951元/㎡,,https://aj.esf.fang.com/chushou/10_176070407.htm
2055,安吉,安吉-湖州市安吉县白水湾村白水弄,205㎡,,绿城安吉桃花源,286万,浙江,,南向,13951元/㎡,,https://aj.esf.fang.com/chushou/10_176070407.htm
2056,安吉,安吉-安吉县安吉银润天使小镇,140㎡,,银润天使小镇,238.25万,浙江,,南向,17018元/㎡,,https://aj.esf.fang.com/chushou/10_176050807.htm
2057,安吉,安吉-安吉县安吉银润天使小镇,140㎡,,银润天使小镇,238.25万,浙江,,南向,17018元/㎡,,https://aj.esf.fang.com/chushou/10_176050807.htm
2058,安吉,其他乡镇-妙西镇肇村原乡小镇,106㎡,,原乡小镇,168万,浙江,,南向,15849元/㎡,,https://aj.esf.fang.com/chushou/10_175954444.htm
2059,安吉,其他乡镇-妙西镇肇村原乡小镇,106㎡,,原乡小镇,168万,浙江,,南向,15849元/㎡,,https://aj.esf.fang.com/chushou/10_175954444.htm
2060,安吉,万达广场-吴兴-万达广场-光明香樟园(别墅),137㎡,,光明香樟园(别墅),188万,浙江,,南向,13723元/㎡,,https://aj.esf.fang.com/chushou/10_176070609.htm
2061,安吉,万达广场-吴兴-万达广场-光明香樟园(别墅),137㎡,,光明香樟园(别墅),188万,浙江,,南向,13723元/㎡,,https://aj.esf.fang.com/chushou/10_176070609.htm
2062,安吉,安吉-安吉县-安吉-灵峰山庄,309㎡,,灵峰山庄,237万,浙江,,南向,7670元/㎡,,https://aj.esf.fang.com/chushou/10_176070819.htm
2063,安吉,安吉-安吉县-安吉-灵峰山庄,309㎡,,灵峰山庄,237万,浙江,,南向,7670元/㎡,,https://aj.esf.fang.com/chushou/10_176070819.htm
2064,安吉,递铺街道-安吉-递铺街道-银润蓝城天使小镇,151㎡,,银润蓝城天使小镇,212万,浙江,,,14040元/㎡,,https://aj.esf.fang.com/chushou/10_175953936.htm
2065,安吉,递铺街道-安吉-递铺街道-银润蓝城天使小镇,151㎡,,银润蓝城天使小镇,212万,浙江,,,14040元/㎡,,https://aj.esf.fang.com/chushou/10_175953936.htm
2066,安吉,安吉-湖州市安吉县天荒坪镇白水湾村518号,460㎡,,灵峰山庄,388万,浙江,,,8435元/㎡,,https://aj.esf.fang.com/chushou/10_175953674.htm
2067,安吉,安吉-湖州市安吉县天荒坪镇白水湾村518号,460㎡,,灵峰山庄,388万,浙江,,,8435元/㎡,,https://aj.esf.fang.com/chushou/10_175953674.htm
2068,安吉,递铺街道-阳光大道,181.15㎡,,绿城柳岸晓风,205万,浙江,,南向,11317元/㎡,,https://aj.esf.fang.com/chushou/10_176070697.htm
2069,安吉,递铺街道-阳光大道,181.15㎡,,绿城柳岸晓风,205万,浙江,,南向,11317元/㎡,,https://aj.esf.fang.com/chushou/10_176070697.htm
2070,安吉,递铺街道-安吉-递铺街道-恒都香缇溪岸,221㎡,,恒都香缇溪岸,215万,浙江,,南向,9729元/㎡,,https://aj.esf.fang.com/chushou/10_174764877.htm
2071,安吉,递铺街道-安吉-递铺街道-恒都香缇溪岸,221㎡,,恒都香缇溪岸,215万,浙江,,南向,9729元/㎡,,https://aj.esf.fang.com/chushou/10_174764877.htm
2072,安吉,德清-德清县-德清-蓝城观云小镇,205㎡,,蓝城观云小镇,289万,浙江,,南向,14098元/㎡,,https://aj.esf.fang.com/chushou/10_176005512.htm
2073,安吉,德清-德清县-德清-蓝城观云小镇,205㎡,,蓝城观云小镇,289万,浙江,,南向,14098元/㎡,,https://aj.esf.fang.com/chushou/10_176005512.htm
2074,安吉,安吉-湖州市安吉县白水湾村白水弄,108㎡,,绿城安吉桃花源,218.24万,浙江,,南向,20207元/㎡,,https://aj.esf.fang.com/chushou/10_176050201.htm
2075,安吉,安吉-湖州市安吉县白水湾村白水弄,108㎡,,绿城安吉桃花源,218.24万,浙江,,南向,20207元/㎡,,https://aj.esf.fang.com/chushou/10_176050201.htm
2076,安吉,安吉-安吉环灵峰山休闲度假区内,180㎡,,恒励龙王溪谷,320万,浙江,,南向,17778元/㎡,,https://aj.esf.fang.com/chushou/10_176070033.htm
2077,安吉,安吉-安吉环灵峰山休闲度假区内,180㎡,,恒励龙王溪谷,320万,浙江,,南向,17778元/㎡,,https://aj.esf.fang.com/chushou/10_176070033.htm
2078,安吉,德清-武康镇开发区,154㎡,,融创莫干溪谷,260万,浙江,,南向,16883元/㎡,,https://aj.esf.fang.com/chushou/10_176050083.htm
2079,安吉,德清-武康镇开发区,154㎡,,融创莫干溪谷,260万,浙江,,南向,16883元/㎡,,https://aj.esf.fang.com/chushou/10_176050083.htm
2080,安吉,安吉-安吉大道和绕城南路交叉口,140㎡,,银润蓝城天使小镇,258万,浙江,,南向,18429元/㎡,,https://aj.esf.fang.com/chushou/10_175834948.htm
2081,安吉,安吉-安吉大道和绕城南路交叉口,140㎡,,银润蓝城天使小镇,258万,浙江,,南向,18429元/㎡,,https://aj.esf.fang.com/chushou/10_175834948.htm
2082,安吉,安吉-安吉县天荒坪南路城南社区,190㎡,,华都龙山庄园-龙山玺园,180万,浙江,,南向,9474元/㎡,,https://aj.esf.fang.com/chushou/10_176050034.htm
2083,安吉,安吉-安吉县天荒坪南路城南社区,190㎡,,华都龙山庄园-龙山玺园,180万,浙江,,南向,9474元/㎡,,https://aj.esf.fang.com/chushou/10_176050034.htm
2084,安吉,安吉-安吉大道和绕城东线交汇处,155㎡,,银润蓝城天使小镇,240万,浙江,,南向,15484元/㎡,,https://aj.esf.fang.com/chushou/10_176070077.htm
2085,安吉,安吉-安吉大道和绕城东线交汇处,155㎡,,银润蓝城天使小镇,240万,浙江,,南向,15484元/㎡,,https://aj.esf.fang.com/chushou/10_176070077.htm
2086,安吉,递铺街道-安吉-递铺街道-树兰健康谷,126㎡,,树兰健康谷,231万,浙江,,南向,18333元/㎡,,https://aj.esf.fang.com/chushou/10_176005309.htm
2087,安吉,递铺街道-安吉-递铺街道-树兰健康谷,126㎡,,树兰健康谷,231万,浙江,,南向,18333元/㎡,,https://aj.esf.fang.com/chushou/10_176005309.htm
2088,安吉,灵峰街道-安吉灵峰街道205号,158.5㎡,,树兰健康谷,278.5万,浙江,,南向,17571元/㎡,,https://aj.esf.fang.com/chushou/10_176070420.htm
2089,安吉,灵峰街道-安吉灵峰街道205号,158.5㎡,,树兰健康谷,278.5万,浙江,,南向,17571元/㎡,,https://aj.esf.fang.com/chushou/10_176070420.htm
2090,安吉,灵峰街道-白丰线以南,383㎡,,灵峰山庄,300万,浙江,,南向,7833元/㎡,,https://aj.esf.fang.com/chushou/10_176070369.htm
2091,安吉,灵峰街道-白丰线以南,383㎡,,灵峰山庄,300万,浙江,,南向,7833元/㎡,,https://aj.esf.fang.com/chushou/10_176070369.htm
2092,安吉,安吉-凤凰路与环城南路交叉口北,288㎡,,银亿朗境别墅,254万,浙江,,南向,8819元/㎡,,https://aj.esf.fang.com/chushou/10_175954159.htm
2093,安吉,安吉-凤凰路与环城南路交叉口北,288㎡,,银亿朗境别墅,254万,浙江,,南向,8819元/㎡,,https://aj.esf.fang.com/chushou/10_175954159.htm
2094,安吉,安吉-安吉-安吉-君澜湾山语香缇,400㎡,,君澜湾山语香缇,699万,浙江,,南向,17475元/㎡,,https://aj.esf.fang.com/chushou/10_176070266.htm
2095,安吉,安吉-安吉-安吉-君澜湾山语香缇,400㎡,,君澜湾山语香缇,699万,浙江,,南向,17475元/㎡,,https://aj.esf.fang.com/chushou/10_176070266.htm
2096,安吉,递铺街道-安吉梅灵线,135㎡,,绿城桃花源,238.15万,浙江,,南向,17641元/㎡,,https://aj.esf.fang.com/chushou/10_176031424.htm
2097,安吉,递铺街道-安吉梅灵线,135㎡,,绿城桃花源,238.15万,浙江,,南向,17641元/㎡,,https://aj.esf.fang.com/chushou/10_176031424.htm
2098,安吉,安吉-安吉县递铺镇安吉高级中学向东500米(东城花,252㎡,,天熙·紫云东郡,280万,浙江,,南向,11111元/㎡,,https://aj.esf.fang.com/chushou/10_175954092.htm
2099,安吉,安吉-安吉县递铺镇安吉高级中学向东500米(东城花,252㎡,,天熙·紫云东郡,280万,浙江,,南向,11111元/㎡,,https://aj.esf.fang.com/chushou/10_175954092.htm
2100,安吉,仁皇山新区-湖州吴兴区环太湖路1555号,180㎡,,伴山美墅,378.5万,浙江,,南向,21028元/㎡,,https://aj.esf.fang.com/chushou/10_176070678.htm
2101,安吉,仁皇山新区-湖州吴兴区环太湖路1555号,180㎡,,伴山美墅,378.5万,浙江,,南向,21028元/㎡,,https://aj.esf.fang.com/chushou/10_176070678.htm
2102,安吉,递铺街道-安吉-递铺街道-凤凰国际缓山,220㎡,,凤凰国际缓山,288万,浙江,,南向,13091元/㎡,,https://aj.esf.fang.com/chushou/10_176049972.htm
2103,安吉,递铺街道-安吉-递铺街道-凤凰国际缓山,220㎡,,凤凰国际缓山,288万,浙江,,南向,13091元/㎡,,https://aj.esf.fang.com/chushou/10_176049972.htm
2104,安吉,安吉-安吉县灵峰景区汀香别墅内,318㎡,,汀香别墅,530万,浙江,,南向,16667元/㎡,,https://aj.esf.fang.com/chushou/10_175953122.htm
2105,安吉,安吉-安吉县灵峰景区汀香别墅内,318㎡,,汀香别墅,530万,浙江,,南向,16667元/㎡,,https://aj.esf.fang.com/chushou/10_175953122.htm
2106,安吉,安吉-安吉县-安吉-汀香别墅,385㎡,,汀香别墅,688万,浙江,,南向,17870元/㎡,,https://aj.esf.fang.com/chushou/10_176070312.htm
2107,安吉,安吉-安吉县-安吉-汀香别墅,385㎡,,汀香别墅,688万,浙江,,南向,17870元/㎡,,https://aj.esf.fang.com/chushou/10_176070312.htm
2108,安吉,安吉-浙江省湖州市安吉县递铺镇昌硕街道禹溪路680,140㎡,中层（共2层）,悠隐南山,235.5万,浙江,3室2厅,南向,16821元/㎡,2016年建,https://aj.esf.fang.com/chushou/3_176049864.htm
2109,安吉,安吉-浙江省湖州市安吉县递铺镇昌硕街道禹溪路680,140㎡,中层（共2层）,悠隐南山,235.5万,浙江,3室2厅,南向,16821元/㎡,2016年建,https://aj.esf.fang.com/chushou/3_176049864.htm
2110,安吉,安吉-安吉环灵峰山休闲度假区内,167㎡,,恒励龙王溪谷,310万,浙江,,南向,18563元/㎡,,https://aj.esf.fang.com/chushou/10_176050730.htm
2111,安吉,安吉-安吉环灵峰山休闲度假区内,167㎡,,恒励龙王溪谷,310万,浙江,,南向,18563元/㎡,,https://aj.esf.fang.com/chushou/10_176050730.htm
2112,安吉,递铺街道-阳光大道,165㎡,,绿城柳岸晓风,165万,浙江,,南向,10000元/㎡,,https://aj.esf.fang.com/chushou/10_176070283.htm
2113,安吉,递铺街道-阳光大道,165㎡,,绿城柳岸晓风,165万,浙江,,南向,10000元/㎡,,https://aj.esf.fang.com/chushou/10_176070283.htm
2114,安吉,灵峰街道-安吉灵峰度假村区梅岭线216号,130.25㎡,,港中旅合乐小镇,204.16万,浙江,,南向,15674元/㎡,,https://aj.esf.fang.com/chushou/10_175951172.htm
2115,安吉,灵峰街道-安吉灵峰度假村区梅岭线216号,130.25㎡,,港中旅合乐小镇,204.16万,浙江,,南向,15674元/㎡,,https://aj.esf.fang.com/chushou/10_175951172.htm
2116,安吉,安吉-递铺镇昌硕街道禹溪路680号,225㎡,,悠隐南山,240万,浙江,,南向,10667元/㎡,,https://aj.esf.fang.com/chushou/10_175954221.htm
2117,安吉,安吉-递铺镇昌硕街道禹溪路680号,225㎡,,悠隐南山,240万,浙江,,南向,10667元/㎡,,https://aj.esf.fang.com/chushou/10_175954221.htm
2118,安吉,递铺街道-安吉大道与绕城南路交汇处,210㎡,,祥生东方樾,253.48万,浙江,,南向,12070元/㎡,,https://aj.esf.fang.com/chushou/10_175834936.htm
2119,安吉,递铺街道-安吉大道与绕城南路交汇处,210㎡,,祥生东方樾,253.48万,浙江,,南向,12070元/㎡,,https://aj.esf.fang.com/chushou/10_175834936.htm
2120,北海,银滩西区-金海岸大道1号(海门高尔夫球会),146㎡,低层（共28层）,嘉和·冠山海,148万,广西,3室2厅,南北向,10137元/㎡,2015年建,https://bh.esf.fang.com/chushou/3_176009297.htm
2121,北海,银滩西区-金海岸大道1号(海门高尔夫球会),146㎡,低层（共28层）,嘉和·冠山海,148万,广西,3室2厅,南北向,10137元/㎡,2015年建,https://bh.esf.fang.com/chushou/3_176009297.htm
2122,北海,南珠车站-海城区迎宾路与北海大道交汇处东北角,240㎡,中层（共2层）,中电·北海大都会,273万,广西,4室2厅,南北向,11375元/㎡,2019年建,https://bh.esf.fang.com/chushou/3_175480060.htm
2123,北海,南珠车站-海城区迎宾路与北海大道交汇处东北角,240㎡,中层（共2层）,中电·北海大都会,273万,广西,4室2厅,南北向,11375元/㎡,2019年建,https://bh.esf.fang.com/chushou/3_175480060.htm
2124,北海,南珠车站-北海市海城区科康路与香港路交叉口西150米,180㎡,,北海金石明珠,150万,广西,,南向,8333元/㎡,,https://bh.esf.fang.com/chushou/10_175739900.htm
2125,北海,南珠车站-北海市海城区科康路与香港路交叉口西150米,180㎡,,北海金石明珠,150万,广西,,南向,8333元/㎡,,https://bh.esf.fang.com/chushou/10_175739900.htm
2126,北海,金滩-海城区海景大道与上海路交汇处,121㎡,中层（共17层）,云星·海景台,130万,广西,3室2厅,北向,10744元/㎡,2019年建,https://bh.esf.fang.com/chushou/3_172539461.htm
2127,北海,金滩-海城区海景大道与上海路交汇处,121㎡,中层（共17层）,云星·海景台,130万,广西,3室2厅,北向,10744元/㎡,2019年建,https://bh.esf.fang.com/chushou/3_172539461.htm
2128,北海,南珠车站-茶亭路31号,132㎡,中层（共32层）,富丽华海御,165万,广西,3室2厅,南北向,12500元/㎡,2015年建,https://bh.esf.fang.com/chushou/3_175582584.htm
2129,北海,南珠车站-茶亭路31号,132㎡,中层（共32层）,富丽华海御,165万,广西,3室2厅,南北向,12500元/㎡,2015年建,https://bh.esf.fang.com/chushou/3_175582584.htm
2130,北海,南珠车站-北海金石明珠海景大道与香港路交汇往西500米,179㎡,中层（共3层）,北海金石明珠,150万,广西,5室1厅,南北向,8380元/㎡,2018年建,https://bh.esf.fang.com/chushou/3_176053104.htm
2131,北海,南珠车站-北海金石明珠海景大道与香港路交汇往西500米,179㎡,中层（共3层）,北海金石明珠,150万,广西,5室1厅,南北向,8380元/㎡,2018年建,https://bh.esf.fang.com/chushou/3_176053104.htm
2132,北海,,,,,,广西,,,,,
2133,北海,,,,,,广西,,,,,
2134,北海,银滩西区-银滩西区美景路88号,270㎡,低层（共3层）,天隆三千海,450万,广西,4室3厅,南北向,16667元/㎡,2020年建,https://bh.esf.fang.com/chushou/3_175723401.htm
2135,北海,银滩西区-银滩西区美景路88号,270㎡,低层（共3层）,天隆三千海,450万,广西,4室3厅,南北向,16667元/㎡,2020年建,https://bh.esf.fang.com/chushou/3_175723401.htm
2136,北海,万达-广东路156号(新世纪大道以南、广东路西侧),200㎡,低层（共6层）,恒宇·海岸华府,240万,广西,4室2厅,南北向,12000元/㎡,2016年建,https://bh.esf.fang.com/chushou/3_176051388.htm
2137,北海,万达-广东路156号(新世纪大道以南、广东路西侧),200㎡,低层（共6层）,恒宇·海岸华府,240万,广西,4室2厅,南北向,12000元/㎡,2016年建,https://bh.esf.fang.com/chushou/3_176051388.htm
2138,北海,南珠车站-海城区迎宾路与北海大道交汇处东北角,162㎡,,中电大都会别墅,260万,广西,,南向,16049元/㎡,,https://bh.esf.fang.com/chushou/10_176070924.htm
2139,北海,南珠车站-海城区迎宾路与北海大道交汇处东北角,162㎡,,中电大都会别墅,260万,广西,,南向,16049元/㎡,,https://bh.esf.fang.com/chushou/10_176070924.htm
2140,北海,南珠车站-茶亭路31号,132㎡,高层（共30层）,富丽华海御,134.5万,广西,3室2厅,南北向,10189元/㎡,2013年建,https://bh.esf.fang.com/chushou/3_176019721.htm
2141,北海,南珠车站-茶亭路31号,132㎡,高层（共30层）,富丽华海御,134.5万,广西,3室2厅,南北向,10189元/㎡,2013年建,https://bh.esf.fang.com/chushou/3_176019721.htm
2142,北海,银海-云南南路与新世纪大道交汇处东南角,348.54㎡,,棕榈泉花园别墅,550万,广西,,南向,15780元/㎡,,https://bh.esf.fang.com/chushou/10_176024470.htm
2143,北海,银海-云南南路与新世纪大道交汇处东南角,348.54㎡,,棕榈泉花园别墅,550万,广西,,南向,15780元/㎡,,https://bh.esf.fang.com/chushou/10_176024470.htm
2144,北海,万达-浙江东路8号,350㎡,,中兴金海湾别墅,350万,广西,,,10000元/㎡,,https://bh.esf.fang.com/chushou/10_175876365.htm
2145,北海,万达-浙江东路8号,350㎡,,中兴金海湾别墅,350万,广西,,,10000元/㎡,,https://bh.esf.fang.com/chushou/10_175876365.htm
2146,北海,"银滩-金海岸大道66号(新世纪大道以西,金海岸大道",118㎡,中层（共28层）,大都金沙湾,98万,广西,3室2厅,南北向,8305元/㎡,,https://bh.esf.fang.com/chushou/3_175850423.htm
2147,北海,"银滩-金海岸大道66号(新世纪大道以西,金海岸大道",118㎡,中层（共28层）,大都金沙湾,98万,广西,3室2厅,南北向,8305元/㎡,,https://bh.esf.fang.com/chushou/3_175850423.htm
2148,北海,银滩-北海市金海湾红树林生态旅游区旁,88㎡,高层（共12层）,雅居乐金海湾,70万,广西,2室2厅,南向,7955元/㎡,2020年建,https://bh.esf.fang.com/chushou/3_176064696.htm
2149,北海,银滩-北海市金海湾红树林生态旅游区旁,88㎡,高层（共12层）,雅居乐金海湾,70万,广西,2室2厅,南向,7955元/㎡,2020年建,https://bh.esf.fang.com/chushou/3_176064696.htm
2150,北海,南珠车站-茶亭路49号(上海路与茶亭路交汇往东200米,117㎡,低层（共25层）,北部湾一号,120万,广西,2室2厅,南向,10256元/㎡,2019年建,https://bh.esf.fang.com/chushou/3_176064076.htm
2151,北海,南珠车站-茶亭路49号(上海路与茶亭路交汇往东200米,117㎡,低层（共25层）,北部湾一号,120万,广西,2室2厅,南向,10256元/㎡,2019年建,https://bh.esf.fang.com/chushou/3_176064076.htm
2152,北海,南珠车站-茶亭路49号(上海路与茶亭路交汇往东200米,84㎡,高层（共30层）,北部湾一号,72万,广西,2室1厅,南北向,8571元/㎡,2018年建,https://bh.esf.fang.com/chushou/3_176064013.htm
2153,北海,南珠车站-茶亭路49号(上海路与茶亭路交汇往东200米,84㎡,高层（共30层）,北部湾一号,72万,广西,2室1厅,南北向,8571元/㎡,2018年建,https://bh.esf.fang.com/chushou/3_176064013.htm
2154,北海,万达-广东路与江苏路交汇东北处,120㎡,中层（共33层）,银投乾坤国际城,78.8万,广西,4室2厅,南北向,6567元/㎡,2019年建,https://bh.esf.fang.com/chushou/3_176054903.htm
2155,北海,万达-广东路与江苏路交汇东北处,120㎡,中层（共33层）,银投乾坤国际城,78.8万,广西,4室2厅,南北向,6567元/㎡,2019年建,https://bh.esf.fang.com/chushou/3_176054903.htm
2156,北海,银滩-云南南路近美景路,80㎡,低层（共28层）,和居壹海江山,70万,广西,2室2厅,南向,8750元/㎡,2016年建,https://bh.esf.fang.com/chushou/3_176063689.htm
2157,北海,银滩-云南南路近美景路,80㎡,低层（共28层）,和居壹海江山,70万,广西,2室2厅,南向,8750元/㎡,2016年建,https://bh.esf.fang.com/chushou/3_176063689.htm
2158,北海,万达-广东路与江苏路交汇东北处,120㎡,低层（共33层）,银投乾坤国际城,80万,广西,3室2厅,南北向,6667元/㎡,2016年建,https://bh.esf.fang.com/chushou/3_174126247.htm
2159,北海,万达-广东路与江苏路交汇东北处,120㎡,低层（共33层）,银投乾坤国际城,80万,广西,3室2厅,南北向,6667元/㎡,2016年建,https://bh.esf.fang.com/chushou/3_174126247.htm
2160,北海,南珠车站-北部湾一号茶亭路49号(上海路与茶亭路交汇往,68㎡,低层（共33层）,北部湾一号,70万,广西,1室1厅,南北向,10294元/㎡,2018年建,https://bh.esf.fang.com/chushou/3_175910291.htm
2161,北海,南珠车站-北部湾一号茶亭路49号(上海路与茶亭路交汇往,68㎡,低层（共33层）,北部湾一号,70万,广西,1室1厅,南北向,10294元/㎡,2018年建,https://bh.esf.fang.com/chushou/3_175910291.htm
2162,北海,侨港-金海岸大道8号,74㎡,低层（共32层）,万泉城,52万,广西,2室2厅,南向,7027元/㎡,2019年建,https://bh.esf.fang.com/chushou/3_175869700.htm
2163,北海,侨港-金海岸大道8号,74㎡,低层（共32层）,万泉城,52万,广西,2室2厅,南向,7027元/㎡,2019年建,https://bh.esf.fang.com/chushou/3_175869700.htm
2164,北海,南珠车站-碧桂园·北海阳光南珠大道与北海大道交汇处,77㎡,高层（共32层）,碧桂园·北海阳光,58万,广西,2室2厅,南北向,7532元/㎡,,https://bh.esf.fang.com/chushou/3_175751934.htm
2165,北海,南珠车站-碧桂园·北海阳光南珠大道与北海大道交汇处,77㎡,高层（共32层）,碧桂园·北海阳光,58万,广西,2室2厅,南北向,7532元/㎡,,https://bh.esf.fang.com/chushou/3_175751934.htm
2166,北海,南珠车站-南珠大道与北海大道交汇处,88㎡,中层（共31层）,碧桂园·北海阳光,58万,广西,2室2厅,南北向,6591元/㎡,2019年建,https://bh.esf.fang.com/chushou/3_175855641.htm
2167,北海,南珠车站-南珠大道与北海大道交汇处,88㎡,中层（共31层）,碧桂园·北海阳光,58万,广西,2室2厅,南北向,6591元/㎡,2019年建,https://bh.esf.fang.com/chushou/3_175855641.htm
2168,北海,南珠车站-澳门路和北海大道交汇处,74.38㎡,高层（共16层）,海怡东方,39.8万,广西,2室1厅,南向,5351元/㎡,,https://bh.esf.fang.com/chushou/3_175623087.htm
2169,北海,南珠车站-澳门路和北海大道交汇处,74.38㎡,高层（共16层）,海怡东方,39.8万,广西,2室1厅,南向,5351元/㎡,,https://bh.esf.fang.com/chushou/3_175623087.htm
2170,北海,南珠车站-南珠大道与北海大道交汇处,32㎡,低层（共31层）,碧桂园·北海阳光,43万,广西,1室0厅,南向,13438元/㎡,2019年建,https://bh.esf.fang.com/chushou/3_175775195.htm
2171,北海,南珠车站-南珠大道与北海大道交汇处,32㎡,低层（共31层）,碧桂园·北海阳光,43万,广西,1室0厅,南向,13438元/㎡,2019年建,https://bh.esf.fang.com/chushou/3_175775195.htm
2172,北海,银滩西区-银滩西区美景路65号,74㎡,高层（共32层）,荣和银滩蓝湾,76万,广西,2室2厅,南北向,10270元/㎡,2019年建,https://bh.esf.fang.com/chushou/3_176041851.htm
2173,北海,银滩西区-银滩西区美景路65号,74㎡,高层（共32层）,荣和银滩蓝湾,76万,广西,2室2厅,南北向,10270元/㎡,2019年建,https://bh.esf.fang.com/chushou/3_176041851.htm
2174,北海,南珠车站-茶亭路18号(上海路与茶亭路交汇处),88.98㎡,低层（共32层）,候鸟湾,75万,广西,2室2厅,南北向,8429元/㎡,2018年建,https://bh.esf.fang.com/chushou/3_174976575.htm
2175,北海,南珠车站-茶亭路18号(上海路与茶亭路交汇处),88.98㎡,低层（共32层）,候鸟湾,75万,广西,2室2厅,南北向,8429元/㎡,2018年建,https://bh.esf.fang.com/chushou/3_174976575.htm
2176,北海,南珠车站-茶亭路49号(上海路与茶亭路交汇往东200米,117㎡,低层（共32层）,北部湾一号,125.3万,广西,2室2厅,南向,10709元/㎡,2017年建,https://bh.esf.fang.com/chushou/3_175689994.htm
2177,北海,南珠车站-茶亭路49号(上海路与茶亭路交汇往东200米,117㎡,低层（共32层）,北部湾一号,125.3万,广西,2室2厅,南向,10709元/㎡,2017年建,https://bh.esf.fang.com/chushou/3_175689994.htm
2178,北海,万达-杭州路与长沙路交汇处,86㎡,中层（共18层）,北海新城吾悦广场,75万,广西,2室2厅,南北向,8721元/㎡,2019年建,https://bh.esf.fang.com/chushou/3_172953494.htm
2179,北海,万达-杭州路与长沙路交汇处,86㎡,中层（共18层）,北海新城吾悦广场,75万,广西,2室2厅,南北向,8721元/㎡,2019年建,https://bh.esf.fang.com/chushou/3_172953494.htm
2180,北海,金滩-茶亭路6号,99㎡,中层（共31层）,蔚蓝海岸,65万,广西,2室2厅,南北向,6566元/㎡,2013年建,https://bh.esf.fang.com/chushou/3_172454003.htm
2181,北海,金滩-茶亭路6号,99㎡,中层（共31层）,蔚蓝海岸,65万,广西,2室2厅,南北向,6566元/㎡,2013年建,https://bh.esf.fang.com/chushou/3_172454003.htm
2182,北海,南珠车站-海景大道与香港路交汇往西500米处,57㎡,低层（共3层）,北海金石明珠,158万,广西,4室2厅,南北向,27719元/㎡,2018年建,https://bh.esf.fang.com/chushou/3_175860444.htm
2183,北海,南珠车站-海景大道与香港路交汇往西500米处,57㎡,低层（共3层）,北海金石明珠,158万,广西,4室2厅,南北向,27719元/㎡,2018年建,https://bh.esf.fang.com/chushou/3_175860444.htm
2184,北海,新大润发-四川南路与新世纪大道交汇处往南约200米处,89㎡,中层（共20层）,白金瀚宫,53万,广西,2室2厅,东北向,5955元/㎡,2012年建,https://bh.esf.fang.com/chushou/3_165631190.htm
2185,北海,新大润发-四川南路与新世纪大道交汇处往南约200米处,89㎡,中层（共20层）,白金瀚宫,53万,广西,2室2厅,东北向,5955元/㎡,2012年建,https://bh.esf.fang.com/chushou/3_165631190.htm
2186,北海,万达-浙江路与长沙路交汇处,86.7㎡,中层（共25层）,融创·海映兰屿,63.7万,广西,3室2厅,南北向,7347元/㎡,2019年建,https://bh.esf.fang.com/chushou/3_175707353.htm
2187,北海,万达-浙江路与长沙路交汇处,86.7㎡,中层（共25层）,融创·海映兰屿,63.7万,广西,3室2厅,南北向,7347元/㎡,2019年建,https://bh.esf.fang.com/chushou/3_175707353.htm
2188,北海,万达-融创·海映兰屿浙江路与长沙路交汇处,87㎡,低层（共19层）,融创·海映兰屿,60万,广西,3室2厅,南北向,6897元/㎡,2020年建,https://bh.esf.fang.com/chushou/3_175699779.htm
2189,北海,万达-融创·海映兰屿浙江路与长沙路交汇处,87㎡,低层（共19层）,融创·海映兰屿,60万,广西,3室2厅,南北向,6897元/㎡,2020年建,https://bh.esf.fang.com/chushou/3_175699779.htm
2190,北海,南珠车站-中金海湾壹号园西路与烟楼路交叉口东200米,89㎡,低层（共25层）,中金海湾壹号,52万,广西,3室2厅,南北向,5843元/㎡,2018年建,https://bh.esf.fang.com/chushou/3_175985371.htm
2191,北海,南珠车站-中金海湾壹号园西路与烟楼路交叉口东200米,89㎡,低层（共25层）,中金海湾壹号,52万,广西,3室2厅,南北向,5843元/㎡,2018年建,https://bh.esf.fang.com/chushou/3_175985371.htm
2192,北海,南珠车站-上海路至河南路 重庆路两侧,80㎡,中层（共32层）,北海中港城,45万,广西,2室2厅,南北向,5625元/㎡,2019年建,https://bh.esf.fang.com/chushou/3_173773144.htm
2193,北海,南珠车站-上海路至河南路 重庆路两侧,80㎡,中层（共32层）,北海中港城,45万,广西,2室2厅,南北向,5625元/㎡,2019年建,https://bh.esf.fang.com/chushou/3_173773144.htm
2194,北海,南珠车站-园西路与烟楼路交叉口东200米,89㎡,中层（共26层）,中金海湾壹号,49万,广西,3室2厅,南北向,5506元/㎡,2014年建,https://bh.esf.fang.com/chushou/3_174932454.htm
2195,北海,南珠车站-园西路与烟楼路交叉口东200米,89㎡,中层（共26层）,中金海湾壹号,49万,广西,3室2厅,南北向,5506元/㎡,2014年建,https://bh.esf.fang.com/chushou/3_174932454.htm
2196,北海,侨港-四川路以东、金海岸大道以北,71㎡,低层（共18层）,万泉城二区,54万,广西,2室2厅,南向,7606元/㎡,2019年建,https://bh.esf.fang.com/chushou/3_175605210.htm
2197,北海,侨港-四川路以东、金海岸大道以北,71㎡,低层（共18层）,万泉城二区,54万,广西,2室2厅,南向,7606元/㎡,2019年建,https://bh.esf.fang.com/chushou/3_175605210.htm
2198,北海,南珠车站-西南大道与湖南路交汇西南侧,89㎡,中层（共32层）,桐洋新城,42万,广西,3室2厅,南北向,4719元/㎡,2015年建,https://bh.esf.fang.com/chushou/3_176064214.htm
2199,北海,南珠车站-西南大道与湖南路交汇西南侧,89㎡,中层（共32层）,桐洋新城,42万,广西,3室2厅,南北向,4719元/㎡,2015年建,https://bh.esf.fang.com/chushou/3_176064214.htm
2200,北海,南珠车站-香港路,63㎡,低层（共25层）,中房金石明珠,28万,广西,3室2厅,南北向,4444元/㎡,2019年建,https://bh.esf.fang.com/chushou/3_173714845.htm
2201,北海,南珠车站-香港路,63㎡,低层（共25层）,中房金石明珠,28万,广西,3室2厅,南北向,4444元/㎡,2019年建,https://bh.esf.fang.com/chushou/3_173714845.htm
2202,北海,南珠车站-海景大道与香港路交汇往西500米处,210㎡,中层（共4层）,北海金石明珠,158万,广西,5室2厅,南北向,7524元/㎡,2020年建,https://bh.esf.fang.com/chushou/3_175425580.htm
2203,北海,南珠车站-海景大道与香港路交汇往西500米处,210㎡,中层（共4层）,北海金石明珠,158万,广西,5室2厅,南北向,7524元/㎡,2020年建,https://bh.esf.fang.com/chushou/3_175425580.htm
2204,北海,南珠车站-茶亭路49号(上海路与茶亭路交汇往东200米,51㎡,中层（共33层）,北部湾一号,68万,广西,1室1厅,南北向,13333元/㎡,2019年建,https://bh.esf.fang.com/chushou/3_172452130.htm
2205,北海,南珠车站-茶亭路49号(上海路与茶亭路交汇往东200米,51㎡,中层（共33层）,北部湾一号,68万,广西,1室1厅,南北向,13333元/㎡,2019年建,https://bh.esf.fang.com/chushou/3_172452130.htm
2206,北海,南珠车站-北海中港城上海路至河南路 重庆路两侧,98㎡,低层（共25层）,北海中港城,53万,广西,3室2厅,南北向,5408元/㎡,2019年建,https://bh.esf.fang.com/chushou/3_175964807.htm
2207,北海,南珠车站-北海中港城上海路至河南路 重庆路两侧,98㎡,低层（共25层）,北海中港城,53万,广西,3室2厅,南北向,5408元/㎡,2019年建,https://bh.esf.fang.com/chushou/3_175964807.htm
2208,北海,银滩西区-银滩西区美景路65号,55㎡,低层（共20层）,荣和·银滩蓝湾,64.9万,广西,2室1厅,南北向,11800元/㎡,2019年建,https://bh.esf.fang.com/chushou/3_175537174.htm
2209,北海,银滩西区-银滩西区美景路65号,55㎡,低层（共20层）,荣和·银滩蓝湾,64.9万,广西,2室1厅,南北向,11800元/㎡,2019年建,https://bh.esf.fang.com/chushou/3_175537174.htm
2210,北海,"大润发-广东路以东,北海大道以南",77.95㎡,中层（共31层）,山湖海上城,68万,广西,2室2厅,南向,8724元/㎡,2019年建,https://bh.esf.fang.com/chushou/3_172980613.htm
2211,北海,"大润发-广东路以东,北海大道以南",77.95㎡,中层（共31层）,山湖海上城,68万,广西,2室2厅,南向,8724元/㎡,2019年建,https://bh.esf.fang.com/chushou/3_172980613.htm
2212,北海,银河产业园区-中安欣海大厦北海市西藏路西侧、北部湾路南交汇,62.54㎡,低层（共18层）,中安欣海大厦,28万,广西,1室1厅,南向,4477元/㎡,2008年建,https://bh.esf.fang.com/chushou/3_176056030.htm
2213,北海,银河产业园区-中安欣海大厦北海市西藏路西侧、北部湾路南交汇,62.54㎡,低层（共18层）,中安欣海大厦,28万,广西,1室1厅,南向,4477元/㎡,2008年建,https://bh.esf.fang.com/chushou/3_176056030.htm
2214,北海,万达-广东路与江苏路的交叉口,88㎡,中层（共33层）,乾坤国际城,53万,广西,2室2厅,南向,6023元/㎡,2019年建,https://bh.esf.fang.com/chushou/3_175625760.htm
2215,北海,万达-广东路与江苏路的交叉口,88㎡,中层（共33层）,乾坤国际城,53万,广西,2室2厅,南向,6023元/㎡,2019年建,https://bh.esf.fang.com/chushou/3_175625760.htm
2216,北海,南珠广场-园辉·新都上海路39号,106㎡,中层（共34层）,园辉新都,58万,广西,3室2厅,南北向,5472元/㎡,2018年建,https://bh.esf.fang.com/chushou/3_176051216.htm
2217,北海,南珠广场-园辉·新都上海路39号,106㎡,中层（共34层）,园辉新都,58万,广西,3室2厅,南北向,5472元/㎡,2018年建,https://bh.esf.fang.com/chushou/3_176051216.htm
2218,北海,南珠车站-南珠大道与北海大道交汇处,77㎡,低层（共31层）,碧桂园北海阳光,43.5万,广西,2室2厅,南向,5649元/㎡,2017年建,https://bh.esf.fang.com/chushou/3_171712649.htm
2219,北海,南珠车站-南珠大道与北海大道交汇处,77㎡,低层（共31层）,碧桂园北海阳光,43.5万,广西,2室2厅,南向,5649元/㎡,2017年建,https://bh.esf.fang.com/chushou/3_171712649.htm
2220,北海,海滨公园-海景大道与湖北大道交汇处(北部湾1号旁),39.9㎡,中层（共33层）,德利海北海,32万,广西,1室1厅,南北向,8020元/㎡,2017年建,https://bh.esf.fang.com/chushou/3_173278246.htm
2221,北海,海滨公园-海景大道与湖北大道交汇处(北部湾1号旁),39.9㎡,中层（共33层）,德利海北海,32万,广西,1室1厅,南北向,8020元/㎡,2017年建,https://bh.esf.fang.com/chushou/3_173278246.htm
2222,北海,侨港-创新路与浙江路交叉口东100米,86㎡,低层（共28层）,明豪花园,48万,广西,2室2厅,南北向,5581元/㎡,2018年建,https://bh.esf.fang.com/chushou/3_172012329.htm
2223,北海,侨港-创新路与浙江路交叉口东100米,86㎡,低层（共28层）,明豪花园,48万,广西,2室2厅,南北向,5581元/㎡,2018年建,https://bh.esf.fang.com/chushou/3_172012329.htm
2224,北海,"银滩-大都金沙湾公寓金海岸大道,近新世纪大道",55㎡,中层（共33层）,大都金沙湾公寓,46.8万,广西,1室1厅,南向,8509元/㎡,2015年建,https://bh.esf.fang.com/chushou/3_176067917.htm
2225,北海,"银滩-大都金沙湾公寓金海岸大道,近新世纪大道",55㎡,中层（共33层）,大都金沙湾公寓,46.8万,广西,1室1厅,南向,8509元/㎡,2015年建,https://bh.esf.fang.com/chushou/3_176067917.htm
2226,北海,万达-长沙路与杭州路交汇,75㎡,高层（共17层）,吾悦华府,53万,广西,2室2厅,南北向,7067元/㎡,2019年建,https://bh.esf.fang.com/chushou/3_175642022.htm
2227,北海,万达-长沙路与杭州路交汇,75㎡,高层（共17层）,吾悦华府,53万,广西,2室2厅,南北向,7067元/㎡,2019年建,https://bh.esf.fang.com/chushou/3_175642022.htm
2228,北海,银滩西区-铂悦湾金海岸大道100号,66㎡,中层（共24层）,铂悦湾,68万,广西,2室2厅,南北向,10303元/㎡,2018年建,https://bh.esf.fang.com/chushou/3_175863154.htm
2229,北海,银滩西区-铂悦湾金海岸大道100号,66㎡,中层（共24层）,铂悦湾,68万,广西,2室2厅,南北向,10303元/㎡,2018年建,https://bh.esf.fang.com/chushou/3_175863154.htm
2230,北海,南珠车站-重庆路以南、上海路以西,76㎡,中层（共18层）,中安·止泊园,56万,广西,2室2厅,南向,7368元/㎡,2015年建,https://bh.esf.fang.com/chushou/3_170501665.htm
2231,北海,南珠车站-重庆路以南、上海路以西,76㎡,中层（共18层）,中安·止泊园,56万,广西,2室2厅,南向,7368元/㎡,2015年建,https://bh.esf.fang.com/chushou/3_170501665.htm
2232,北海,万达-北海市银滩大道59号,76㎡,低层（共27层）,盛通港湾,38万,广西,3室2厅,南北向,5000元/㎡,2019年建,https://bh.esf.fang.com/chushou/3_174317111.htm
2233,北海,万达-北海市银滩大道59号,76㎡,低层（共27层）,盛通港湾,38万,广西,3室2厅,南北向,5000元/㎡,2019年建,https://bh.esf.fang.com/chushou/3_174317111.htm
2234,北海,银滩-广东路与金海岸大道交汇处往银滩100米,79㎡,中层（共32层）,大唐听海,89.8万,广西,3室2厅,南北向,11367元/㎡,,https://bh.esf.fang.com/chushou/3_176070536.htm
2235,北海,银滩-广东路与金海岸大道交汇处往银滩100米,79㎡,中层（共32层）,大唐听海,89.8万,广西,3室2厅,南北向,11367元/㎡,,https://bh.esf.fang.com/chushou/3_176070536.htm
2236,北海,南珠车站-东峰国际公寓北海大道市公安局旁,108㎡,中层（共27层）,东峰国际公寓,48万,广西,3室2厅,南向,4444元/㎡,2019年建,https://bh.esf.fang.com/chushou/3_175793672.htm
2237,北海,南珠车站-东峰国际公寓北海大道市公安局旁,108㎡,中层（共27层）,东峰国际公寓,48万,广西,3室2厅,南向,4444元/㎡,2019年建,https://bh.esf.fang.com/chushou/3_175793672.htm
2238,北海,万达-广东路与江苏路交汇东北处,88㎡,低层（共32层）,银投乾坤国际城,60万,广西,3室2厅,南北向,6818元/㎡,2016年建,https://bh.esf.fang.com/chushou/3_171521768.htm
2239,北海,万达-广东路与江苏路交汇东北处,88㎡,低层（共32层）,银投乾坤国际城,60万,广西,3室2厅,南北向,6818元/㎡,2016年建,https://bh.esf.fang.com/chushou/3_171521768.htm
2240,北海,南珠车站-南珠大道与北海大道交汇处,93㎡,中层（共28层）,碧桂园·北海阳光,61万,广西,2室2厅,南北向,6559元/㎡,2015年建,https://bh.esf.fang.com/chushou/3_175776053.htm
2241,北海,南珠车站-南珠大道与北海大道交汇处,93㎡,中层（共28层）,碧桂园·北海阳光,61万,广西,2室2厅,南北向,6559元/㎡,2015年建,https://bh.esf.fang.com/chushou/3_175776053.htm
2242,北海,南珠车站-茶亭路和湖南路交汇处,49.11㎡,低层（共32层）,海辰国际,36.5万,广西,1室1厅,北向,7432元/㎡,2013年建,https://bh.esf.fang.com/chushou/3_170084464.htm
2243,北海,南珠车站-茶亭路和湖南路交汇处,49.11㎡,低层（共32层）,海辰国际,36.5万,广西,1室1厅,北向,7432元/㎡,2013年建,https://bh.esf.fang.com/chushou/3_170084464.htm
2244,北海,高铁站-北海广东路以东西南大道南侧,67㎡,中层（共32层）,东投海玥府,51万,广西,2室2厅,西向,7612元/㎡,,https://bh.esf.fang.com/chushou/3_175997301.htm
2245,北海,高铁站-北海广东路以东西南大道南侧,67㎡,中层（共32层）,东投海玥府,51万,广西,2室2厅,西向,7612元/㎡,,https://bh.esf.fang.com/chushou/3_175997301.htm
2246,北海,银滩-北海市金海湾红树林生态旅游区旁,88㎡,高层（共12层）,雅居乐金海湾,70万,广西,2室2厅,南向,7955元/㎡,2020年建,https://bh.esf.fang.com/chushou/3_175987794.htm
2247,北海,银滩-北海市金海湾红树林生态旅游区旁,88㎡,高层（共12层）,雅居乐金海湾,70万,广西,2室2厅,南向,7955元/㎡,2020年建,https://bh.esf.fang.com/chushou/3_175987794.htm
2248,北海,"南珠车站-北海市香港路以北,北海大道以东(科大路7号)",109㎡,高层（共18层）,北海山湖海·悦府,67.5万,广西,3室2厅,南北向,6193元/㎡,2019年建,https://bh.esf.fang.com/chushou/3_173309935.htm
2249,北海,"南珠车站-北海市香港路以北,北海大道以东(科大路7号)",109㎡,高层（共18层）,北海山湖海·悦府,67.5万,广西,3室2厅,南北向,6193元/㎡,2019年建,https://bh.esf.fang.com/chushou/3_173309935.htm
2250,北海,冯家江公园-上海路以西、银滩大道以北,59.89㎡,低层（共28层）,大都锦城,42.8万,广西,1室1厅,南北向,7146元/㎡,2019年建,https://bh.esf.fang.com/chushou/3_175731722.htm
2251,北海,冯家江公园-上海路以西、银滩大道以北,59.89㎡,低层（共28层）,大都锦城,42.8万,广西,1室1厅,南北向,7146元/㎡,2019年建,https://bh.esf.fang.com/chushou/3_175731722.htm
2252,北海,金滩-海城区海景大道与上海路交汇处,86㎡,低层（共33层）,云星海景台,107万,广西,2室2厅,北向,12442元/㎡,2019年建,https://bh.esf.fang.com/chushou/3_175600541.htm
2253,北海,金滩-海城区海景大道与上海路交汇处,86㎡,低层（共33层）,云星海景台,107万,广西,2室2厅,北向,12442元/㎡,2019年建,https://bh.esf.fang.com/chushou/3_175600541.htm
2254,北海,海滨公园-海景大道与湖北大道交汇处(北部湾1号旁),54㎡,中层（共32层）,德利海北海,49万,广西,1室1厅,南向,9074元/㎡,2017年建,https://bh.esf.fang.com/chushou/3_175539591.htm
2255,北海,海滨公园-海景大道与湖北大道交汇处(北部湾1号旁),54㎡,中层（共32层）,德利海北海,49万,广西,1室1厅,南向,9074元/㎡,2017年建,https://bh.esf.fang.com/chushou/3_175539591.htm
2256,北海,南珠车站-茶亭路31号,54㎡,中层（共29层）,富丽华海御,45万,广西,1室1厅,南向,8333元/㎡,2015年建,https://bh.esf.fang.com/chushou/3_174625381.htm
2257,北海,南珠车站-茶亭路31号,54㎡,中层（共29层）,富丽华海御,45万,广西,1室1厅,南向,8333元/㎡,2015年建,https://bh.esf.fang.com/chushou/3_174625381.htm
2258,北海,南珠车站-上海中路9号,106.81㎡,中层（共32层）,东方明都,63万,广西,3室2厅,南北向,5898元/㎡,,https://bh.esf.fang.com/chushou/3_173974469.htm
2259,北海,南珠车站-上海中路9号,106.81㎡,中层（共32层）,东方明都,63万,广西,3室2厅,南北向,5898元/㎡,,https://bh.esf.fang.com/chushou/3_173974469.htm
2260,北海,金滩-茶亭路39号(香格里拉向东300米),118㎡,中层（共30层）,领海天域,113万,广西,3室2厅,南北向,9576元/㎡,2012年建,https://bh.esf.fang.com/chushou/3_170105102.htm
2261,北海,金滩-茶亭路39号(香格里拉向东300米),118㎡,中层（共30层）,领海天域,113万,广西,3室2厅,南北向,9576元/㎡,2012年建,https://bh.esf.fang.com/chushou/3_170105102.htm
2262,北海,万达-嘉盛名都广东路与新世纪大道交汇处,89㎡,中层（共32层）,嘉盛名都,75万,广西,3室2厅,南北向,8427元/㎡,2014年建,https://bh.esf.fang.com/chushou/3_176068049.htm
2263,北海,万达-嘉盛名都广东路与新世纪大道交汇处,89㎡,中层（共32层）,嘉盛名都,75万,广西,3室2厅,南北向,8427元/㎡,2014年建,https://bh.esf.fang.com/chushou/3_176068049.htm
2264,北海,冯家江公园-上海路以西、银滩大道以北,81.5㎡,中层（共33层）,大都锦城,56万,广西,2室2厅,东南向,6871元/㎡,2014年建,https://bh.esf.fang.com/chushou/3_175572190.htm
2265,北海,冯家江公园-上海路以西、银滩大道以北,81.5㎡,中层（共33层）,大都锦城,56万,广西,2室2厅,东南向,6871元/㎡,2014年建,https://bh.esf.fang.com/chushou/3_175572190.htm
2266,北海,万达-浙江路与长沙路交汇处,66㎡,高层（共24层）,融创·海映兰屿,49.8万,广西,2室2厅,南向,7545元/㎡,2021年建,https://bh.esf.fang.com/chushou/3_173868441.htm
2267,北海,万达-浙江路与长沙路交汇处,66㎡,高层（共24层）,融创·海映兰屿,49.8万,广西,2室2厅,南向,7545元/㎡,2021年建,https://bh.esf.fang.com/chushou/3_173868441.htm
2268,北海,侨港-北海市银海区云南路和海景大道交汇,82㎡,高层（共32层）,德宝·海上邱园,56万,广西,2室2厅,南北向,6829元/㎡,2019年建,https://bh.esf.fang.com/chushou/3_175921666.htm
2269,北海,侨港-北海市银海区云南路和海景大道交汇,82㎡,高层（共32层）,德宝·海上邱园,56万,广西,2室2厅,南北向,6829元/㎡,2019年建,https://bh.esf.fang.com/chushou/3_175921666.htm
2270,北海,银海-阳光西海岸创业大道1号,81㎡,中层（共18层）,阳光西海岸,32万,广西,2室2厅,南北向,3951元/㎡,2018年建,https://bh.esf.fang.com/chushou/3_175652906.htm
2271,北海,银海-阳光西海岸创业大道1号,81㎡,中层（共18层）,阳光西海岸,32万,广西,2室2厅,南北向,3951元/㎡,2018年建,https://bh.esf.fang.com/chushou/3_175652906.htm
2272,北海,南珠车站-园西路与烟楼路交叉口东200米,89㎡,高层（共18层）,中金海湾壹号,52万,广西,3室2厅,东南向,5843元/㎡,2017年建,https://bh.esf.fang.com/chushou/3_173392017.htm
2273,北海,南珠车站-园西路与烟楼路交叉口东200米,89㎡,高层（共18层）,中金海湾壹号,52万,广西,3室2厅,东南向,5843元/㎡,2017年建,https://bh.esf.fang.com/chushou/3_173392017.htm
2274,北海,南珠车站-上海路至河南路 重庆路两侧,77㎡,中层（共32层）,北海中港城,53万,广西,2室2厅,南北向,6883元/㎡,2019年建,https://bh.esf.fang.com/chushou/3_176048582.htm
2275,北海,南珠车站-上海路至河南路 重庆路两侧,77㎡,中层（共32层）,北海中港城,53万,广西,2室2厅,南北向,6883元/㎡,2019年建,https://bh.esf.fang.com/chushou/3_176048582.htm
2276,北海,南珠车站-星海名城上海路中18号,72㎡,高层（共32层）,星海名城,48万,广西,2室2厅,南北向,6667元/㎡,2013年建,https://bh.esf.fang.com/chushou/3_175508791.htm
2277,北海,南珠车站-星海名城上海路中18号,72㎡,高层（共32层）,星海名城,48万,广西,2室2厅,南北向,6667元/㎡,2013年建,https://bh.esf.fang.com/chushou/3_175508791.htm
2278,北海,万达-盛通港湾北海市银滩大道59号,72㎡,低层（共27层）,盛通港湾,48万,广西,2室2厅,南北向,6667元/㎡,2000年建,https://bh.esf.fang.com/chushou/3_175893624.htm
2279,北海,万达-盛通港湾北海市银滩大道59号,72㎡,低层（共27层）,盛通港湾,48万,广西,2室2厅,南北向,6667元/㎡,2000年建,https://bh.esf.fang.com/chushou/3_175893624.htm
2280,北海,万达-广东南路217号,74.75㎡,低层（共32层）,嘉和万世,71万,广西,3室2厅,南北向,9498元/㎡,,https://bh.esf.fang.com/chushou/3_175432492.htm
2281,北海,万达-广东南路217号,74.75㎡,低层（共32层）,嘉和万世,71万,广西,3室2厅,南北向,9498元/㎡,,https://bh.esf.fang.com/chushou/3_175432492.htm
2282,成都,大源-天府三街1166号,81.03㎡,低层（共32层）,世豪瑞丽,177万,四川,2室1厅,西向,21844元/㎡,2015年建,https://cd.esf.fang.com/chushou/3_210923774.htm
2283,成都,大源-天府三街1166号,81.03㎡,低层（共32层）,世豪瑞丽,177万,四川,2室1厅,西向,21844元/㎡,2015年建,https://cd.esf.fang.com/chushou/3_210923774.htm
2284,成都,五桂桥-五桂桥北路8号,74.03㎡,低层（共28层）,水岸华庭,140万,四川,3室2厅,东向,18911元/㎡,2009年建,https://cd.esf.fang.com/chushou/3_210709198.htm
2285,成都,五桂桥-五桂桥北路8号,74.03㎡,低层（共28层）,水岸华庭,140万,四川,3室2厅,东向,18911元/㎡,2009年建,https://cd.esf.fang.com/chushou/3_210709198.htm
2286,成都,华阳-海昌南路东延线(中丝园对面),32㎡,中层（共29层）,海伦天麓,40.8万,四川,1室1厅,南向,12750元/㎡,2020年建,https://cd.esf.fang.com/chushou/3_210777038.htm
2287,成都,华阳-海昌南路东延线(中丝园对面),32㎡,中层（共29层）,海伦天麓,40.8万,四川,1室1厅,南向,12750元/㎡,2020年建,https://cd.esf.fang.com/chushou/3_210777038.htm
2288,成都,紫荆-新光路8号(紫荆电影城旁),141.05㎡,低层（共6层）,银都花园,248万,四川,4室2厅,南北向,17582元/㎡,2015年建,https://cd.esf.fang.com/chushou/3_210699163.htm
2289,成都,紫荆-新光路8号(紫荆电影城旁),141.05㎡,低层（共6层）,银都花园,248万,四川,4室2厅,南北向,17582元/㎡,2015年建,https://cd.esf.fang.com/chushou/3_210699163.htm
2290,成都,十陵-成洛大道3199号(九峰国际汽车成附近),50㎡,中层（共29层）,雄飞生活广场,37.8万,四川,1室1厅,南向,7560元/㎡,2018年建,https://cd.esf.fang.com/chushou/3_210896529.htm
2291,成都,十陵-成洛大道3199号(九峰国际汽车成附近),50㎡,中层（共29层）,雄飞生活广场,37.8万,四川,1室1厅,南向,7560元/㎡,2018年建,https://cd.esf.fang.com/chushou/3_210896529.htm
2292,成都,金融城-锦城大道与天府大道交汇处(锦江旁),47㎡,中层（共51层）,招商大魔方,110万,四川,1室1厅,南向,23404元/㎡,2018年建,https://cd.esf.fang.com/chushou/3_210956230.htm
2293,成都,金融城-锦城大道与天府大道交汇处(锦江旁),47㎡,中层（共51层）,招商大魔方,110万,四川,1室1厅,南向,23404元/㎡,2018年建,https://cd.esf.fang.com/chushou/3_210956230.htm
2294,成都,,,,,,四川,,,,,
2295,成都,,,,,,四川,,,,,
2296,成都,东光-二环琉璃路口(东湖公园旁),37㎡,中层（共30层）,中港CCPARK,50万,四川,1室1厅,南向,13514元/㎡,2019年建,https://cd.esf.fang.com/chushou/3_210873807.htm
2297,成都,东光-二环琉璃路口(东湖公园旁),37㎡,中层（共30层）,中港CCPARK,50万,四川,1室1厅,南向,13514元/㎡,2019年建,https://cd.esf.fang.com/chushou/3_210873807.htm
2298,成都,驷马桥-昭觉寺南路139号,42㎡,中层（共23层）,龙湖金地商置璟宸世家,62万,四川,2室1厅,南北向,14762元/㎡,2020年建,https://cd.esf.fang.com/chushou/3_210894340.htm
2299,成都,驷马桥-昭觉寺南路139号,42㎡,中层（共23层）,龙湖金地商置璟宸世家,62万,四川,2室1厅,南北向,14762元/㎡,2020年建,https://cd.esf.fang.com/chushou/3_210894340.htm
2300,成都,新会展-天府三街吉泰路588号,52㎡,中层（共20层）,莱普敦公馆,84.4万,四川,1室1厅,东南向,16231元/㎡,2018年建,https://cd.esf.fang.com/chushou/3_210951546.htm
2301,成都,新会展-天府三街吉泰路588号,52㎡,中层（共20层）,莱普敦公馆,84.4万,四川,1室1厅,东南向,16231元/㎡,2018年建,https://cd.esf.fang.com/chushou/3_210951546.htm
2302,成都,紫荆-新光路62号,76.61㎡,低层（共14层）,新绿季节,135万,四川,2室1厅,东南向,17622元/㎡,2004年建,https://cd.esf.fang.com/chushou/3_210964770.htm
2303,成都,紫荆-新光路62号,76.61㎡,低层（共14层）,新绿季节,135万,四川,2室1厅,东南向,17622元/㎡,2004年建,https://cd.esf.fang.com/chushou/3_210964770.htm
2304,成都,高升桥-二环路南四段36号,86㎡,中层（共11层）,川航佳园,160万,四川,2室1厅,南向,18605元/㎡,2015年建,https://cd.esf.fang.com/chushou/3_210939364.htm
2305,成都,高升桥-二环路南四段36号,86㎡,中层（共11层）,川航佳园,160万,四川,2室1厅,南向,18605元/㎡,2015年建,https://cd.esf.fang.com/chushou/3_210939364.htm
2306,成都,斑竹园-北新干道毗河畔(香城大桥旁),74.55㎡,低层（共21层）,源上湾国际社区,82万,四川,2室2厅,南北向,10999元/㎡,2016年建,https://cd.esf.fang.com/chushou/3_210933669.htm
2307,成都,斑竹园-北新干道毗河畔(香城大桥旁),74.55㎡,低层（共21层）,源上湾国际社区,82万,四川,2室2厅,南北向,10999元/㎡,2016年建,https://cd.esf.fang.com/chushou/3_210933669.htm
2308,成都,中和镇-中和大道四段(地铁6号线 张家寺站旁,145㎡,中层（共22层）,万科璟南堂,245万,四川,4室2厅,南北向,16897元/㎡,2019年建,https://cd.esf.fang.com/chushou/3_210881704.htm
2309,成都,中和镇-中和大道四段(地铁6号线 张家寺站旁,145㎡,中层（共22层）,万科璟南堂,245万,四川,4室2厅,南北向,16897元/㎡,2019年建,https://cd.esf.fang.com/chushou/3_210881704.htm
2310,成都,温江城区-科兴路西段199号,120㎡,中层（共29层）,洲际健康城公寓,75万,四川,3室2厅,东南向,6250元/㎡,2020年建,https://cd.esf.fang.com/chushou/3_210964198.htm
2311,成都,温江城区-科兴路西段199号,120㎡,中层（共29层）,洲际健康城公寓,75万,四川,3室2厅,东南向,6250元/㎡,2020年建,https://cd.esf.fang.com/chushou/3_210964198.htm
2312,成都,十陵-成洛大道3199号(九峰国际汽车成附近),79㎡,中层（共28层）,雄飞生活广场,62万,四川,2室1厅,南向,7848元/㎡,2019年建,https://cd.esf.fang.com/chushou/3_210957926.htm
2313,成都,十陵-成洛大道3199号(九峰国际汽车成附近),79㎡,中层（共28层）,雄飞生活广场,62万,四川,2室1厅,南向,7848元/㎡,2019年建,https://cd.esf.fang.com/chushou/3_210957926.htm
2314,成都,梁家巷-一环内马鞍东路与府青路交汇处(中国银行对面),35㎡,中层（共46层）,恒大曹家巷广场,59.5万,四川,1室1厅,南向,17000元/㎡,2017年建,https://cd.esf.fang.com/chushou/3_210961467.htm
2315,成都,梁家巷-一环内马鞍东路与府青路交汇处(中国银行对面),35㎡,中层（共46层）,恒大曹家巷广场,59.5万,四川,1室1厅,南向,17000元/㎡,2017年建,https://cd.esf.fang.com/chushou/3_210961467.htm
2316,成都,华阳-华府大道二段265号,51㎡,中层（共29层）,三都汇朝外,52.02万,四川,1室1厅,东南向,10200元/㎡,2016年建,https://cd.esf.fang.com/chushou/3_210946537.htm
2317,成都,华阳-华府大道二段265号,51㎡,中层（共29层）,三都汇朝外,52.02万,四川,1室1厅,东南向,10200元/㎡,2016年建,https://cd.esf.fang.com/chushou/3_210946537.htm
2318,成都,红光-西华大学旁,135㎡,低层（共30层）,领地金科兰台府,200万,四川,3室2厅,东南向,14815元/㎡,2020年建,https://cd.esf.fang.com/chushou/3_210760373.htm
2319,成都,红光-西华大学旁,135㎡,低层（共30层）,领地金科兰台府,200万,四川,3室2厅,东南向,14815元/㎡,2020年建,https://cd.esf.fang.com/chushou/3_210760373.htm
2320,成都,二仙桥-二仙桥东路46号,39㎡,低层（共23层）,和泓东28,55万,四川,1室1厅,南北向,14103元/㎡,2019年建,https://cd.esf.fang.com/chushou/3_210967155.htm
2321,成都,二仙桥-二仙桥东路46号,39㎡,低层（共23层）,和泓东28,55万,四川,1室1厅,南北向,14103元/㎡,2019年建,https://cd.esf.fang.com/chushou/3_210967155.htm
2322,成都,麓山-天府新区麓山大道二段与和韵南路交汇处(建发第,30㎡,中层（共38层）,建发第五大道公寓,24万,四川,1室1厅,南向,8000元/㎡,2020年建,https://cd.esf.fang.com/chushou/3_210908202.htm
2323,成都,麓山-天府新区麓山大道二段与和韵南路交汇处(建发第,30㎡,中层（共38层）,建发第五大道公寓,24万,四川,1室1厅,南向,8000元/㎡,2020年建,https://cd.esf.fang.com/chushou/3_210908202.htm
2324,成都,东光-二环琉璃路口(东湖公园旁),48.98㎡,中层（共45层）,中港CCPARK,66万,四川,1室1厅,东南向,13475元/㎡,2019年建,https://cd.esf.fang.com/chushou/3_210892354.htm
2325,成都,东光-二环琉璃路口(东湖公园旁),48.98㎡,中层（共45层）,中港CCPARK,66万,四川,1室1厅,东南向,13475元/㎡,2019年建,https://cd.esf.fang.com/chushou/3_210892354.htm
2326,成都,天府软件园-天府大道1号,95.76㎡,低层（共19层）,齐盛艺境,151万,四川,2室1厅,东南向,15769元/㎡,2015年建,https://cd.esf.fang.com/chushou/3_210945158.htm
2327,成都,天府软件园-天府大道1号,95.76㎡,低层（共19层）,齐盛艺境,151万,四川,2室1厅,东南向,15769元/㎡,2015年建,https://cd.esf.fang.com/chushou/3_210945158.htm
2328,成都,顺城街-青羊区三多里街15号,36㎡,中层（共29层）,华惠财智时代公寓,70万,四川,1室1厅,南北向,19444元/㎡,2014年建,https://cd.esf.fang.com/chushou/3_210966152.htm
2329,成都,顺城街-青羊区三多里街15号,36㎡,中层（共29层）,华惠财智时代公寓,70万,四川,1室1厅,南北向,19444元/㎡,2014年建,https://cd.esf.fang.com/chushou/3_210966152.htm
2330,成都,东客站-金马河路8号附11号,90㎡,中层（共26层）,新里柏仕公馆,142万,四川,3室2厅,南向,15778元/㎡,2020年建,https://cd.esf.fang.com/chushou/3_210961720.htm
2331,成都,东客站-金马河路8号附11号,90㎡,中层（共26层）,新里柏仕公馆,142万,四川,3室2厅,南向,15778元/㎡,2020年建,https://cd.esf.fang.com/chushou/3_210961720.htm
2332,成都,万年场-崔家店路418号(崔家店路与建材路交汇处),35㎡,中层（共28层）,成华奥园广场,47.2万,四川,1室1厅,南北向,13486元/㎡,2018年建,https://cd.esf.fang.com/chushou/3_210946660.htm
2333,成都,万年场-崔家店路418号(崔家店路与建材路交汇处),35㎡,中层（共28层）,成华奥园广场,47.2万,四川,1室1厅,南北向,13486元/㎡,2018年建,https://cd.esf.fang.com/chushou/3_210946660.htm
2334,成都,龙潭寺-龙潭新城成华大道与成金青快速通道交汇处,38㎡,高层（共27层）,上古天地公寓,40.3万,四川,1室2厅,南北向,10605元/㎡,2018年建,https://cd.esf.fang.com/chushou/3_210966825.htm
2335,成都,龙潭寺-龙潭新城成华大道与成金青快速通道交汇处,38㎡,高层（共27层）,上古天地公寓,40.3万,四川,1室2厅,南北向,10605元/㎡,2018年建,https://cd.esf.fang.com/chushou/3_210966825.htm
2336,成都,东光-二环琉璃路口(东湖公园旁),48.98㎡,中层（共44层）,中港CCPARK,68万,四川,1室1厅,东南向,13883元/㎡,2017年建,https://cd.esf.fang.com/chushou/3_210307555.htm
2337,成都,东光-二环琉璃路口(东湖公园旁),48.98㎡,中层（共44层）,中港CCPARK,68万,四川,1室1厅,东南向,13883元/㎡,2017年建,https://cd.esf.fang.com/chushou/3_210307555.htm
2338,成都,十陵-成洛大道5333号,65㎡,中层（共40层）,银诚龙悦中心公寓,48万,四川,2室2厅,东南向,7385元/㎡,2019年建,https://cd.esf.fang.com/chushou/3_210701788.htm
2339,成都,十陵-成洛大道5333号,65㎡,中层（共40层）,银诚龙悦中心公寓,48万,四川,2室2厅,东南向,7385元/㎡,2019年建,https://cd.esf.fang.com/chushou/3_210701788.htm
2340,成都,斑竹园-北新干道毗河畔(香城大桥旁),74㎡,中层（共25层）,源上湾国际社区,82万,四川,2室2厅,南北向,11081元/㎡,2015年建,https://cd.esf.fang.com/chushou/3_210933585.htm
2341,成都,斑竹园-北新干道毗河畔(香城大桥旁),74㎡,中层（共25层）,源上湾国际社区,82万,四川,2室2厅,南北向,11081元/㎡,2015年建,https://cd.esf.fang.com/chushou/3_210933585.htm
2342,成都,十陵-成洛大道3199号(九峰国际汽车成附近),62㎡,高层（共29层）,雄飞生活广场,45.3万,四川,2室1厅,东南向,7306元/㎡,2018年建,https://cd.esf.fang.com/chushou/3_210946497.htm
2343,成都,十陵-成洛大道3199号(九峰国际汽车成附近),62㎡,高层（共29层）,雄飞生活广场,45.3万,四川,2室1厅,东南向,7306元/㎡,2018年建,https://cd.esf.fang.com/chushou/3_210946497.htm
2344,成都,光华大道-仁和春天大道光华大道三段118号,176㎡,中层（共25层）,仁和春天大道,234万,四川,4室2厅,南向,13295元/㎡,2012年建,https://cd.esf.fang.com/chushou/3_210947470.htm
2345,成都,光华大道-仁和春天大道光华大道三段118号,176㎡,中层（共25层）,仁和春天大道,234万,四川,4室2厅,南向,13295元/㎡,2012年建,https://cd.esf.fang.com/chushou/3_210947470.htm
2346,成都,中和镇-中胜路66号(香山大道),114㎡,低层（共27层）,楠香山,179万,四川,3室2厅,南向,15702元/㎡,2013年建,https://cd.esf.fang.com/chushou/3_210970631.htm
2347,成都,中和镇-中胜路66号(香山大道),114㎡,低层（共27层）,楠香山,179万,四川,3室2厅,南向,15702元/㎡,2013年建,https://cd.esf.fang.com/chushou/3_210970631.htm
2348,成都,东大街-时代尊邸东大街芷泉段88号,175.16㎡,高层（共24层）,时代尊邸,545万,四川,3室1厅,西向,31114元/㎡,2010年建,https://cd.esf.fang.com/chushou/3_210920706.htm
2349,成都,东大街-时代尊邸东大街芷泉段88号,175.16㎡,高层（共24层）,时代尊邸,545万,四川,3室1厅,西向,31114元/㎡,2010年建,https://cd.esf.fang.com/chushou/3_210920706.htm
2350,成都,东大街-时代尊邸东大街芷泉段88号,175.16㎡,高层（共24层）,时代尊邸,545万,四川,3室1厅,西向,31114元/㎡,2010年建,https://cd.esf.fang.com/chushou/3_210963466.htm
2351,成都,东大街-时代尊邸东大街芷泉段88号,175.16㎡,高层（共24层）,时代尊邸,545万,四川,3室1厅,西向,31114元/㎡,2010年建,https://cd.esf.fang.com/chushou/3_210963466.htm
2352,成都,"南湖公园-剑南大道东,南湖湿地公园西(剑南大道与绿野路",30㎡,中层（共24层）,蓝润天府MIC,39.1万,四川,1室1厅,南向,13033元/㎡,2019年建,https://cd.esf.fang.com/chushou/3_209469743.htm
2353,成都,"南湖公园-剑南大道东,南湖湿地公园西(剑南大道与绿野路",30㎡,中层（共24层）,蓝润天府MIC,39.1万,四川,1室1厅,南向,13033元/㎡,2019年建,https://cd.esf.fang.com/chushou/3_209469743.htm
2354,成都,龙潭寺-东三环成南立交东侧城市展厅地址:SM广场1楼,97㎡,中层（共15层）,奥山府九重锦,171万,四川,3室2厅,南北向,17629元/㎡,2019年建,https://cd.esf.fang.com/chushou/3_210956399.htm
2355,成都,龙潭寺-东三环成南立交东侧城市展厅地址:SM广场1楼,97㎡,中层（共15层）,奥山府九重锦,171万,四川,3室2厅,南北向,17629元/㎡,2019年建,https://cd.esf.fang.com/chushou/3_210956399.htm
2356,成都,光华大道-合能珍宝琥珀二期凤凰南大街174号,85.5㎡,中层（共34层）,合能珍宝琥珀二期,115万,四川,3室2厅,东西向,13450元/㎡,2015年建,https://cd.esf.fang.com/chushou/3_210947451.htm
2357,成都,光华大道-合能珍宝琥珀二期凤凰南大街174号,85.5㎡,中层（共34层）,合能珍宝琥珀二期,115万,四川,3室2厅,东西向,13450元/㎡,2015年建,https://cd.esf.fang.com/chushou/3_210947451.htm
2358,成都,麓山-成都市天府大道2036号,119㎡,低层（共18层）,双华麓港,165万,四川,3室2厅,西向,13866元/㎡,2009年建,https://cd.esf.fang.com/chushou/3_208826924.htm
2359,成都,麓山-成都市天府大道2036号,119㎡,低层（共18层）,双华麓港,165万,四川,3室2厅,西向,13866元/㎡,2009年建,https://cd.esf.fang.com/chushou/3_208826924.htm
2360,成都,眉山-剑南大道南延线岷东段,204㎡,,江口水镇,350万,四川,,南向,17157元/㎡,,https://cd.esf.fang.com/chushou/10_209820004.htm
2361,成都,眉山-剑南大道南延线岷东段,204㎡,,江口水镇,350万,四川,,南向,17157元/㎡,,https://cd.esf.fang.com/chushou/10_209820004.htm
2362,成都,新川-天府大道南段1299号,101㎡,高层（共18层）,城南名著,165万,四川,3室2厅,南向,16337元/㎡,2007年建,https://cd.esf.fang.com/chushou/3_210948317.htm
2363,成都,新川-天府大道南段1299号,101㎡,高层（共18层）,城南名著,165万,四川,3室2厅,南向,16337元/㎡,2007年建,https://cd.esf.fang.com/chushou/3_210948317.htm
2364,成都,天府软件园-天府大道南段(荷兰水街旁),148㎡,中层（共33层）,中德英伦联邦C区,248万,四川,4室2厅,东向,16757元/㎡,2014年建,https://cd.esf.fang.com/chushou/3_208889868.htm
2365,成都,天府软件园-天府大道南段(荷兰水街旁),148㎡,中层（共33层）,中德英伦联邦C区,248万,四川,4室2厅,东向,16757元/㎡,2014年建,https://cd.esf.fang.com/chushou/3_208889868.htm
2366,成都,建设路伊藤-猛追湾横街188号,141.81㎡,中层（共56层）,世茂玉锦湾,445万,四川,3室2厅,西南向,31380元/㎡,2014年建,https://cd.esf.fang.com/chushou/3_210195485.htm
2367,成都,建设路伊藤-猛追湾横街188号,141.81㎡,中层（共56层）,世茂玉锦湾,445万,四川,3室2厅,西南向,31380元/㎡,2014年建,https://cd.esf.fang.com/chushou/3_210195485.htm
2368,成都,天府软件园-梓州大道5500号,88.77㎡,高层（共33层）,中德英伦联邦B区,208万,四川,3室2厅,西北向,23431元/㎡,2015年建,https://cd.esf.fang.com/chushou/3_208890035.htm
2369,成都,天府软件园-梓州大道5500号,88.77㎡,高层（共33层）,中德英伦联邦B区,208万,四川,3室2厅,西北向,23431元/㎡,2015年建,https://cd.esf.fang.com/chushou/3_208890035.htm
2370,成都,新会展-红星路南延线东侧(高新新华学校旁),40㎡,高层（共32层）,华润时光里公寓,57万,四川,1室1厅,南向,14250元/㎡,2019年建,https://cd.esf.fang.com/chushou/3_209948146.htm
2371,成都,新会展-红星路南延线东侧(高新新华学校旁),40㎡,高层（共32层）,华润时光里公寓,57万,四川,1室1厅,南向,14250元/㎡,2019年建,https://cd.esf.fang.com/chushou/3_209948146.htm
2372,成都,天府软件园-天府大道南段(荷兰水街旁),106㎡,高层（共33层）,中德英伦联邦C区,200万,四川,3室2厅,东南向,18868元/㎡,2016年建,https://cd.esf.fang.com/chushou/3_208922707.htm
2373,成都,天府软件园-天府大道南段(荷兰水街旁),106㎡,高层（共33层）,中德英伦联邦C区,200万,四川,3室2厅,东南向,18868元/㎡,2016年建,https://cd.esf.fang.com/chushou/3_208922707.htm
2374,成都,中海国际-蓝岸街98号,122㎡,高层（共17层）,中海国际社区橙郡一期,208万,四川,3室2厅,南北向,17049元/㎡,2007年建,https://cd.esf.fang.com/chushou/3_209206389.htm
2375,成都,中海国际-蓝岸街98号,122㎡,高层（共17层）,中海国际社区橙郡一期,208万,四川,3室2厅,南北向,17049元/㎡,2007年建,https://cd.esf.fang.com/chushou/3_209206389.htm
2376,成都,金融城-交子大道199号,239.88㎡,中层（共23层）,中海城南一号,1050万,四川,5室2厅,南北向,43772元/㎡,2012年建,https://cd.esf.fang.com/chushou/3_209710529.htm
2377,成都,金融城-交子大道199号,239.88㎡,中层（共23层）,中海城南一号,1050万,四川,5室2厅,南北向,43772元/㎡,2012年建,https://cd.esf.fang.com/chushou/3_209710529.htm
2378,成都,天府软件园-梓州大道5500号,154.5㎡,高层（共49层）,中德英伦联邦B区,340万,四川,4室2厅,东南向,22006元/㎡,2015年建,https://cd.esf.fang.com/chushou/3_208901087.htm
2379,成都,天府软件园-梓州大道5500号,154.5㎡,高层（共49层）,中德英伦联邦B区,340万,四川,4室2厅,东南向,22006元/㎡,2015年建,https://cd.esf.fang.com/chushou/3_208901087.htm
2380,成都,麓湖-天府大道南一段麓湖生态城(万安体育公园旁),195㎡,高层（共29层）,麓湖生态城麒麟荟,580万,四川,3室2厅,南北向,29744元/㎡,2017年建,https://cd.esf.fang.com/chushou/3_206694330.htm
2381,成都,麓湖-天府大道南一段麓湖生态城(万安体育公园旁),195㎡,高层（共29层）,麓湖生态城麒麟荟,580万,四川,3室2厅,南北向,29744元/㎡,2017年建,https://cd.esf.fang.com/chushou/3_206694330.htm
2382,成都,滨河-大十三路97号,127㎡,高层（共9层）,富力山水人家,132万,四川,3室2厅,东南向,10394元/㎡,2006年建,https://cd.esf.fang.com/chushou/3_208983634.htm
2383,成都,滨河-大十三路97号,127㎡,高层（共9层）,富力山水人家,132万,四川,3室2厅,东南向,10394元/㎡,2006年建,https://cd.esf.fang.com/chushou/3_208983634.htm
2384,成都,大源-天府一街与益州大道交汇处(锦城湖旁),75.5㎡,低层（共32层）,中洲锦城湖岸,220万,四川,2室2厅,东向,29139元/㎡,2017年建,https://cd.esf.fang.com/chushou/3_209984584.htm
2385,成都,大源-天府一街与益州大道交汇处(锦城湖旁),75.5㎡,低层（共32层）,中洲锦城湖岸,220万,四川,2室2厅,东向,29139元/㎡,2017年建,https://cd.esf.fang.com/chushou/3_209984584.htm
2386,成都,东大街-恒大都汇华庭镗钯街(东大街喜年广场南侧),68㎡,低层（共50层）,恒大都汇华庭,195万,四川,1室1厅,东南向,28676元/㎡,2015年建,https://cd.esf.fang.com/chushou/3_210254280.htm
2387,成都,东大街-恒大都汇华庭镗钯街(东大街喜年广场南侧),68㎡,低层（共50层）,恒大都汇华庭,195万,四川,1室1厅,东南向,28676元/㎡,2015年建,https://cd.esf.fang.com/chushou/3_210254280.htm
2388,成都,麓山-天府大道南段2599号,400㎡,,蔚蓝卡地亚,1050万,四川,,南向,26250元/㎡,,https://cd.esf.fang.com/chushou/10_209707409.htm
2389,成都,麓山-天府大道南段2599号,400㎡,,蔚蓝卡地亚,1050万,四川,,南向,26250元/㎡,,https://cd.esf.fang.com/chushou/10_209707409.htm
2390,成都,麓湖-天府大道南一段麓湖生态城(万安体育公园旁),466㎡,高层（共26层）,麓湖生态城麒麟荟,1800万,四川,4室2厅,南向,38627元/㎡,2015年建,https://cd.esf.fang.com/chushou/3_206695189.htm
2391,成都,麓湖-天府大道南一段麓湖生态城(万安体育公园旁),466㎡,高层（共26层）,麓湖生态城麒麟荟,1800万,四川,4室2厅,南向,38627元/㎡,2015年建,https://cd.esf.fang.com/chushou/3_206695189.htm
2392,成都,东光-二环琉璃路口(东湖公园旁),43㎡,中层（共38层）,中港CCPARK,66万,四川,2室1厅,南北向,15349元/㎡,2018年建,https://cd.esf.fang.com/chushou/3_209221005.htm
2393,成都,东光-二环琉璃路口(东湖公园旁),43㎡,中层（共38层）,中港CCPARK,66万,四川,2室1厅,南北向,15349元/㎡,2018年建,https://cd.esf.fang.com/chushou/3_209221005.htm
2394,成都,攀成钢-环球汇天誉汇源北路99号(地铁二号线东大路站,179.11㎡,高层（共31层）,环球汇天誉,610万,四川,4室2厅,东北向,34057元/㎡,2014年建,https://cd.esf.fang.com/chushou/3_210265865.htm
2395,成都,攀成钢-环球汇天誉汇源北路99号(地铁二号线东大路站,179.11㎡,高层（共31层）,环球汇天誉,610万,四川,4室2厅,东北向,34057元/㎡,2014年建,https://cd.esf.fang.com/chushou/3_210265865.htm
2396,成都,新会展-世纪城路418号,280㎡,中层（共28层）,龙湖世纪峰景,668万,四川,4室2厅,西南向,23857元/㎡,2016年建,https://cd.esf.fang.com/chushou/3_209732180.htm
2397,成都,新会展-世纪城路418号,280㎡,中层（共28层）,龙湖世纪峰景,668万,四川,4室2厅,西南向,23857元/㎡,2016年建,https://cd.esf.fang.com/chushou/3_209732180.htm
2398,成都,五龙山-蜀龙路1980号(三环蜀龙路熊猫基地旁),102㎡,高层（共33层）,保利198拉斐公馆,125万,四川,3室2厅,东南向,12255元/㎡,2017年建,https://cd.esf.fang.com/chushou/3_209604812.htm
2399,成都,五龙山-蜀龙路1980号(三环蜀龙路熊猫基地旁),102㎡,高层（共33层）,保利198拉斐公馆,125万,四川,3室2厅,东南向,12255元/㎡,2017年建,https://cd.esf.fang.com/chushou/3_209604812.htm
2400,成都,金融城-交子大道199号,240㎡,高层（共26层）,中海城南一号,1050万,四川,4室2厅,南北向,43750元/㎡,2012年建,https://cd.esf.fang.com/chushou/3_209677308.htm
2401,成都,金融城-交子大道199号,240㎡,高层（共26层）,中海城南一号,1050万,四川,4室2厅,南北向,43750元/㎡,2012年建,https://cd.esf.fang.com/chushou/3_209677308.htm
2402,成都,万年场-双成三路15号,95.6㎡,低层（共32层）,华润二十四城六期,245万,四川,3室2厅,东北向,25628元/㎡,2016年建,https://cd.esf.fang.com/chushou/3_208900917.htm
2403,成都,万年场-双成三路15号,95.6㎡,低层（共32层）,华润二十四城六期,245万,四川,3室2厅,东北向,25628元/㎡,2016年建,https://cd.esf.fang.com/chushou/3_208900917.htm
2404,成都,东大街-恒大都汇华庭镗钯街(东大街喜年广场南侧),68.78㎡,高层（共50层）,恒大都汇华庭,205万,四川,1室2厅,西南向,29805元/㎡,2015年建,https://cd.esf.fang.com/chushou/3_210253215.htm
2405,成都,东大街-恒大都汇华庭镗钯街(东大街喜年广场南侧),68.78㎡,高层（共50层）,恒大都汇华庭,205万,四川,1室2厅,西南向,29805元/㎡,2015年建,https://cd.esf.fang.com/chushou/3_210253215.htm
2406,成都,大源-荣华北路299号,168㎡,高层（共26层）,都城雅颂居,368万,四川,4室2厅,南向,21905元/㎡,2012年建,https://cd.esf.fang.com/chushou/3_208772914.htm
2407,成都,大源-荣华北路299号,168㎡,高层（共26层）,都城雅颂居,368万,四川,4室2厅,南向,21905元/㎡,2012年建,https://cd.esf.fang.com/chushou/3_208772914.htm
2408,成都,东大街-恒大都汇华庭镗钯街(东大街喜年广场南侧),88.8㎡,高层（共50层）,恒大都汇华庭,300万,四川,2室1厅,东向,33784元/㎡,2015年建,https://cd.esf.fang.com/chushou/3_210254264.htm
2409,成都,东大街-恒大都汇华庭镗钯街(东大街喜年广场南侧),88.8㎡,高层（共50层）,恒大都汇华庭,300万,四川,2室1厅,东向,33784元/㎡,2015年建,https://cd.esf.fang.com/chushou/3_210254264.htm
2410,成都,金融城-锦城大道1288号(锦城大道大道与剑南大道交,168.01㎡,高层（共9层）,西派国际,698万,四川,3室2厅,南北向,41545元/㎡,2016年建,https://cd.esf.fang.com/chushou/3_209631448.htm
2411,成都,金融城-锦城大道1288号(锦城大道大道与剑南大道交,168.01㎡,高层（共9层）,西派国际,698万,四川,3室2厅,南北向,41545元/㎡,2016年建,https://cd.esf.fang.com/chushou/3_209631448.htm
2412,成都,荷花池-瑞安城中汇解放路一段126号(国美电器对面),89㎡,低层（共39层）,瑞安城中汇,160万,四川,2室1厅,南向,17978元/㎡,2015年建,https://cd.esf.fang.com/chushou/3_210940836.htm
2413,成都,荷花池-瑞安城中汇解放路一段126号(国美电器对面),89㎡,低层（共39层）,瑞安城中汇,160万,四川,2室1厅,南向,17978元/㎡,2015年建,https://cd.esf.fang.com/chushou/3_210940836.htm
2414,成都,滨河-公园路1号(龙泉北街),103㎡,中层（共17层）,东麓驿境,143万,四川,3室2厅,东南向,13884元/㎡,2015年建,https://cd.esf.fang.com/chushou/3_209310563.htm
2415,成都,滨河-公园路1号(龙泉北街),103㎡,中层（共17层）,东麓驿境,143万,四川,3室2厅,东南向,13884元/㎡,2015年建,https://cd.esf.fang.com/chushou/3_209310563.htm
2416,成都,双流城区-华剑路一段139号,77㎡,中层（共33层）,亿城国际,107万,四川,2室1厅,南向,13896元/㎡,2019年建,https://cd.esf.fang.com/chushou/3_208759455.htm
2417,成都,双流城区-华剑路一段139号,77㎡,中层（共33层）,亿城国际,107万,四川,2室1厅,南向,13896元/㎡,2019年建,https://cd.esf.fang.com/chushou/3_208759455.htm
2418,成都,驷马桥-2.5环昭觉寺南路(昭觉寺横路段),41㎡,低层（共25层）,泛悦城市广场,56万,四川,1室1厅,南北向,13659元/㎡,2017年建,https://cd.esf.fang.com/chushou/3_210215096.htm
2419,成都,驷马桥-2.5环昭觉寺南路(昭觉寺横路段),41㎡,低层（共25层）,泛悦城市广场,56万,四川,1室1厅,南北向,13659元/㎡,2017年建,https://cd.esf.fang.com/chushou/3_210215096.htm
2420,成都,天府长城-中柏大道观东一街1111号,32㎡,高层（共20层）,乐活公社公寓,59万,四川,1室1厅,南向,18438元/㎡,2019年建,https://cd.esf.fang.com/chushou/3_209847077.htm
2421,成都,天府长城-中柏大道观东一街1111号,32㎡,高层（共20层）,乐活公社公寓,59万,四川,1室1厅,南向,18438元/㎡,2019年建,https://cd.esf.fang.com/chushou/3_209847077.htm
2422,成都,东大街-恒大都汇华庭镗钯街(东大街喜年广场南侧),67.16㎡,中层（共50层）,恒大都汇华庭,190万,四川,1室1厅,西向,28291元/㎡,2015年建,https://cd.esf.fang.com/chushou/3_210267330.htm
2423,成都,东大街-恒大都汇华庭镗钯街(东大街喜年广场南侧),67.16㎡,中层（共50层）,恒大都汇华庭,190万,四川,1室1厅,西向,28291元/㎡,2015年建,https://cd.esf.fang.com/chushou/3_210267330.htm
2424,成都,犀浦-6号线梓潼宫站旁,48㎡,中层（共18层）,天琅公寓,47万,四川,2室1厅,西南向,9792元/㎡,,https://cd.esf.fang.com/chushou/3_209658859.htm
2425,成都,犀浦-6号线梓潼宫站旁,48㎡,中层（共18层）,天琅公寓,47万,四川,2室1厅,西南向,9792元/㎡,,https://cd.esf.fang.com/chushou/3_209658859.htm
2426,成都,大源-德赛二街88号,93.31㎡,高层（共31层）,复地雍湖湾,268万,四川,2室2厅,西向,28721元/㎡,2012年建,https://cd.esf.fang.com/chushou/3_208855902.htm
2427,成都,大源-德赛二街88号,93.31㎡,高层（共31层）,复地雍湖湾,268万,四川,2室2厅,西向,28721元/㎡,2012年建,https://cd.esf.fang.com/chushou/3_208855902.htm
2428,成都,大源-恒大珺临阁公寓天府二街与吉泰路交汇处,47㎡,低层（共22层）,恒大珺临阁公寓,71万,四川,1室1厅,南向,15106元/㎡,2016年建,https://cd.esf.fang.com/chushou/3_209998142.htm
2429,成都,大源-恒大珺临阁公寓天府二街与吉泰路交汇处,47㎡,低层（共22层）,恒大珺临阁公寓,71万,四川,1室1厅,南向,15106元/㎡,2016年建,https://cd.esf.fang.com/chushou/3_209998142.htm
2430,成都,郫县区-望丛中路与蜀信路交汇处,39㎡,高层（共20层）,成都鑫苑城,29万,四川,1室1厅,东南向,7436元/㎡,2020年建,https://cd.esf.fang.com/chushou/3_209895334.htm
2431,成都,郫县区-望丛中路与蜀信路交汇处,39㎡,高层（共20层）,成都鑫苑城,29万,四川,1室1厅,东南向,7436元/㎡,2020年建,https://cd.esf.fang.com/chushou/3_209895334.htm
2432,成都,双流城区-蔚蓝卡地亚南行2500(乐盟国际学校旁),267㎡,,达观山,450万,四川,,南向,16854元/㎡,,https://cd.esf.fang.com/chushou/10_209546647.htm
2433,成都,双流城区-蔚蓝卡地亚南行2500(乐盟国际学校旁),267㎡,,达观山,450万,四川,,南向,16854元/㎡,,https://cd.esf.fang.com/chushou/10_209546647.htm
2434,成都,东大街-时代豪庭芷泉街段188号(兰桂坊旁),172.52㎡,高层（共32层）,时代豪庭,658万,四川,3室2厅,西向,38141元/㎡,2010年建,https://cd.esf.fang.com/chushou/3_210920685.htm
2435,成都,东大街-时代豪庭芷泉街段188号(兰桂坊旁),172.52㎡,高层（共32层）,时代豪庭,658万,四川,3室2厅,西向,38141元/㎡,2010年建,https://cd.esf.fang.com/chushou/3_210920685.htm
2436,成都,金融城-锦城大道1288号(锦城大道大道与剑南大道交,165㎡,中层（共29层）,西派国际,595万,四川,4室1厅,东向,36061元/㎡,2016年建,https://cd.esf.fang.com/chushou/3_209637065.htm
2437,成都,金融城-锦城大道1288号(锦城大道大道与剑南大道交,165㎡,中层（共29层）,西派国际,595万,四川,4室1厅,东向,36061元/㎡,2016年建,https://cd.esf.fang.com/chushou/3_209637065.htm
2438,成都,东大街-恒大都汇华庭镗钯街(东大街喜年广场南侧),88.6㎡,低层（共50层）,恒大都汇华庭,335万,四川,2室1厅,西南向,37810元/㎡,2015年建,https://cd.esf.fang.com/chushou/3_210254576.htm
2439,成都,东大街-恒大都汇华庭镗钯街(东大街喜年广场南侧),88.6㎡,低层（共50层）,恒大都汇华庭,335万,四川,2室1厅,西南向,37810元/㎡,2015年建,https://cd.esf.fang.com/chushou/3_210254576.htm
2440,成都,新都老城-北星大道二段588号,46㎡,高层（共23层）,佳欣时代天汇公寓,37万,四川,2室1厅,南向,8043元/㎡,2018年建,https://cd.esf.fang.com/chushou/3_210132517.htm
2441,成都,新都老城-北星大道二段588号,46㎡,高层（共23层）,佳欣时代天汇公寓,37万,四川,2室1厅,南向,8043元/㎡,2018年建,https://cd.esf.fang.com/chushou/3_210132517.htm
2442,成都,大源-荣华南路1606号,180.8㎡,低层（共32层）,保利心语上府,458万,四川,5室2厅,西向,25332元/㎡,2013年建,https://cd.esf.fang.com/chushou/3_209082264.htm
2443,成都,大源-荣华南路1606号,180.8㎡,低层（共32层）,保利心语上府,458万,四川,5室2厅,西向,25332元/㎡,2013年建,https://cd.esf.fang.com/chushou/3_209082264.htm
2444,成都,麓湖-双流区成仁路极地海洋世界往南4公里,287㎡,,和泓半山,330万,四川,,南向,11498元/㎡,,https://cd.esf.fang.com/chushou/10_209541148.htm
2445,成都,麓湖-双流区成仁路极地海洋世界往南4公里,287㎡,,和泓半山,330万,四川,,南向,11498元/㎡,,https://cd.esf.fang.com/chushou/10_209541148.htm
2446,成都,三道堰-堰上坊堰上坊位于郫县三道堰镇三堰村柏条河畔,71.7㎡,高层（共6层）,堰上坊,28万,四川,2室1厅,南北向,3905元/㎡,2018年建,https://cd.esf.fang.com/chushou/3_209950577.htm
2447,成都,三道堰-堰上坊堰上坊位于郫县三道堰镇三堰村柏条河畔,71.7㎡,高层（共6层）,堰上坊,28万,四川,2室1厅,南北向,3905元/㎡,2018年建,https://cd.esf.fang.com/chushou/3_209950577.htm
2448,成都,东大街-时代豪庭芷泉街段188号(兰桂坊旁),112.96㎡,中层（共35层）,时代豪庭,370万,四川,2室2厅,东南向,32755元/㎡,2009年建,https://cd.esf.fang.com/chushou/3_210246408.htm
2449,成都,东大街-时代豪庭芷泉街段188号(兰桂坊旁),112.96㎡,中层（共35层）,时代豪庭,370万,四川,2室2厅,东南向,32755元/㎡,2009年建,https://cd.esf.fang.com/chushou/3_210246408.htm
2450,成都,"攀成钢-滨河湾二环路东四段外侧,东大路以北,汇源北路",142.24㎡,低层（共33层）,滨河湾,540万,四川,4室2厅,南向,37964元/㎡,2016年建,https://cd.esf.fang.com/chushou/3_210724470.htm
2451,成都,"攀成钢-滨河湾二环路东四段外侧,东大路以北,汇源北路",142.24㎡,低层（共33层）,滨河湾,540万,四川,4室2厅,南向,37964元/㎡,2016年建,https://cd.esf.fang.com/chushou/3_210724470.htm
2452,成都,青白江-同华大道北侧金河路(九峰路交汇处),76㎡,中层（共30层）,实地成都海棠名著,69万,四川,3室2厅,南北向,9079元/㎡,2016年建,https://cd.esf.fang.com/chushou/3_210107974.htm
2453,成都,青白江-同华大道北侧金河路(九峰路交汇处),76㎡,中层（共30层）,实地成都海棠名著,69万,四川,3室2厅,南北向,9079元/㎡,2016年建,https://cd.esf.fang.com/chushou/3_210107974.htm
2454,成都,大源-高新区富华北路(成都七中旁),101.4㎡,高层（共32层）,保利百合花园,295万,四川,4室2厅,南向,29093元/㎡,2014年建,https://cd.esf.fang.com/chushou/3_210243790.htm
2455,成都,大源-高新区富华北路(成都七中旁),101.4㎡,高层（共32层）,保利百合花园,295万,四川,4室2厅,南向,29093元/㎡,2014年建,https://cd.esf.fang.com/chushou/3_210243790.htm
2456,成都,新都老城-北星大道二段588号,46㎡,中层（共23层）,佳欣时代天汇公寓,37万,四川,2室1厅,南向,8043元/㎡,2018年建,https://cd.esf.fang.com/chushou/3_210222383.htm
2457,成都,新都老城-北星大道二段588号,46㎡,中层（共23层）,佳欣时代天汇公寓,37万,四川,2室1厅,南向,8043元/㎡,2018年建,https://cd.esf.fang.com/chushou/3_210222383.htm
2458,成都,华阳-华府大道二段265号,67.8㎡,低层（共29层）,三都汇朝外,108万,四川,2室1厅,南向,15929元/㎡,2016年建,https://cd.esf.fang.com/chushou/3_208739728.htm
2459,成都,华阳-华府大道二段265号,67.8㎡,低层（共29层）,三都汇朝外,108万,四川,2室1厅,南向,15929元/㎡,2016年建,https://cd.esf.fang.com/chushou/3_208739728.htm
2460,成都,合江亭-水井街24号院水井街24号,60.79㎡,中层（共7层）,水井街24号院,116万,四川,2室1厅,南向,19082元/㎡,1995年建,https://cd.esf.fang.com/chushou/3_210942186.htm
2461,成都,合江亭-水井街24号院水井街24号,60.79㎡,中层（共7层）,水井街24号院,116万,四川,2室1厅,南向,19082元/㎡,1995年建,https://cd.esf.fang.com/chushou/3_210942186.htm
2462,成都,麓山-麓山大道二段6号,509㎡,,麓山国际碧湖岸,1980万,四川,,东向,38900元/㎡,,https://cd.esf.fang.com/chushou/10_209265290.htm
2463,成都,麓山-麓山大道二段6号,509㎡,,麓山国际碧湖岸,1980万,四川,,东向,38900元/㎡,,https://cd.esf.fang.com/chushou/10_209265290.htm
2464,成都,东大街-恒大都汇华庭镗钯街(东大街喜年广场南侧),131.35㎡,高层（共50层）,恒大都汇华庭,450万,四川,3室2厅,西南向,34260元/㎡,2015年建,https://cd.esf.fang.com/chushou/3_210254592.htm
2465,成都,东大街-恒大都汇华庭镗钯街(东大街喜年广场南侧),131.35㎡,高层（共50层）,恒大都汇华庭,450万,四川,3室2厅,西南向,34260元/㎡,2015年建,https://cd.esf.fang.com/chushou/3_210254592.htm
2466,成都,新会展-世纪城路418号,140㎡,低层（共40层）,龙湖世纪峰景,330万,四川,2室2厅,南向,23571元/㎡,2016年建,https://cd.esf.fang.com/chushou/3_209732221.htm
2467,成都,新会展-世纪城路418号,140㎡,低层（共40层）,龙湖世纪峰景,330万,四川,2室2厅,南向,23571元/㎡,2016年建,https://cd.esf.fang.com/chushou/3_209732221.htm
2468,成都,万年场-华润二十四城一期双庆路6号,86.17㎡,中层（共32层）,华润二十四城一期,181.8万,四川,2室1厅,东向,21098元/㎡,2009年建,https://cd.esf.fang.com/chushou/3_210921422.htm
2469,成都,万年场-华润二十四城一期双庆路6号,86.17㎡,中层（共32层）,华润二十四城一期,181.8万,四川,2室1厅,东向,21098元/㎡,2009年建,https://cd.esf.fang.com/chushou/3_210921422.htm
2470,成都,东大街-时代豪庭芷泉街段188号(兰桂坊旁),112㎡,高层（共34层）,时代豪庭,380万,四川,2室1厅,东北向,33929元/㎡,2010年建,https://cd.esf.fang.com/chushou/3_210242726.htm
2471,成都,东大街-时代豪庭芷泉街段188号(兰桂坊旁),112㎡,高层（共34层）,时代豪庭,380万,四川,2室1厅,东北向,33929元/㎡,2010年建,https://cd.esf.fang.com/chushou/3_210242726.htm
2472,成都,航空港-临港路四段9号(棠湖中学100米处),49.6㎡,低层（共18层）,和贵久居福,58.8万,四川,2室1厅,南向,11855元/㎡,2012年建,https://cd.esf.fang.com/chushou/3_210808411.htm
2473,成都,航空港-临港路四段9号(棠湖中学100米处),49.6㎡,低层（共18层）,和贵久居福,58.8万,四川,2室1厅,南向,11855元/㎡,2012年建,https://cd.esf.fang.com/chushou/3_210808411.htm
2474,成都,华阳-正东中街66号,99㎡,高层（共6层）,南阳锦城,155万,四川,3室2厅,南北向,15657元/㎡,2008年建,https://cd.esf.fang.com/chushou/3_209572174.htm
2475,成都,华阳-正东中街66号,99㎡,高层（共6层）,南阳锦城,155万,四川,3室2厅,南北向,15657元/㎡,2008年建,https://cd.esf.fang.com/chushou/3_209572174.htm
2476,成都,梁家巷-星辉西路8号,125.12㎡,中层（共33层）,星辉西路8号院,200万,四川,3室2厅,南北向,15985元/㎡,2001年建,https://cd.esf.fang.com/chushou/3_204895204.htm
2477,成都,梁家巷-星辉西路8号,125.12㎡,中层（共33层）,星辉西路8号院,200万,四川,3室2厅,南北向,15985元/㎡,2001年建,https://cd.esf.fang.com/chushou/3_204895204.htm
2478,成都,犀浦-金牛大道与国宁东路交汇处,108㎡,高层（共15层）,碧桂园锦熙府,152万,四川,3室2厅,东南向,14074元/㎡,2020年建,https://cd.esf.fang.com/chushou/3_209894410.htm
2479,成都,犀浦-金牛大道与国宁东路交汇处,108㎡,高层（共15层）,碧桂园锦熙府,152万,四川,3室2厅,东南向,14074元/㎡,2020年建,https://cd.esf.fang.com/chushou/3_209894410.htm
2480,成都,天府软件园-中国铁建西派澜岸中国成都剑南大道成都七中高新,296㎡,低层（共5层）,中国铁建西派澜岸,950万,四川,5室2厅,南北向,32095元/㎡,2016年建,https://cd.esf.fang.com/chushou/3_210149570.htm
2481,成都,天府软件园-中国铁建西派澜岸中国成都剑南大道成都七中高新,296㎡,低层（共5层）,中国铁建西派澜岸,950万,四川,5室2厅,南北向,32095元/㎡,2016年建,https://cd.esf.fang.com/chushou/3_210149570.htm
2482,常州,三井华山-中海龙城公馆龙城大道麦德龙北,97㎡,中层（共10层）,中海龙城公馆,225万,江苏,3室2厅,南向,23196元/㎡,2016年建,https://cz.esf.fang.com/chushou/3_401574442.htm
2483,常州,三井华山-中海龙城公馆龙城大道麦德龙北,97㎡,中层（共10层）,中海龙城公馆,225万,江苏,3室2厅,南向,23196元/㎡,2016年建,https://cz.esf.fang.com/chushou/3_401574442.htm
2484,常州,天宁街道-桃园公寓常州天宁史家村,83㎡,高层（共6层）,桃园公寓,240万,江苏,3室2厅,南向,28916元/㎡,2001年建,https://cz.esf.fang.com/chushou/3_403866013.htm
2485,常州,天宁街道-桃园公寓常州天宁史家村,83㎡,高层（共6层）,桃园公寓,240万,江苏,3室2厅,南向,28916元/㎡,2001年建,https://cz.esf.fang.com/chushou/3_403866013.htm
2486,常州,武进区政府-武进区淹城动物园西侧,37㎡,中层（共22层）,常州红星国际广场,38万,江苏,1室1厅,南向,10270元/㎡,2018年建,https://cz.esf.fang.com/chushou/3_401897135.htm
2487,常州,武进区政府-武进区淹城动物园西侧,37㎡,中层（共22层）,常州红星国际广场,38万,江苏,1室1厅,南向,10270元/㎡,2018年建,https://cz.esf.fang.com/chushou/3_401897135.htm
2488,常州,戚墅堰-东方东路186号(东方大道、镇西交汇处),94.3㎡,高层（共11层）,嘉州枫景苑,123万,江苏,3室2厅,南北向,13043元/㎡,2002年建,https://cz.esf.fang.com/chushou/3_403969747.htm
2489,常州,戚墅堰-东方东路186号(东方大道、镇西交汇处),94.3㎡,高层（共11层）,嘉州枫景苑,123万,江苏,3室2厅,南北向,13043元/㎡,2002年建,https://cz.esf.fang.com/chushou/3_403969747.htm
2490,常州,红梅-怡康机电广场常州天宁关河中路80号(火车站附,89.41㎡,高层（共21层）,怡康机电广场,250万,江苏,2室2厅,南向,27961元/㎡,2008年建,https://cz.esf.fang.com/chushou/3_400856769.htm
2491,常州,红梅-怡康机电广场常州天宁关河中路80号(火车站附,89.41㎡,高层（共21层）,怡康机电广场,250万,江苏,2室2厅,南向,27961元/㎡,2008年建,https://cz.esf.fang.com/chushou/3_400856769.htm
2492,常州,"茶山-和平路以东,浦前东路以南,红梅南路以西",87㎡,高层（共16层）,和平美景,168万,江苏,2室1厅,南向,19310元/㎡,2015年建,https://cz.esf.fang.com/chushou/3_391564694.htm
2493,常州,"茶山-和平路以东,浦前东路以南,红梅南路以西",87㎡,高层（共16层）,和平美景,168万,江苏,2室1厅,南向,19310元/㎡,2015年建,https://cz.esf.fang.com/chushou/3_391564694.htm
2494,常州,,,,,,江苏,,,,,
2495,常州,,,,,,江苏,,,,,
2496,常州,五星-常州钟楼区勤业路188号(勤业新湖路),84㎡,中层（共32层）,蓝天新苑,137万,江苏,2室2厅,南向,16310元/㎡,2014年建,https://cz.esf.fang.com/chushou/3_402878102.htm
2497,常州,五星-常州钟楼区勤业路188号(勤业新湖路),84㎡,中层（共32层）,蓝天新苑,137万,江苏,2室2厅,南向,16310元/㎡,2014年建,https://cz.esf.fang.com/chushou/3_402878102.htm
2498,常州,新天地-常州武进区武宜路和长虹路交叉口西北角,103㎡,低层（共33层）,星河国际,210万,江苏,3室2厅,南向,20388元/㎡,2017年建,https://cz.esf.fang.com/chushou/3_389714026.htm
2499,常州,新天地-常州武进区武宜路和长虹路交叉口西北角,103㎡,低层（共33层）,星河国际,210万,江苏,3室2厅,南向,20388元/㎡,2017年建,https://cz.esf.fang.com/chushou/3_389714026.htm
2500,常州,戚墅堰-常州市戚墅堰东方大道(区政府南),77㎡,高层（共18层）,东方福郡,116万,江苏,2室2厅,南向,15065元/㎡,2015年建,https://cz.esf.fang.com/chushou/3_404325549.htm
2501,常州,戚墅堰-常州市戚墅堰东方大道(区政府南),77㎡,高层（共18层）,东方福郡,116万,江苏,2室2厅,南向,15065元/㎡,2015年建,https://cz.esf.fang.com/chushou/3_404325549.htm
2502,常州,南大街-双子星座公寓南大街、延陵西路交界莱蒙都会国际,51㎡,中层（共30层）,双子星座公寓,183万,江苏,1室1厅,南向,35882元/㎡,2000年建,https://cz.esf.fang.com/chushou/3_401479752.htm
2503,常州,南大街-双子星座公寓南大街、延陵西路交界莱蒙都会国际,51㎡,中层（共30层）,双子星座公寓,183万,江苏,1室1厅,南向,35882元/㎡,2000年建,https://cz.esf.fang.com/chushou/3_401479752.htm
2504,常州,兰陵-九洲新家园兰陵北路544号(中吴大道与兰陵北,65㎡,中层（共21层）,九洲新家园,102万,江苏,2室1厅,南向,15692元/㎡,2008年建,https://cz.esf.fang.com/chushou/3_401871100.htm
2505,常州,兰陵-九洲新家园兰陵北路544号(中吴大道与兰陵北,65㎡,中层（共21层）,九洲新家园,102万,江苏,2室1厅,南向,15692元/㎡,2008年建,https://cz.esf.fang.com/chushou/3_401871100.htm
2506,常州,武进区政府-花园街与延政路交汇处(武进市民广场东侧),144㎡,中层（共11层）,金都名苑,216万,江苏,3室2厅,南北向,15000元/㎡,2007年建,https://cz.esf.fang.com/chushou/3_403633588.htm
2507,常州,武进区政府-花园街与延政路交汇处(武进市民广场东侧),144㎡,中层（共11层）,金都名苑,216万,江苏,3室2厅,南北向,15000元/㎡,2007年建,https://cz.esf.fang.com/chushou/3_403633588.htm
2508,常州,荷花池-芦墅广景苑常州市钟楼区西新桥机械新村后,98㎡,中层（共6层）,芦墅广景苑,113万,江苏,2室2厅,南向,11531元/㎡,,https://cz.esf.fang.com/chushou/3_402953069.htm
2509,常州,荷花池-芦墅广景苑常州市钟楼区西新桥机械新村后,98㎡,中层（共6层）,芦墅广景苑,113万,江苏,2室2厅,南向,11531元/㎡,,https://cz.esf.fang.com/chushou/3_402953069.htm
2510,常州,"龙虎塘-玲珑花园与恐龙园一衣带水,距沪宁高速公路常州",137㎡,低层（共30层）,玲珑花园,145万,江苏,3室2厅,南北向,10584元/㎡,2011年建,https://cz.esf.fang.com/chushou/3_404231097.htm
2511,常州,"龙虎塘-玲珑花园与恐龙园一衣带水,距沪宁高速公路常州",137㎡,低层（共30层）,玲珑花园,145万,江苏,3室2厅,南北向,10584元/㎡,2011年建,https://cz.esf.fang.com/chushou/3_404231097.htm
2512,常州,春江-春江镇魏村35-1号,126㎡,中层（共8层）,临江花苑,95万,江苏,2室1厅,南向,7540元/㎡,2019年建,https://cz.esf.fang.com/chushou/3_377939272.htm
2513,常州,春江-春江镇魏村35-1号,126㎡,中层（共8层）,临江花苑,95万,江苏,2室1厅,南向,7540元/㎡,2019年建,https://cz.esf.fang.com/chushou/3_377939272.htm
2514,常州,武进区政府-长江路和长虹高架交叉口,125㎡,高层（共34层）,聚缘公寓,136万,江苏,3室2厅,南北向,10880元/㎡,2014年建,https://cz.esf.fang.com/chushou/3_404398513.htm
2515,常州,武进区政府-长江路和长虹高架交叉口,125㎡,高层（共34层）,聚缘公寓,136万,江苏,3室2厅,南北向,10880元/㎡,2014年建,https://cz.esf.fang.com/chushou/3_404398513.htm
2516,常州,新天地-常州常武路与长虹路的交叉口东北角(常武路与长,90㎡,中层（共33层）,龙德花园,142万,江苏,2室2厅,南向,15778元/㎡,2018年建,https://cz.esf.fang.com/chushou/3_404265043.htm
2517,常州,新天地-常州常武路与长虹路的交叉口东北角(常武路与长,90㎡,中层（共33层）,龙德花园,142万,江苏,2室2厅,南向,15778元/㎡,2018年建,https://cz.esf.fang.com/chushou/3_404265043.htm
2518,常州,新桥-乐山路与红河路交汇处(旅游商贸学院正南面),106㎡,中层（共32层）,弘阳云峯,180.2万,江苏,3室2厅,南北向,17000元/㎡,2020年建,https://cz.esf.fang.com/chushou/3_399847846.htm
2519,常州,新桥-乐山路与红河路交汇处(旅游商贸学院正南面),106㎡,中层（共32层）,弘阳云峯,180.2万,江苏,3室2厅,南北向,17000元/㎡,2020年建,https://cz.esf.fang.com/chushou/3_399847846.htm
2520,常州,南大街-云庭公寓常州市天宁区公园路18号,76㎡,中层（共32层）,云庭公寓,213万,江苏,2室2厅,南北向,28026元/㎡,2000年建,https://cz.esf.fang.com/chushou/3_402986042.htm
2521,常州,南大街-云庭公寓常州市天宁区公园路18号,76㎡,中层（共32层）,云庭公寓,213万,江苏,2室2厅,南北向,28026元/㎡,2000年建,https://cz.esf.fang.com/chushou/3_402986042.htm
2522,常州,"大学城-滆湖中路,大学城纺织学院北面,武进二院对面",137㎡,高层（共20层）,丰乐尚都,172万,江苏,3室2厅,南北向,12555元/㎡,2010年建,https://cz.esf.fang.com/chushou/3_404200329.htm
2523,常州,"大学城-滆湖中路,大学城纺织学院北面,武进二院对面",137㎡,高层（共20层）,丰乐尚都,172万,江苏,3室2厅,南北向,12555元/㎡,2010年建,https://cz.esf.fang.com/chushou/3_404200329.htm
2524,常州,溧城-溧阳市罗湾东路,88㎡,低层（共27层）,夏林新村,118.8万,江苏,2室2厅,南向,13500元/㎡,2017年建,https://cz.esf.fang.com/chushou/3_400939548.htm
2525,常州,溧城-溧阳市罗湾东路,88㎡,低层（共27层）,夏林新村,118.8万,江苏,2室2厅,南向,13500元/㎡,2017年建,https://cz.esf.fang.com/chushou/3_400939548.htm
2526,常州,"北港-西林实验小学往西200米,中天凤凰商铺2期4",41㎡,中层（共11层）,景荟凤凰公寓,33万,江苏,1室1厅,南北向,8049元/㎡,2007年建,https://cz.esf.fang.com/chushou/3_402021140.htm
2527,常州,"北港-西林实验小学往西200米,中天凤凰商铺2期4",41㎡,中层（共11层）,景荟凤凰公寓,33万,江苏,1室1厅,南北向,8049元/㎡,2007年建,https://cz.esf.fang.com/chushou/3_402021140.htm
2528,常州,孟河-兴镇中路南与S239省道以西交汇处,116㎡,高层（共27层）,孟河嘉宏MOOCstar星光城,136万,江苏,3室2厅,南北向,11724元/㎡,2020年建,https://cz.esf.fang.com/chushou/3_404404809.htm
2529,常州,孟河-兴镇中路南与S239省道以西交汇处,116㎡,高层（共27层）,孟河嘉宏MOOCstar星光城,136万,江苏,3室2厅,南北向,11724元/㎡,2020年建,https://cz.esf.fang.com/chushou/3_404404809.htm
2530,常州,三井华山-华山苑华山路32号(华山路与太湖西路交汇处),85㎡,高层（共15层）,华山苑,123万,江苏,2室2厅,南向,14471元/㎡,2012年建,https://cz.esf.fang.com/chushou/3_402579099.htm
2531,常州,三井华山-华山苑华山路32号(华山路与太湖西路交汇处),85㎡,高层（共15层）,华山苑,123万,江苏,2室2厅,南向,14471元/㎡,2012年建,https://cz.esf.fang.com/chushou/3_402579099.htm
2532,常州,五星-西仓街35号(原酿酒总厂地块),88.7㎡,高层（共33层）,璞丽湾,188万,江苏,3室2厅,南向,21195元/㎡,2016年建,https://cz.esf.fang.com/chushou/3_396981194.htm
2533,常州,五星-西仓街35号(原酿酒总厂地块),88.7㎡,高层（共33层）,璞丽湾,188万,江苏,3室2厅,南向,21195元/㎡,2016年建,https://cz.esf.fang.com/chushou/3_396981194.htm
2534,常州,三井飞龙-龙城大道与龙江高架交汇处,77㎡,高层（共34层）,新城悠活城,107万,江苏,3室2厅,东南向,13896元/㎡,2015年建,https://cz.esf.fang.com/chushou/3_404210802.htm
2535,常州,三井飞龙-龙城大道与龙江高架交汇处,77㎡,高层（共34层）,新城悠活城,107万,江苏,3室2厅,东南向,13896元/㎡,2015年建,https://cz.esf.fang.com/chushou/3_404210802.htm
2536,常州,三井华山-通江路西、太湖路南、三井河路北,97㎡,高层（共31层）,福地聚龙苑,188万,江苏,2室2厅,南北向,19381元/㎡,2008年建,https://cz.esf.fang.com/chushou/3_403035124.htm
2537,常州,三井华山-通江路西、太湖路南、三井河路北,97㎡,高层（共31层）,福地聚龙苑,188万,江苏,2室2厅,南北向,19381元/㎡,2008年建,https://cz.esf.fang.com/chushou/3_403035124.htm
2538,常州,三井华山-龙城大道与泰山路交叉口,109㎡,高层（共1层）,雅居乐星河湾,183万,江苏,3室1厅,南向,16789元/㎡,2015年建,https://cz.esf.fang.com/chushou/3_403492888.htm
2539,常州,三井华山-龙城大道与泰山路交叉口,109㎡,高层（共1层）,雅居乐星河湾,183万,江苏,3室1厅,南向,16789元/㎡,2015年建,https://cz.esf.fang.com/chushou/3_403492888.htm
2540,常州,"天宁街道-新城香溢俊园常州红梅公园版块,关河东路北侧,",87㎡,中层（共33层）,新城香溢俊园,165万,江苏,2室2厅,南向,18966元/㎡,2013年建,https://cz.esf.fang.com/chushou/3_402192194.htm
2541,常州,"天宁街道-新城香溢俊园常州红梅公园版块,关河东路北侧,",87㎡,中层（共33层）,新城香溢俊园,165万,江苏,2室2厅,南向,18966元/㎡,2013年建,https://cz.esf.fang.com/chushou/3_402192194.htm
2542,常州,"新闸-龙城大道、龙江路交汇处,毗邻飞龙居住区",125㎡,高层（共11层）,绿地世纪城,169.8万,江苏,3室2厅,南向,13584元/㎡,2013年建,https://cz.esf.fang.com/chushou/3_403254757.htm
2543,常州,"新闸-龙城大道、龙江路交汇处,毗邻飞龙居住区",125㎡,高层（共11层）,绿地世纪城,169.8万,江苏,3室2厅,南向,13584元/㎡,2013年建,https://cz.esf.fang.com/chushou/3_403254757.htm
2544,常州,三井飞龙-银河湾第一城长江中路与飞龙西路向南100米,98.44㎡,低层（共33层）,银河湾第一城,149.5万,江苏,3室2厅,南向,15187元/㎡,2015年建,https://cz.esf.fang.com/chushou/3_404299122.htm
2545,常州,三井飞龙-银河湾第一城长江中路与飞龙西路向南100米,98.44㎡,低层（共33层）,银河湾第一城,149.5万,江苏,3室2厅,南向,15187元/㎡,2015年建,https://cz.esf.fang.com/chushou/3_404299122.htm
2546,常州,永红-清潭六村江苏省常州市长江中路262号,64.1㎡,低层（共6层）,清潭六村,80万,江苏,2室1厅,南向,12480元/㎡,1995年建,https://cz.esf.fang.com/chushou/3_403768090.htm
2547,常州,永红-清潭六村江苏省常州市长江中路262号,64.1㎡,低层（共6层）,清潭六村,80万,江苏,2室1厅,南向,12480元/㎡,1995年建,https://cz.esf.fang.com/chushou/3_403768090.htm
2548,常州,三井飞龙-大名城华山南路9号(飞龙中路与华山路交汇处),141㎡,中层（共38层）,大名城,240万,江苏,3室2厅,南向,17021元/㎡,,https://cz.esf.fang.com/chushou/3_403491607.htm
2549,常州,三井飞龙-大名城华山南路9号(飞龙中路与华山路交汇处),141㎡,中层（共38层）,大名城,240万,江苏,3室2厅,南向,17021元/㎡,,https://cz.esf.fang.com/chushou/3_403491607.htm
2550,常州,茶山-水岸花语劳动中路125号(天宁区劳动中路与凤,79.03㎡,高层（共33层）,水岸花语,132万,江苏,2室2厅,南向,16703元/㎡,2016年建,https://cz.esf.fang.com/chushou/3_403755124.htm
2551,常州,茶山-水岸花语劳动中路125号(天宁区劳动中路与凤,79.03㎡,高层（共33层）,水岸花语,132万,江苏,2室2厅,南向,16703元/㎡,2016年建,https://cz.esf.fang.com/chushou/3_403755124.htm
2552,常州,西林-中吴中段龙江路6-1号(龙江中路与怀德路的交,129㎡,高层（共34层）,万泰国际广场檀香湾,170万,江苏,3室2厅,南北向,13178元/㎡,2016年建,https://cz.esf.fang.com/chushou/3_394976169.htm
2553,常州,西林-中吴中段龙江路6-1号(龙江中路与怀德路的交,129㎡,高层（共34层）,万泰国际广场檀香湾,170万,江苏,3室2厅,南北向,13178元/㎡,2016年建,https://cz.esf.fang.com/chushou/3_394976169.htm
2554,常州,三井华山-雅居乐星河湾龙城大道与泰山路交叉口,126.53㎡,中层（共33层）,雅居乐星河湾,230万,江苏,4室2厅,南向,18178元/㎡,2015年建,https://cz.esf.fang.com/chushou/3_403795236.htm
2555,常州,三井华山-雅居乐星河湾龙城大道与泰山路交叉口,126.53㎡,中层（共33层）,雅居乐星河湾,230万,江苏,4室2厅,南向,18178元/㎡,2015年建,https://cz.esf.fang.com/chushou/3_403795236.htm
2556,常州,北港-常州市钟楼区银杏路北侧,125㎡,高层（共27层）,保利公园九里,198万,江苏,4室2厅,南北向,15840元/㎡,2017年建,https://cz.esf.fang.com/chushou/3_395032994.htm
2557,常州,北港-常州市钟楼区银杏路北侧,125㎡,高层（共27层）,保利公园九里,198万,江苏,4室2厅,南北向,15840元/㎡,2017年建,https://cz.esf.fang.com/chushou/3_395032994.htm
2558,常州,河海丰臣-嘉顺花园巢湖路168号(巢湖路中段),138㎡,中层（共15层）,嘉顺花园,230万,江苏,3室2厅,南向,16667元/㎡,2003年建,https://cz.esf.fang.com/chushou/3_401647750.htm
2559,常州,河海丰臣-嘉顺花园巢湖路168号(巢湖路中段),138㎡,中层（共15层）,嘉顺花园,230万,江苏,3室2厅,南向,16667元/㎡,2003年建,https://cz.esf.fang.com/chushou/3_401647750.htm
2560,常州,北港-常州钟楼区行政中心正南面,123㎡,高层（共32层）,宝龙国际花园,188万,江苏,3室2厅,南北向,15285元/㎡,2016年建,https://cz.esf.fang.com/chushou/3_390033696.htm
2561,常州,北港-常州钟楼区行政中心正南面,123㎡,高层（共32层）,宝龙国际花园,188万,江苏,3室2厅,南北向,15285元/㎡,2016年建,https://cz.esf.fang.com/chushou/3_390033696.htm
2562,常州,荷花池-怀德苑怀德南路97号,122㎡,中层（共6层）,怀德苑,175万,江苏,3室2厅,南向,14344元/㎡,2011年建,https://cz.esf.fang.com/chushou/3_401658171.htm
2563,常州,荷花池-怀德苑怀德南路97号,122㎡,中层（共6层）,怀德苑,175万,江苏,3室2厅,南向,14344元/㎡,2011年建,https://cz.esf.fang.com/chushou/3_401658171.htm
2564,常州,天宁街道-常州市天宁区五角场东路3号,96.93㎡,中层（共33层）,月馨苑,137万,江苏,2室2厅,南北向,14134元/㎡,2015年建,https://cz.esf.fang.com/chushou/3_396908086.htm
2565,常州,天宁街道-常州市天宁区五角场东路3号,96.93㎡,中层（共33层）,月馨苑,137万,江苏,2室2厅,南北向,14134元/㎡,2015年建,https://cz.esf.fang.com/chushou/3_396908086.htm
2566,常州,"戚墅堰-东方路南侧约600米处,大明路西侧,丁堰小学",80㎡,中层（共34层）,蓝山湖,109万,江苏,2室2厅,南北向,13625元/㎡,2016年建,https://cz.esf.fang.com/chushou/3_390738850.htm
2567,常州,"戚墅堰-东方路南侧约600米处,大明路西侧,丁堰小学",80㎡,中层（共34层）,蓝山湖,109万,江苏,2室2厅,南北向,13625元/㎡,2016年建,https://cz.esf.fang.com/chushou/3_390738850.htm
2568,常州,三井华山-新北区太湖中路14号,128㎡,低层（共18层）,太湖明珠苑,220万,江苏,3室2厅,南北向,17188元/㎡,2009年建,https://cz.esf.fang.com/chushou/3_396574792.htm
2569,常州,三井华山-新北区太湖中路14号,128㎡,低层（共18层）,太湖明珠苑,220万,江苏,3室2厅,南北向,17188元/㎡,2009年建,https://cz.esf.fang.com/chushou/3_396574792.htm
2570,常州,奥体中心-新北区晋陵北路以东150米,91㎡,低层（共26层）,中央花园,188万,江苏,2室2厅,南向,20659元/㎡,2011年建,https://cz.esf.fang.com/chushou/3_391155844.htm
2571,常州,奥体中心-新北区晋陵北路以东150米,91㎡,低层（共26层）,中央花园,188万,江苏,2室2厅,南向,20659元/㎡,2011年建,https://cz.esf.fang.com/chushou/3_391155844.htm
2572,常州,三井华山-新北区太湖路与华山路交汇处往南88米,114㎡,低层（共30层）,尚枫澜湾,170万,江苏,3室2厅,南北向,14912元/㎡,2019年建,https://cz.esf.fang.com/chushou/3_388242100.htm
2573,常州,三井华山-新北区太湖路与华山路交汇处往南88米,114㎡,低层（共30层）,尚枫澜湾,170万,江苏,3室2厅,南北向,14912元/㎡,2019年建,https://cz.esf.fang.com/chushou/3_388242100.htm
2574,常州,大学城-大学城中央商业街鸣新路9号(鸣新路大学城商业,87㎡,中层（共11层）,名仕佳园,119万,江苏,2室2厅,南向,13678元/㎡,2007年建,https://cz.esf.fang.com/chushou/3_391436712.htm
2575,常州,大学城-大学城中央商业街鸣新路9号(鸣新路大学城商业,87㎡,中层（共11层）,名仕佳园,119万,江苏,2室2厅,南向,13678元/㎡,2007年建,https://cz.esf.fang.com/chushou/3_391436712.htm
2576,常州,三井飞龙-飞龙西路南、藻江河西、华山路东、玉龙湾小区北,92.9㎡,中层（共11层）,飞龙新苑,138万,江苏,3室2厅,南向,14855元/㎡,2011年建,https://cz.esf.fang.com/chushou/3_396569819.htm
2577,常州,三井飞龙-飞龙西路南、藻江河西、华山路东、玉龙湾小区北,92.9㎡,中层（共11层）,飞龙新苑,138万,江苏,3室2厅,南向,14855元/㎡,2011年建,https://cz.esf.fang.com/chushou/3_396569819.htm
2578,常州,奥体中心-新北区晋陵北路以东150米,95㎡,中层（共30层）,中央花园,190万,江苏,2室2厅,南向,20000元/㎡,2010年建,https://cz.esf.fang.com/chushou/3_396574610.htm
2579,常州,奥体中心-新北区晋陵北路以东150米,95㎡,中层（共30层）,中央花园,190万,江苏,2室2厅,南向,20000元/㎡,2010年建,https://cz.esf.fang.com/chushou/3_396574610.htm
2580,常州,三井飞龙-飞龙中路168号,97.01㎡,高层（共34层）,绿都万和城,169万,江苏,3室2厅,南向,17421元/㎡,2016年建,https://cz.esf.fang.com/chushou/3_388829345.htm
2581,常州,三井飞龙-飞龙中路168号,97.01㎡,高层（共34层）,绿都万和城,169万,江苏,3室2厅,南向,17421元/㎡,2016年建,https://cz.esf.fang.com/chushou/3_388829345.htm
2582,常州,北港-钟楼区茶花路北飞路交汇处,115㎡,高层（共34层）,雨润城,178万,江苏,3室2厅,南北向,15478元/㎡,2016年建,https://cz.esf.fang.com/chushou/3_389903322.htm
2583,常州,北港-钟楼区茶花路北飞路交汇处,115㎡,高层（共34层）,雨润城,178万,江苏,3室2厅,南北向,15478元/㎡,2016年建,https://cz.esf.fang.com/chushou/3_389903322.htm
2584,常州,永红-怀德南路95号,142㎡,低层（共18层）,香江华廷,268万,江苏,3室2厅,南北向,18873元/㎡,2012年建,https://cz.esf.fang.com/chushou/3_394777950.htm
2585,常州,永红-怀德南路95号,142㎡,低层（共18层）,香江华廷,268万,江苏,3室2厅,南北向,18873元/㎡,2012年建,https://cz.esf.fang.com/chushou/3_394777950.htm
2586,常州,三井飞龙-华山南路9号(飞龙中路与华山路交汇处),143㎡,低层（共31层）,大名城,236万,江苏,3室2厅,南向,16504元/㎡,2015年建,https://cz.esf.fang.com/chushou/3_390398100.htm
2587,常州,三井飞龙-华山南路9号(飞龙中路与华山路交汇处),143㎡,低层（共31层）,大名城,236万,江苏,3室2厅,南向,16504元/㎡,2015年建,https://cz.esf.fang.com/chushou/3_390398100.htm
2588,常州,红梅-常州天宁区永宁北路11号,67㎡,中层（共5层）,翠竹新村,79万,江苏,2室1厅,南向,11791元/㎡,1998年建,https://cz.esf.fang.com/chushou/3_394739869.htm
2589,常州,红梅-常州天宁区永宁北路11号,67㎡,中层（共5层）,翠竹新村,79万,江苏,2室1厅,南向,11791元/㎡,1998年建,https://cz.esf.fang.com/chushou/3_394739869.htm
2590,常州,三井华山-天山路与龙城大道交汇处,138㎡,中层（共33层）,嘉禾尚郡,218万,江苏,4室2厅,南北向,15797元/㎡,2019年建,https://cz.esf.fang.com/chushou/3_396569843.htm
2591,常州,三井华山-天山路与龙城大道交汇处,138㎡,中层（共33层）,嘉禾尚郡,218万,江苏,4室2厅,南北向,15797元/㎡,2019年建,https://cz.esf.fang.com/chushou/3_396569843.htm
2592,常州,三井飞龙-华山南路9号(飞龙中路与华山路交汇处),88.3㎡,高层（共29层）,大名城,137万,江苏,2室2厅,南向,15515元/㎡,2013年建,https://cz.esf.fang.com/chushou/3_388538817.htm
2593,常州,三井飞龙-华山南路9号(飞龙中路与华山路交汇处),88.3㎡,高层（共29层）,大名城,137万,江苏,2室2厅,南向,15515元/㎡,2013年建,https://cz.esf.fang.com/chushou/3_388538817.htm
2594,常州,永红-怀德南路95号,141㎡,中层（共33层）,香江华廷,268万,江苏,3室2厅,南北向,19007元/㎡,2000年建,https://cz.esf.fang.com/chushou/3_392113472.htm
2595,常州,永红-怀德南路95号,141㎡,中层（共33层）,香江华廷,268万,江苏,3室2厅,南北向,19007元/㎡,2000年建,https://cz.esf.fang.com/chushou/3_392113472.htm
2596,常州,"河海丰臣-锦绣天地汉江路南侧,衡山路西侧,嵩山路东侧",76㎡,低层（共33层）,锦绣天地,134.8万,江苏,2室2厅,南向,17737元/㎡,2016年建,https://cz.esf.fang.com/chushou/3_404161637.htm
2597,常州,"河海丰臣-锦绣天地汉江路南侧,衡山路西侧,嵩山路东侧",76㎡,低层（共33层）,锦绣天地,134.8万,江苏,2室2厅,南向,17737元/㎡,2016年建,https://cz.esf.fang.com/chushou/3_404161637.htm
2598,常州,兰陵-天宁区清凉西路与兰陵北路交接处往东100米,84.35㎡,高层（共33层）,九洲新世界花苑,153万,江苏,2室2厅,南北向,18139元/㎡,,https://cz.esf.fang.com/chushou/3_369930941.htm
2599,常州,兰陵-天宁区清凉西路与兰陵北路交接处往东100米,84.35㎡,高层（共33层）,九洲新世界花苑,153万,江苏,2室2厅,南北向,18139元/㎡,,https://cz.esf.fang.com/chushou/3_369930941.htm
2600,常州,青龙-龙湖香醍漫步北塘河路与龙锦路交叉口向东200,163㎡,高层（共33层）,龙湖香醍漫步,325万,江苏,3室2厅,南北向,19939元/㎡,2015年建,https://cz.esf.fang.com/chushou/3_404236876.htm
2601,常州,青龙-龙湖香醍漫步北塘河路与龙锦路交叉口向东200,163㎡,高层（共33层）,龙湖香醍漫步,325万,江苏,3室2厅,南北向,19939元/㎡,2015年建,https://cz.esf.fang.com/chushou/3_404236876.htm
2602,常州,"河海丰臣-锦绣天地汉江路南侧,衡山路西侧,嵩山路东侧",101.1㎡,低层（共33层）,锦绣天地,195万,江苏,3室2厅,南向,19288元/㎡,2015年建,https://cz.esf.fang.com/chushou/3_404269276.htm
2603,常州,"河海丰臣-锦绣天地汉江路南侧,衡山路西侧,嵩山路东侧",101.1㎡,低层（共33层）,锦绣天地,195万,江苏,3室2厅,南向,19288元/㎡,2015年建,https://cz.esf.fang.com/chushou/3_404269276.htm
2604,常州,湖塘吾悦-常州武进区聚湖路与降子路交汇处东南角,123㎡,低层（共28层）,万骏金域丹堤,185万,江苏,3室2厅,南北向,15041元/㎡,2016年建,https://cz.esf.fang.com/chushou/3_394919162.htm
2605,常州,湖塘吾悦-常州武进区聚湖路与降子路交汇处东南角,123㎡,低层（共28层）,万骏金域丹堤,185万,江苏,3室2厅,南北向,15041元/㎡,2016年建,https://cz.esf.fang.com/chushou/3_394919162.htm
2606,常州,湖塘吾悦-常州武进区聚湖路与降子路交汇处东南角,123㎡,低层（共22层）,万骏金域丹堤,185万,江苏,3室2厅,南北向,15041元/㎡,2016年建,https://cz.esf.fang.com/chushou/3_394932184.htm
2607,常州,湖塘吾悦-常州武进区聚湖路与降子路交汇处东南角,123㎡,低层（共22层）,万骏金域丹堤,185万,江苏,3室2厅,南北向,15041元/㎡,2016年建,https://cz.esf.fang.com/chushou/3_394932184.htm
2608,常州,湖塘吾悦-武进区人民中路888号(武进区人民路与武宜路,86㎡,中层（共30层）,绿城玉兰广场,168万,江苏,2室2厅,南向,19535元/㎡,2016年建,https://cz.esf.fang.com/chushou/3_393170954.htm
2609,常州,湖塘吾悦-武进区人民中路888号(武进区人民路与武宜路,86㎡,中层（共30层）,绿城玉兰广场,168万,江苏,2室2厅,南向,19535元/㎡,2016年建,https://cz.esf.fang.com/chushou/3_393170954.htm
2610,常州,三井飞龙-银河湾第一城长江中路与飞龙西路向南100米,82㎡,高层（共19层）,银河湾第一城,125万,江苏,2室2厅,南向,15244元/㎡,2014年建,https://cz.esf.fang.com/chushou/3_396461015.htm
2611,常州,三井飞龙-银河湾第一城长江中路与飞龙西路向南100米,82㎡,高层（共19层）,银河湾第一城,125万,江苏,2室2厅,南向,15244元/㎡,2014年建,https://cz.esf.fang.com/chushou/3_396461015.htm
2612,常州,湖塘吾悦-武进区人民中路888号(武进区人民路与武宜路,89.09㎡,高层（共27层）,绿城玉兰广场,190万,江苏,2室2厅,南向,21327元/㎡,2016年建,https://cz.esf.fang.com/chushou/3_394324227.htm
2613,常州,湖塘吾悦-武进区人民中路888号(武进区人民路与武宜路,89.09㎡,高层（共27层）,绿城玉兰广场,190万,江苏,2室2厅,南向,21327元/㎡,2016年建,https://cz.esf.fang.com/chushou/3_394324227.htm
2614,常州,五星-勤业北路与劳动西路交汇处(勤业欧尚对面),142㎡,高层（共24层）,御水华庭,260万,江苏,3室2厅,南向,18310元/㎡,2013年建,https://cz.esf.fang.com/chushou/3_386089636.htm
2615,常州,五星-勤业北路与劳动西路交汇处(勤业欧尚对面),142㎡,高层（共24层）,御水华庭,260万,江苏,3室2厅,南向,18310元/㎡,2013年建,https://cz.esf.fang.com/chushou/3_386089636.htm
2616,常州,新天地-武进区长虹路8号(南田公园旁),94㎡,中层（共33层）,天隽峰,147万,江苏,2室2厅,南北向,15638元/㎡,2012年建,https://cz.esf.fang.com/chushou/3_393557334.htm
2617,常州,新天地-武进区长虹路8号(南田公园旁),94㎡,中层（共33层）,天隽峰,147万,江苏,2室2厅,南北向,15638元/㎡,2012年建,https://cz.esf.fang.com/chushou/3_393557334.htm
2618,常州,兰陵-常州市天宁区和平中路383号,125㎡,低层（共18层）,人民家园,193万,江苏,3室2厅,南向,15440元/㎡,2005年建,https://cz.esf.fang.com/chushou/3_389443334.htm
2619,常州,兰陵-常州市天宁区和平中路383号,125㎡,低层（共18层）,人民家园,193万,江苏,3室2厅,南向,15440元/㎡,2005年建,https://cz.esf.fang.com/chushou/3_389443334.htm
2620,常州,恐龙园-太湖东路软件园旁边,143㎡,高层（共33层）,世茂香槟湖,270万,江苏,4室2厅,南北向,18881元/㎡,2014年建,https://cz.esf.fang.com/chushou/3_387068352.htm
2621,常州,恐龙园-太湖东路软件园旁边,143㎡,高层（共33层）,世茂香槟湖,270万,江苏,4室2厅,南北向,18881元/㎡,2014年建,https://cz.esf.fang.com/chushou/3_387068352.htm
2622,常州,北港-保利公园九里常州市钟楼区银杏路北侧,125㎡,中层（共33层）,保利公园九里,210万,江苏,3室2厅,南向,16800元/㎡,2015年建,https://cz.esf.fang.com/chushou/3_404297454.htm
2623,常州,北港-保利公园九里常州市钟楼区银杏路北侧,125㎡,中层（共33层）,保利公园九里,210万,江苏,3室2厅,南向,16800元/㎡,2015年建,https://cz.esf.fang.com/chushou/3_404297454.htm
2624,常州,北港-钟楼区茶花路北飞路交汇处,87.5㎡,中层（共33层）,雨润城,136万,江苏,2室2厅,南向,15543元/㎡,2016年建,https://cz.esf.fang.com/chushou/3_389904651.htm
2625,常州,北港-钟楼区茶花路北飞路交汇处,87.5㎡,中层（共33层）,雨润城,136万,江苏,2室2厅,南向,15543元/㎡,2016年建,https://cz.esf.fang.com/chushou/3_389904651.htm
2626,常州,奥体中心-新北区龙锦路,136㎡,高层（共30层）,百草苑,160万,江苏,3室2厅,南北向,11765元/㎡,2010年建,https://cz.esf.fang.com/chushou/3_396574772.htm
2627,常州,奥体中心-新北区龙锦路,136㎡,高层（共30层）,百草苑,160万,江苏,3室2厅,南北向,11765元/㎡,2010年建,https://cz.esf.fang.com/chushou/3_396574772.htm
2628,长沙,省政府-芙蓉南路西向友谊路958号(原1103厂),29.7㎡,低层（共32层）,克拉美丽山庄,32万,湖南,1室1厅,南向,10774元/㎡,2019年建,https://cs.esf.fang.com/chushou/3_155840008.htm
2629,长沙,省政府-芙蓉南路西向友谊路958号(原1103厂),29.7㎡,低层（共32层）,克拉美丽山庄,32万,湖南,1室1厅,南向,10774元/㎡,2019年建,https://cs.esf.fang.com/chushou/3_155840008.htm
2630,常州,北港-梧桐香郡茶花路西侧、玉龙路东侧、梧桐路南侧、,111.65㎡,高层（共26层）,梧桐香郡,180万,江苏,3室2厅,南向,16122元/㎡,2015年建,https://cz.esf.fang.com/chushou/3_404297504.htm
2631,常州,北港-梧桐香郡茶花路西侧、玉龙路东侧、梧桐路南侧、,111.65㎡,高层（共26层）,梧桐香郡,180万,江苏,3室2厅,南向,16122元/㎡,2015年建,https://cz.esf.fang.com/chushou/3_404297504.htm
2632,常州,茶山-常州劳动中路50号,91.34㎡,中层（共6层）,丽宝第花苑,119万,江苏,3室1厅,南北向,13028元/㎡,1999年建,https://cz.esf.fang.com/chushou/3_396819556.htm
2633,常州,茶山-常州劳动中路50号,91.34㎡,中层（共6层）,丽宝第花苑,119万,江苏,3室1厅,南北向,13028元/㎡,1999年建,https://cz.esf.fang.com/chushou/3_396819556.htm
2634,常州,"新闸-绿地世纪城龙城大道、龙江路交汇处,毗邻飞龙居",83.3㎡,高层（共33层）,绿地世纪城,125万,江苏,3室2厅,南向,15006元/㎡,2000年建,https://cz.esf.fang.com/chushou/3_404042129.htm
2635,常州,"新闸-绿地世纪城龙城大道、龙江路交汇处,毗邻飞龙居",83.3㎡,高层（共33层）,绿地世纪城,125万,江苏,3室2厅,南向,15006元/㎡,2000年建,https://cz.esf.fang.com/chushou/3_404042129.htm
2636,常州,湖塘吾悦-武宜北路21号(聚湖西路武宜北路交汇处),85㎡,高层（共34层）,绿地峰云汇,131万,江苏,2室2厅,南向,15412元/㎡,2015年建,https://cz.esf.fang.com/chushou/3_393825493.htm
2637,常州,湖塘吾悦-武宜北路21号(聚湖西路武宜北路交汇处),85㎡,高层（共34层）,绿地峰云汇,131万,江苏,2室2厅,南向,15412元/㎡,2015年建,https://cz.esf.fang.com/chushou/3_393825493.htm
2638,常州,湖塘乐购-路劲城武进区广电路与火炬路交汇处(前黄中学东,108㎡,低层（共33层）,路劲城,188万,江苏,3室2厅,南向,17407元/㎡,2017年建,https://cz.esf.fang.com/chushou/3_390180679.htm
2639,常州,湖塘乐购-路劲城武进区广电路与火炬路交汇处(前黄中学东,108㎡,低层（共33层）,路劲城,188万,江苏,3室2厅,南向,17407元/㎡,2017年建,https://cz.esf.fang.com/chushou/3_390180679.htm
2640,常州,恐龙园-世茂香槟湖太湖东路软件园旁边,97㎡,低层（共33层）,世茂香槟湖,185万,江苏,3室2厅,东向,19072元/㎡,2015年建,https://cz.esf.fang.com/chushou/3_404305640.htm
2641,常州,恐龙园-世茂香槟湖太湖东路软件园旁边,97㎡,低层（共33层）,世茂香槟湖,185万,江苏,3室2厅,东向,19072元/㎡,2015年建,https://cz.esf.fang.com/chushou/3_404305640.htm
2642,长沙,汽车东站-远大路与浏阳河交汇处东北角,176.61㎡,低层（共32层）,辉煌国际城,176万,湖南,5室2厅,南北向,9965元/㎡,2013年建,https://cs.esf.fang.com/chushou/3_155918864.htm
2643,长沙,汽车东站-远大路与浏阳河交汇处东北角,176.61㎡,低层（共32层）,辉煌国际城,176万,湖南,5室2厅,南北向,9965元/㎡,2013年建,https://cs.esf.fang.com/chushou/3_155918864.htm
2644,长沙,金星北-潇湘北路与普瑞大道交汇处,34㎡,低层（共22层）,长燃润和天地,35万,湖南,2室2厅,南北向,10294元/㎡,2019年建,https://cs.esf.fang.com/chushou/3_155917433.htm
2645,长沙,金星北-潇湘北路与普瑞大道交汇处,34㎡,低层（共22层）,长燃润和天地,35万,湖南,2室2厅,南北向,10294元/㎡,2019年建,https://cs.esf.fang.com/chushou/3_155917433.htm
2646,长沙,梅溪湖-梅溪湖国际新城环湖路777号 (梅溪湖摩天轮,249.46㎡,低层（共31层）,晟通牡丹舸,392万,湖南,4室2厅,南向,15714元/㎡,2020年建,https://cs.esf.fang.com/chushou/3_155877233.htm
2647,长沙,梅溪湖-梅溪湖国际新城环湖路777号 (梅溪湖摩天轮,249.46㎡,低层（共31层）,晟通牡丹舸,392万,湖南,4室2厅,南向,15714元/㎡,2020年建,https://cs.esf.fang.com/chushou/3_155877233.htm
2648,长沙,武广新城-长沙大道789号(长沙大道与京珠高速交汇处东,113㎡,中层（共33层）,阳光城尚东湾,92万,湖南,3室2厅,南向,8142元/㎡,2018年建,https://cs.esf.fang.com/chushou/3_155239023.htm
2649,长沙,武广新城-长沙大道789号(长沙大道与京珠高速交汇处东,113㎡,中层（共33层）,阳光城尚东湾,92万,湖南,3室2厅,南向,8142元/㎡,2018年建,https://cs.esf.fang.com/chushou/3_155239023.htm
2650,长沙,书院路-湘江中路与殷家冲路交汇处往东200米,116㎡,中层（共32层）,新力铂园,138万,湖南,3室2厅,南向,11897元/㎡,2019年建,https://cs.esf.fang.com/chushou/3_155397871.htm
2651,长沙,书院路-湘江中路与殷家冲路交汇处往东200米,116㎡,中层（共32层）,新力铂园,138万,湖南,3室2厅,南向,11897元/㎡,2019年建,https://cs.esf.fang.com/chushou/3_155397871.htm
2652,长沙,,,,,,湖南,,,,,
2653,长沙,,,,,,湖南,,,,,
2654,常州,三井飞龙-绿都万和城飞龙中路168号,94㎡,中层（共25层）,绿都万和城,166万,江苏,3室2厅,南向,17660元/㎡,2012年建,https://cz.esf.fang.com/chushou/3_395538897.htm
2655,常州,三井飞龙-绿都万和城飞龙中路168号,94㎡,中层（共25层）,绿都万和城,166万,江苏,3室2厅,南向,17660元/㎡,2012年建,https://cz.esf.fang.com/chushou/3_395538897.htm
2656,常州,"恐龙园-康桥水郡河海东路105号(河海东路以南,藻江",89.73㎡,低层（共33层）,康桥水郡,140万,江苏,2室1厅,南向,15602元/㎡,2010年建,https://cz.esf.fang.com/chushou/3_404393117.htm
2657,常州,"恐龙园-康桥水郡河海东路105号(河海东路以南,藻江",89.73㎡,低层（共33层）,康桥水郡,140万,江苏,2室1厅,南向,15602元/㎡,2010年建,https://cz.esf.fang.com/chushou/3_404393117.htm
2658,常州,三井飞龙-大名城华山南路9号(飞龙中路与华山路交汇处),172㎡,高层（共38层）,大名城,335万,江苏,4室2厅,南向,19477元/㎡,2015年建,https://cz.esf.fang.com/chushou/3_395465138.htm
2659,常州,三井飞龙-大名城华山南路9号(飞龙中路与华山路交汇处),172㎡,高层（共38层）,大名城,335万,江苏,4室2厅,南向,19477元/㎡,2015年建,https://cz.esf.fang.com/chushou/3_395465138.htm
2660,常州,"新闸-龙城大道、龙江路交汇处,毗邻飞龙居住区",89.8㎡,低层（共33层）,绿地世纪城,110万,江苏,2室2厅,南向,12249元/㎡,2013年建,https://cz.esf.fang.com/chushou/3_394675588.htm
2661,常州,"新闸-龙城大道、龙江路交汇处,毗邻飞龙居住区",89.8㎡,低层（共33层）,绿地世纪城,110万,江苏,2室2厅,南向,12249元/㎡,2013年建,https://cz.esf.fang.com/chushou/3_394675588.htm
2662,常州,新天地-常州市武进延政中路(武进区政府正对面),87㎡,低层（共30层）,莱蒙城,135万,江苏,2室2厅,南向,15517元/㎡,2017年建,https://cz.esf.fang.com/chushou/3_392154527.htm
2663,常州,新天地-常州市武进延政中路(武进区政府正对面),87㎡,低层（共30层）,莱蒙城,135万,江苏,2室2厅,南向,15517元/㎡,2017年建,https://cz.esf.fang.com/chushou/3_392154527.htm
2664,常州,茶山-华润国际社区常州天宁区和平路与中吴大道交界处,122㎡,高层（共31层）,华润国际社区,250万,江苏,3室2厅,南向,20492元/㎡,2017年建,https://cz.esf.fang.com/chushou/3_385521903.htm
2665,常州,茶山-华润国际社区常州天宁区和平路与中吴大道交界处,122㎡,高层（共31层）,华润国际社区,250万,江苏,3室2厅,南向,20492元/㎡,2017年建,https://cz.esf.fang.com/chushou/3_385521903.htm
2666,长沙,金星北-金星北路与银星路交汇处东南角(玫瑰园公交站北,115.35㎡,低层（共32层）,时代倾城,98.8万,湖南,4室2厅,南北向,8565元/㎡,2016年建,https://cs.esf.fang.com/chushou/3_155895765.htm
2667,长沙,金星北-金星北路与银星路交汇处东南角(玫瑰园公交站北,115.35㎡,低层（共32层）,时代倾城,98.8万,湖南,4室2厅,南北向,8565元/㎡,2016年建,https://cs.esf.fang.com/chushou/3_155895765.htm
2668,长沙,芙蓉南路-大托镇先锋村,177㎡,中层（共14层）,美的梧桐庄园,182万,湖南,5室2厅,南北向,10282元/㎡,,https://cs.esf.fang.com/chushou/3_155906451.htm
2669,长沙,芙蓉南路-大托镇先锋村,177㎡,中层（共14层）,美的梧桐庄园,182万,湖南,5室2厅,南北向,10282元/㎡,,https://cs.esf.fang.com/chushou/3_155906451.htm
2670,长沙,开元路-长沙经济开发区开元路南北(东四线与东七线之间,135㎡,高层（共5层）,鹏基诺亚山林,145万,湖南,4室2厅,南北向,10741元/㎡,2010年建,https://cs.esf.fang.com/chushou/3_155853130.htm
2671,长沙,开元路-长沙经济开发区开元路南北(东四线与东七线之间,135㎡,高层（共5层）,鹏基诺亚山林,145万,湖南,4室2厅,南北向,10741元/㎡,2010年建,https://cs.esf.fang.com/chushou/3_155853130.htm
2672,长沙,开元路-长沙县星沙大道188号,117㎡,低层（共34层）,华润凤凰城三期,132.8万,湖南,3室2厅,南北向,11350元/㎡,2015年建,https://cs.esf.fang.com/chushou/3_155909046.htm
2673,长沙,开元路-长沙县星沙大道188号,117㎡,低层（共34层）,华润凤凰城三期,132.8万,湖南,3室2厅,南北向,11350元/㎡,2015年建,https://cs.esf.fang.com/chushou/3_155909046.htm
2674,长沙,湘雅三医院-长沙市岳麓区岳麓大道179号,153㎡,高层（共18层）,西岸润泽府,138万,湖南,4室2厅,南北向,9020元/㎡,2010年建,https://cs.esf.fang.com/chushou/3_155806955.htm
2675,长沙,湘雅三医院-长沙市岳麓区岳麓大道179号,153㎡,高层（共18层）,西岸润泽府,138万,湖南,4室2厅,南北向,9020元/㎡,2010年建,https://cs.esf.fang.com/chushou/3_155806955.htm
2676,常州,三井飞龙-大名城华山南路9号(飞龙中路与华山路交汇处),128㎡,中层（共31层）,大名城,242万,江苏,3室2厅,南向,18906元/㎡,2015年建,https://cz.esf.fang.com/chushou/3_396462314.htm
2677,常州,三井飞龙-大名城华山南路9号(飞龙中路与华山路交汇处),128㎡,中层（共31层）,大名城,242万,江苏,3室2厅,南向,18906元/㎡,2015年建,https://cz.esf.fang.com/chushou/3_396462314.htm
2678,常州,恐龙园-世茂香槟湖太湖东路软件园旁边,99㎡,低层（共31层）,世茂香槟湖,205万,江苏,3室2厅,南向,20707元/㎡,2017年建,https://cz.esf.fang.com/chushou/3_404392971.htm
2679,常州,恐龙园-世茂香槟湖太湖东路软件园旁边,99㎡,低层（共31层）,世茂香槟湖,205万,江苏,3室2厅,南向,20707元/㎡,2017年建,https://cz.esf.fang.com/chushou/3_404392971.htm
2680,常州,新天地-广电路与星火路交汇处(前黄高级中学东面),86㎡,中层（共6层）,新城香溢澜桥,190万,江苏,3室2厅,南向,22093元/㎡,2015年建,https://cz.esf.fang.com/chushou/3_395786738.htm
2681,常州,新天地-广电路与星火路交汇处(前黄高级中学东面),86㎡,中层（共6层）,新城香溢澜桥,190万,江苏,3室2厅,南向,22093元/㎡,2015年建,https://cz.esf.fang.com/chushou/3_395786738.htm
2682,常州,青龙-阳光龙庭常州市博爱路22号(永宁北路和龙锦路,87㎡,低层（共33层）,阳光龙庭,165万,江苏,2室2厅,南向,18966元/㎡,2015年建,https://cz.esf.fang.com/chushou/3_403743065.htm
2683,常州,青龙-阳光龙庭常州市博爱路22号(永宁北路和龙锦路,87㎡,低层（共33层）,阳光龙庭,165万,江苏,2室2厅,南向,18966元/㎡,2015年建,https://cz.esf.fang.com/chushou/3_403743065.htm
2684,常州,天宁街道-晋陵北苑飞龙东路431号,139㎡,高层（共20层）,晋陵北苑,260万,江苏,3室2厅,南向,18705元/㎡,2000年建,https://cz.esf.fang.com/chushou/3_404367037.htm
2685,常州,天宁街道-晋陵北苑飞龙东路431号,139㎡,高层（共20层）,晋陵北苑,260万,江苏,3室2厅,南向,18705元/㎡,2000年建,https://cz.esf.fang.com/chushou/3_404367037.htm
2686,常州,三井飞龙-金地格林郡常州市新北区南湖路8号(飞龙体育公,95.6㎡,中层（共26层）,金地格林郡,165万,江苏,3室2厅,南向,17259元/㎡,2015年建,https://cz.esf.fang.com/chushou/3_404418578.htm
2687,常州,三井飞龙-金地格林郡常州市新北区南湖路8号(飞龙体育公,95.6㎡,中层（共26层）,金地格林郡,165万,江苏,3室2厅,南向,17259元/㎡,2015年建,https://cz.esf.fang.com/chushou/3_404418578.htm
2688,长沙,红星-金科集美天辰时代阳光大道东(天际岭森林公园南,98㎡,中层（共18层）,金科集美天辰,81.8万,湖南,3室2厅,南北向,8347元/㎡,2020年建,https://cs.esf.fang.com/chushou/3_155861218.htm
2689,长沙,红星-金科集美天辰时代阳光大道东(天际岭森林公园南,98㎡,中层（共18层）,金科集美天辰,81.8万,湖南,3室2厅,南北向,8347元/㎡,2020年建,https://cs.esf.fang.com/chushou/3_155861218.htm
2690,长沙,左家塘-书香名邸雨花区车站南路471号,132㎡,中层（共12层）,书香名邸,145万,湖南,3室2厅,南向,10985元/㎡,2009年建,https://cs.esf.fang.com/chushou/3_155857298.htm
2691,长沙,左家塘-书香名邸雨花区车站南路471号,132㎡,中层（共12层）,书香名邸,145万,湖南,3室2厅,南向,10985元/㎡,2009年建,https://cs.esf.fang.com/chushou/3_155857298.htm
2692,长沙,洋湖湿地公园-洋湖国际新城先导路与湘浦路交汇处西南角,42㎡,高层（共26层）,龙湖新壹城,59万,湖南,2室2厅,东南向,14048元/㎡,2019年建,https://cs.esf.fang.com/chushou/3_155834941.htm
2693,长沙,洋湖湿地公园-洋湖国际新城先导路与湘浦路交汇处西南角,42㎡,高层（共26层）,龙湖新壹城,59万,湖南,2室2厅,东南向,14048元/㎡,2019年建,https://cs.esf.fang.com/chushou/3_155834941.htm
2694,长沙,东塘-东二环与劳动路交汇处以北(新城新世界砂子塘小,135㎡,高层（共33层）,保利大都汇,156万,湖南,4室2厅,南北向,11556元/㎡,,https://cs.esf.fang.com/chushou/3_155896774.htm
2695,长沙,东塘-东二环与劳动路交汇处以北(新城新世界砂子塘小,135㎡,高层（共33层）,保利大都汇,156万,湖南,4室2厅,南北向,11556元/㎡,,https://cs.esf.fang.com/chushou/3_155896774.htm
2696,长沙,普瑞大道-金星北路与银星路交汇处西南角(银星路口车站后,99㎡,低层（共24层）,乾源国际广场,104万,湖南,3室2厅,西南向,10505元/㎡,2017年建,https://cs.esf.fang.com/chushou/3_155892483.htm
2697,长沙,普瑞大道-金星北路与银星路交汇处西南角(银星路口车站后,99㎡,低层（共24层）,乾源国际广场,104万,湖南,3室2厅,西南向,10505元/㎡,2017年建,https://cs.esf.fang.com/chushou/3_155892483.htm
2698,长沙,芙蓉区政府-嘉雨路与六号路交汇处,39㎡,中层（共24层）,碧桂园城市之光,48万,湖南,1室1厅,南向,12308元/㎡,2019年建,https://cs.esf.fang.com/chushou/3_155239061.htm
2699,长沙,芙蓉区政府-嘉雨路与六号路交汇处,39㎡,中层（共24层）,碧桂园城市之光,48万,湖南,1室1厅,南向,12308元/㎡,2019年建,https://cs.esf.fang.com/chushou/3_155239061.htm
2700,长沙,湘潭-富家路与沿江路交汇处,129㎡,中层（共33层）,福晟滨江花园,88万,湖南,3室2厅,南北向,6822元/㎡,2018年建,https://cs.esf.fang.com/chushou/3_155536372.htm
2701,长沙,湘潭-富家路与沿江路交汇处,129㎡,中层（共33层）,福晟滨江花园,88万,湖南,3室2厅,南北向,6822元/㎡,2018年建,https://cs.esf.fang.com/chushou/3_155536372.htm
2702,常州,兰陵-天宁区兰陵街道晋陵南路,79㎡,高层（共33层）,华海城市花园,165万,江苏,2室2厅,南向,20886元/㎡,2012年建,https://cz.esf.fang.com/chushou/3_393636773.htm
2703,常州,兰陵-天宁区兰陵街道晋陵南路,79㎡,高层（共33层）,华海城市花园,165万,江苏,2室2厅,南向,20886元/㎡,2012年建,https://cz.esf.fang.com/chushou/3_393636773.htm
2704,常州,茶山-华润国际社区常州天宁区和平路与中吴大道交界处,108㎡,低层（共32层）,华润国际社区,200万,江苏,3室2厅,南向,18519元/㎡,2012年建,https://cz.esf.fang.com/chushou/3_385517580.htm
2705,常州,茶山-华润国际社区常州天宁区和平路与中吴大道交界处,108㎡,低层（共32层）,华润国际社区,200万,江苏,3室2厅,南向,18519元/㎡,2012年建,https://cz.esf.fang.com/chushou/3_385517580.htm
2706,常州,西林-中吴中段龙江路6-1号(龙江中路与怀德路的交,103㎡,高层（共34层）,万泰国际广场檀香湾,163万,江苏,3室2厅,南向,15825元/㎡,2016年建,https://cz.esf.fang.com/chushou/3_353857093.htm
2707,常州,西林-中吴中段龙江路6-1号(龙江中路与怀德路的交,103㎡,高层（共34层）,万泰国际广场檀香湾,163万,江苏,3室2厅,南向,15825元/㎡,2016年建,https://cz.esf.fang.com/chushou/3_353857093.htm
2708,常州,兰陵-中吴大道与长江路交汇处,102.22㎡,低层（共18层）,弘阳广场,168.8万,江苏,3室2厅,南向,16513元/㎡,2016年建,https://cz.esf.fang.com/chushou/3_377198542.htm
2709,常州,兰陵-中吴大道与长江路交汇处,102.22㎡,低层（共18层）,弘阳广场,168.8万,江苏,3室2厅,南向,16513元/㎡,2016年建,https://cz.esf.fang.com/chushou/3_377198542.htm
2710,常州,湖塘吾悦-中天名园武进人民东路28-56号,45㎡,中层（共30层）,中天名园,65万,江苏,1室1厅,南向,14444元/㎡,2010年建,https://cz.esf.fang.com/chushou/3_403798870.htm
2711,常州,湖塘吾悦-中天名园武进人民东路28-56号,45㎡,中层（共30层）,中天名园,65万,江苏,1室1厅,南向,14444元/㎡,2010年建,https://cz.esf.fang.com/chushou/3_403798870.htm
2712,常州,北港-保利公园九里常州市钟楼区银杏路北侧,85㎡,高层（共25层）,保利公园九里,170万,江苏,3室2厅,东南向,20000元/㎡,2017年建,https://cz.esf.fang.com/chushou/3_404297689.htm
2713,常州,北港-保利公园九里常州市钟楼区银杏路北侧,85㎡,高层（共25层）,保利公园九里,170万,江苏,3室2厅,东南向,20000元/㎡,2017年建,https://cz.esf.fang.com/chushou/3_404297689.htm
2714,长沙,含浦-含浦大道和联丰路交汇(洋湖垸北岸),102㎡,低层（共34层）,华润橡树湾,115万,湖南,3室2厅,南向,11275元/㎡,2013年建,https://cs.esf.fang.com/chushou/3_155896464.htm
2715,长沙,含浦-含浦大道和联丰路交汇(洋湖垸北岸),102㎡,低层（共34层）,华润橡树湾,115万,湖南,3室2厅,南向,11275元/㎡,2013年建,https://cs.esf.fang.com/chushou/3_155896464.htm
2716,长沙,市政府-岳麓大道与望青路交汇处东北角,116㎡,中层（共18层）,长房·云西府,122.5万,湖南,4室2厅,南向,10560元/㎡,2019年建,https://cs.esf.fang.com/chushou/3_155903802.htm
2717,长沙,市政府-岳麓大道与望青路交汇处东北角,116㎡,中层（共18层）,长房·云西府,122.5万,湖南,4室2厅,南向,10560元/㎡,2019年建,https://cs.esf.fang.com/chushou/3_155903802.htm
2718,长沙,武广新城-花侯路与曲塘路交汇处,141㎡,中层（共32层）,绿地城际空间站,162万,湖南,4室2厅,南北向,11489元/㎡,2019年建,https://cs.esf.fang.com/chushou/3_155239076.htm
2719,长沙,武广新城-花侯路与曲塘路交汇处,141㎡,中层（共32层）,绿地城际空间站,162万,湖南,4室2厅,南北向,11489元/㎡,2019年建,https://cs.esf.fang.com/chushou/3_155239076.htm
2720,长沙,省政府-芙蓉南路西向友谊路958号(原1103厂),29.7㎡,低层（共32层）,克拉美丽山庄,32万,湖南,1室1厅,南向,10774元/㎡,2019年建,https://cs.esf.fang.com/chushou/3_155665862.htm
2721,长沙,省政府-芙蓉南路西向友谊路958号(原1103厂),29.7㎡,低层（共32层）,克拉美丽山庄,32万,湖南,1室1厅,南向,10774元/㎡,2019年建,https://cs.esf.fang.com/chushou/3_155665862.htm
2722,长沙,书院路-湘江中路与殷家冲路交汇处往东200米,116㎡,高层（共28层）,新力铂园,160万,湖南,3室2厅,南向,13793元/㎡,2014年建,https://cs.esf.fang.com/chushou/3_155239000.htm
2723,长沙,书院路-湘江中路与殷家冲路交汇处往东200米,116㎡,高层（共28层）,新力铂园,160万,湖南,3室2厅,南向,13793元/㎡,2014年建,https://cs.esf.fang.com/chushou/3_155239000.htm
2724,长沙,车站北路-星典时代东二环二段221号,95㎡,低层（共26层）,星典时代,91.8万,湖南,3室2厅,南向,9663元/㎡,2007年建,https://cs.esf.fang.com/chushou/3_155861999.htm
2725,长沙,车站北路-星典时代东二环二段221号,95㎡,低层（共26层）,星典时代,91.8万,湖南,3室2厅,南向,9663元/㎡,2007年建,https://cs.esf.fang.com/chushou/3_155861999.htm
2726,常州,荷花池-通江南路256号,59㎡,高层（共28层）,新城蓝钻苑,75.8万,江苏,1室1厅,南向,12847元/㎡,2007年建,https://cz.esf.fang.com/chushou/3_390863986.htm
2727,常州,荷花池-通江南路256号,59㎡,高层（共28层）,新城蓝钻苑,75.8万,江苏,1室1厅,南向,12847元/㎡,2007年建,https://cz.esf.fang.com/chushou/3_390863986.htm
2728,常州,潞城-东方大道188号,82㎡,中层（共33层）,公园壹号,116万,江苏,2室2厅,南向,14146元/㎡,2013年建,https://cz.esf.fang.com/chushou/3_381003489.htm
2729,常州,潞城-东方大道188号,82㎡,中层（共33层）,公园壹号,116万,江苏,2室2厅,南向,14146元/㎡,2013年建,https://cz.esf.fang.com/chushou/3_381003489.htm
2730,常州,新天地-新城公馆常州市武进区花园街128号G1-15,126㎡,高层（共33层）,新城公馆,250万,江苏,3室2厅,南向,19841元/㎡,2019年建,https://cz.esf.fang.com/chushou/3_401923857.htm
2731,常州,新天地-新城公馆常州市武进区花园街128号G1-15,126㎡,高层（共33层）,新城公馆,250万,江苏,3室2厅,南向,19841元/㎡,2019年建,https://cz.esf.fang.com/chushou/3_401923857.htm
2732,常州,三井飞龙-长江中路与飞龙西路向南100米,96㎡,高层（共22层）,银河湾第一城,146万,江苏,3室2厅,南北向,15208元/㎡,2014年建,https://cz.esf.fang.com/chushou/3_392501818.htm
2733,常州,三井飞龙-长江中路与飞龙西路向南100米,96㎡,高层（共22层）,银河湾第一城,146万,江苏,3室2厅,南北向,15208元/㎡,2014年建,https://cz.esf.fang.com/chushou/3_392501818.htm
2734,长沙,广电中心-青年才郡开福区洪山路209号,39㎡,中层（共31层）,青年才郡,41万,湖南,1室1厅,南北向,10513元/㎡,2018年建,https://cs.esf.fang.com/chushou/3_155730240.htm
2735,长沙,广电中心-青年才郡开福区洪山路209号,39㎡,中层（共31层）,青年才郡,41万,湖南,1室1厅,南北向,10513元/㎡,2018年建,https://cs.esf.fang.com/chushou/3_155730240.htm
2736,长沙,红星-时代阳光大道东(天际岭森林公园南),98㎡,中层（共31层）,金科集美天辰,83.8万,湖南,3室2厅,南向,8551元/㎡,2018年建,https://cs.esf.fang.com/chushou/3_155765885.htm
2737,长沙,红星-时代阳光大道东(天际岭森林公园南),98㎡,中层（共31层）,金科集美天辰,83.8万,湖南,3室2厅,南向,8551元/㎡,2018年建,https://cs.esf.fang.com/chushou/3_155765885.htm
2738,长沙,湘潭-富家路与沿江路交汇处,116㎡,中层（共32层）,福晟滨江花园,69万,湖南,3室2厅,南向,5948元/㎡,2018年建,https://cs.esf.fang.com/chushou/3_155523396.htm
2739,长沙,湘潭-富家路与沿江路交汇处,116㎡,中层（共32层）,福晟滨江花园,69万,湖南,3室2厅,南向,5948元/㎡,2018年建,https://cs.esf.fang.com/chushou/3_155523396.htm
2740,长沙,洋湖湿地公园-洋湖大道罗谷塘路口东南角(洋湖湿地公园南门),42㎡,高层（共33层）,映客龙湖·璟翠公馆,53万,湖南,2室2厅,东南向,12619元/㎡,2019年建,https://cs.esf.fang.com/chushou/3_155887635.htm
2741,长沙,洋湖湿地公园-洋湖大道罗谷塘路口东南角(洋湖湿地公园南门),42㎡,高层（共33层）,映客龙湖·璟翠公馆,53万,湖南,2室2厅,东南向,12619元/㎡,2019年建,https://cs.esf.fang.com/chushou/3_155887635.htm
2742,长沙,桐梓坡路-桐梓坡路421号,112㎡,低层（共18层）,沁园春御院,153万,湖南,3室2厅,南北向,13661元/㎡,2011年建,https://cs.esf.fang.com/chushou/3_155913799.htm
2743,长沙,桐梓坡路-桐梓坡路421号,112㎡,低层（共18层）,沁园春御院,153万,湖南,3室2厅,南北向,13661元/㎡,2011年建,https://cs.esf.fang.com/chushou/3_155913799.htm
2744,长沙,四方坪-第一湾车站北路919号,128.72㎡,中层（共32层）,第一湾,160万,湖南,3室2厅,南北向,12430元/㎡,2012年建,https://cs.esf.fang.com/chushou/3_155915215.htm
2745,长沙,四方坪-第一湾车站北路919号,128.72㎡,中层（共32层）,第一湾,160万,湖南,3室2厅,南北向,12430元/㎡,2012年建,https://cs.esf.fang.com/chushou/3_155915215.htm
2746,长沙,武广新城-劳动东路与花侯路交汇处往东100米(武广高铁,99.7㎡,中层（共24层）,万科魅力之城,110万,湖南,3室2厅,南向,11033元/㎡,2019年建,https://cs.esf.fang.com/chushou/3_155905362.htm
2747,长沙,武广新城-劳动东路与花侯路交汇处往东100米(武广高铁,99.7㎡,中层（共24层）,万科魅力之城,110万,湖南,3室2厅,南向,11033元/㎡,2019年建,https://cs.esf.fang.com/chushou/3_155905362.htm
2748,长沙,雨花区政府-万科金域华府万家丽路中段398号(雨花区政府,128㎡,低层（共34层）,万科金域华府,149.8万,湖南,4室2厅,东北向,11703元/㎡,2013年建,https://cs.esf.fang.com/chushou/3_155674405.htm
2749,长沙,雨花区政府-万科金域华府万家丽路中段398号(雨花区政府,128㎡,低层（共34层）,万科金域华府,149.8万,湖南,4室2厅,东北向,11703元/㎡,2013年建,https://cs.esf.fang.com/chushou/3_155674405.htm
2750,长沙,红星-水岸天际雨花区湘府东路108号(省森林植物园,89.2㎡,低层（共18层）,水岸天际,85万,湖南,2室2厅,南北向,9529元/㎡,2012年建,https://cs.esf.fang.com/chushou/3_155910480.htm
2751,长沙,红星-水岸天际雨花区湘府东路108号(省森林植物园,89.2㎡,低层（共18层）,水岸天际,85万,湖南,2室2厅,南北向,9529元/㎡,2012年建,https://cs.esf.fang.com/chushou/3_155910480.htm
2752,长沙,市政府-佑母塘路799号(金星大道长郡中学新校区北侧,114㎡,低层（共33层）,钰龙天下,223万,湖南,3室2厅,南北向,19561元/㎡,2014年建,https://cs.esf.fang.com/chushou/3_155917458.htm
2753,长沙,市政府-佑母塘路799号(金星大道长郡中学新校区北侧,114㎡,低层（共33层）,钰龙天下,223万,湖南,3室2厅,南北向,19561元/㎡,2014年建,https://cs.esf.fang.com/chushou/3_155917458.htm
2754,长沙,开福区政府-湘江世纪城映江苑开福区金泰路199号(融江苑,92㎡,中层（共28层）,湘江世纪城映江苑,106万,湖南,3室2厅,南北向,11522元/㎡,2009年建,https://cs.esf.fang.com/chushou/3_155884374.htm
2755,长沙,开福区政府-湘江世纪城映江苑开福区金泰路199号(融江苑,92㎡,中层（共28层）,湘江世纪城映江苑,106万,湖南,3室2厅,南北向,11522元/㎡,2009年建,https://cs.esf.fang.com/chushou/3_155884374.htm
2756,长沙,雷锋大道-岳麓雷锋大道龙湖高尔夫球场东侧,300㎡,,中粮北纬28度别墅,500万,湖南,,南向,16667元/㎡,,https://cs.esf.fang.com/chushou/10_155646124.htm
2757,长沙,雷锋大道-岳麓雷锋大道龙湖高尔夫球场东侧,300㎡,,中粮北纬28度别墅,500万,湖南,,南向,16667元/㎡,,https://cs.esf.fang.com/chushou/10_155646124.htm
2758,长沙,市政府-钰龙天下佑母塘路799号(金星大道长郡中学新,86㎡,低层（共33层）,钰龙天下,188万,湖南,2室2厅,南向,21860元/㎡,2015年建,https://cs.esf.fang.com/chushou/3_155912075.htm
2759,长沙,市政府-钰龙天下佑母塘路799号(金星大道长郡中学新,86㎡,低层（共33层）,钰龙天下,188万,湖南,2室2厅,南向,21860元/㎡,2015年建,https://cs.esf.fang.com/chushou/3_155912075.htm
2760,长沙,红星-时代阳光大道东(天际岭森林公园南),122㎡,中层（共26层）,金科集美天辰,103万,湖南,3室2厅,南向,8443元/㎡,2019年建,https://cs.esf.fang.com/chushou/3_155653882.htm
2761,长沙,红星-时代阳光大道东(天际岭森林公园南),122㎡,中层（共26层）,金科集美天辰,103万,湖南,3室2厅,南向,8443元/㎡,2019年建,https://cs.esf.fang.com/chushou/3_155653882.htm
2762,长沙,金星北-金星北路与银星路交汇处东南角(玫瑰园公交站北,118㎡,中层（共30层）,时代倾城,109万,湖南,3室2厅,南北向,9237元/㎡,2015年建,https://cs.esf.fang.com/chushou/3_155848640.htm
2763,长沙,金星北-金星北路与银星路交汇处东南角(玫瑰园公交站北,118㎡,中层（共30层）,时代倾城,109万,湖南,3室2厅,南北向,9237元/㎡,2015年建,https://cs.esf.fang.com/chushou/3_155848640.htm
2764,长沙,汽车东站-滨河路,126㎡,中层（共32层）,时代印记,168万,湖南,4室2厅,南北向,13333元/㎡,2019年建,https://cs.esf.fang.com/chushou/3_155919028.htm
2765,长沙,汽车东站-滨河路,126㎡,中层（共32层）,时代印记,168万,湖南,4室2厅,南北向,13333元/㎡,2019年建,https://cs.esf.fang.com/chushou/3_155919028.htm
2766,长沙,左家塘-车站南路9号(车站南路与桂花路交汇处),44㎡,高层（共33层）,兰亭优壳,46万,湖南,1室1厅,南向,10455元/㎡,2010年建,https://cs.esf.fang.com/chushou/3_155468701.htm
2767,长沙,左家塘-车站南路9号(车站南路与桂花路交汇处),44㎡,高层（共33层）,兰亭优壳,46万,湖南,1室1厅,南向,10455元/㎡,2010年建,https://cs.esf.fang.com/chushou/3_155468701.htm
2768,长沙,赤岗冲-长沙市雨花区劳动中路395号,93.2㎡,低层（共11层）,鑫天鑫城,95万,湖南,2室2厅,南向,10193元/㎡,2010年建,https://cs.esf.fang.com/chushou/3_155489195.htm
2769,长沙,赤岗冲-长沙市雨花区劳动中路395号,93.2㎡,低层（共11层）,鑫天鑫城,95万,湖南,2室2厅,南向,10193元/㎡,2010年建,https://cs.esf.fang.com/chushou/3_155489195.htm
2770,长沙,左家塘-曙光中路与桂花路交汇处,62㎡,中层（共15层）,民航桂花新村住宅区,77.8万,湖南,2室1厅,南向,12548元/㎡,1999年建,https://cs.esf.fang.com/chushou/3_155434364.htm
2771,长沙,左家塘-曙光中路与桂花路交汇处,62㎡,中层（共15层）,民航桂花新村住宅区,77.8万,湖南,2室1厅,南向,12548元/㎡,1999年建,https://cs.esf.fang.com/chushou/3_155434364.htm
2772,长沙,麓谷-岳麓大道与旺龙路交汇处往西200米,96㎡,中层（共32层）,金地中交麓谷香颂,97万,湖南,3室2厅,南北向,10104元/㎡,2019年建,https://cs.esf.fang.com/chushou/3_155535570.htm
2773,长沙,麓谷-岳麓大道与旺龙路交汇处往西200米,96㎡,中层（共32层）,金地中交麓谷香颂,97万,湖南,3室2厅,南北向,10104元/㎡,2019年建,https://cs.esf.fang.com/chushou/3_155535570.htm
2774,长沙,东塘-劳动中路60号(东塘步步高旁),79㎡,中层（共7层）,东塘金科园,66.8万,湖南,3室1厅,南向,8456元/㎡,1998年建,https://cs.esf.fang.com/chushou/3_155375050.htm
2775,长沙,东塘-劳动中路60号(东塘步步高旁),79㎡,中层（共7层）,东塘金科园,66.8万,湖南,3室1厅,南向,8456元/㎡,1998年建,https://cs.esf.fang.com/chushou/3_155375050.htm
2776,长沙,左家塘-雨花区桂花路248号,86㎡,低层（共28层）,佳天瑞宁花园,105万,湖南,2室2厅,南北向,12209元/㎡,2008年建,https://cs.esf.fang.com/chushou/3_155604357.htm
2777,长沙,左家塘-雨花区桂花路248号,86㎡,低层（共28层）,佳天瑞宁花园,105万,湖南,2室2厅,南北向,12209元/㎡,2008年建,https://cs.esf.fang.com/chushou/3_155604357.htm
2778,长沙,开元路-东一路与棠坡路交汇处,100㎡,中层（共33层）,华润凤凰城二期,126万,湖南,3室2厅,南北向,12600元/㎡,2010年建,https://cs.esf.fang.com/chushou/3_155444858.htm
2779,长沙,开元路-东一路与棠坡路交汇处,100㎡,中层（共33层）,华润凤凰城二期,126万,湖南,3室2厅,南北向,12600元/㎡,2010年建,https://cs.esf.fang.com/chushou/3_155444858.htm
2780,长沙,麓谷-岳麓区桐梓坡西路408号,29㎡,中层（共32层）,保利麓谷林语,27万,湖南,1室2厅,南向,9310元/㎡,2019年建,https://cs.esf.fang.com/chushou/3_155660757.htm
2781,长沙,麓谷-岳麓区桐梓坡西路408号,29㎡,中层（共32层）,保利麓谷林语,27万,湖南,1室2厅,南向,9310元/㎡,2019年建,https://cs.esf.fang.com/chushou/3_155660757.htm
2782,长沙,普瑞大道-金星北路三段399号(金星大道与普瑞大道交汇,100㎡,高层（共29层）,南山苏迪亚诺,75.8万,湖南,3室2厅,南北向,7580元/㎡,2012年建,https://cs.esf.fang.com/chushou/3_155557295.htm
2783,长沙,普瑞大道-金星北路三段399号(金星大道与普瑞大道交汇,100㎡,高层（共29层）,南山苏迪亚诺,75.8万,湖南,3室2厅,南北向,7580元/㎡,2012年建,https://cs.esf.fang.com/chushou/3_155557295.htm
2784,长沙,开元路-湖南省长沙市长沙县天华路134号,121㎡,中层（共6层）,山水人家,100万,湖南,3室2厅,南北向,8264元/㎡,2005年建,https://cs.esf.fang.com/chushou/3_155591697.htm
2785,长沙,开元路-湖南省长沙市长沙县天华路134号,121㎡,中层（共6层）,山水人家,100万,湖南,3室2厅,南北向,8264元/㎡,2005年建,https://cs.esf.fang.com/chushou/3_155591697.htm
2786,长沙,市政府-湘岳路与银双路交汇处西北角(银双路12号),36.6㎡,中层（共30层）,中一鲲出,78万,湖南,3室1厅,南向,21311元/㎡,2019年建,https://cs.esf.fang.com/chushou/3_155561432.htm
2787,长沙,市政府-湘岳路与银双路交汇处西北角(银双路12号),36.6㎡,中层（共30层）,中一鲲出,78万,湖南,3室1厅,南向,21311元/㎡,2019年建,https://cs.esf.fang.com/chushou/3_155561432.htm
2788,长沙,雨花亭-韶山中路448号,198㎡,高层（共33层）,融科三万英尺,223.5万,湖南,4室2厅,南北向,11288元/㎡,2007年建,https://cs.esf.fang.com/chushou/3_155542259.htm
2789,长沙,雨花亭-韶山中路448号,198㎡,高层（共33层）,融科三万英尺,223.5万,湖南,4室2厅,南北向,11288元/㎡,2007年建,https://cs.esf.fang.com/chushou/3_155542259.htm
2790,长沙,东塘-劳动中路60号(东塘步步高旁),96㎡,高层（共7层）,东塘金科园,80万,湖南,3室1厅,南向,8333元/㎡,2003年建,https://cs.esf.fang.com/chushou/3_155375267.htm
2791,长沙,东塘-劳动中路60号(东塘步步高旁),96㎡,高层（共7层）,东塘金科园,80万,湖南,3室1厅,南向,8333元/㎡,2003年建,https://cs.esf.fang.com/chushou/3_155375267.htm
2792,长沙,东塘-曙光中路368号,130㎡,低层（共8层）,恒达时代花园,105万,湖南,3室2厅,南北向,8077元/㎡,1999年建,https://cs.esf.fang.com/chushou/3_155412686.htm
2793,长沙,东塘-曙光中路368号,130㎡,低层（共8层）,恒达时代花园,105万,湖南,3室2厅,南北向,8077元/㎡,1999年建,https://cs.esf.fang.com/chushou/3_155412686.htm
2794,长沙,麓谷-岳麓大道与旺龙路交汇处往西200米,101㎡,中层（共34层）,金地中交麓谷香颂,95.23万,湖南,3室2厅,南北向,9429元/㎡,2019年建,https://cs.esf.fang.com/chushou/3_155553618.htm
2795,长沙,麓谷-岳麓大道与旺龙路交汇处往西200米,101㎡,中层（共34层）,金地中交麓谷香颂,95.23万,湖南,3室2厅,南北向,9429元/㎡,2019年建,https://cs.esf.fang.com/chushou/3_155553618.htm
2796,长沙,东塘-长沙市韶山北路370—388号,78㎡,中层（共7层）,湘农桥社区,108万,湖南,2室2厅,南北向,13846元/㎡,1999年建,https://cs.esf.fang.com/chushou/3_155563473.htm
2797,长沙,东塘-长沙市韶山北路370—388号,78㎡,中层（共7层）,湘农桥社区,108万,湖南,2室2厅,南北向,13846元/㎡,1999年建,https://cs.esf.fang.com/chushou/3_155563473.htm
2798,长沙,市政府-岳麓区杜鹃路与观沙路交界处西北角,152.77㎡,高层（共6层）,八方小区,358万,湖南,4室2厅,南北向,23434元/㎡,2008年建,https://cs.esf.fang.com/chushou/3_155543702.htm
2799,长沙,市政府-岳麓区杜鹃路与观沙路交界处西北角,152.77㎡,高层（共6层）,八方小区,358万,湖南,4室2厅,南北向,23434元/㎡,2008年建,https://cs.esf.fang.com/chushou/3_155543702.htm
2800,长沙,市政府-佑母塘路799号(金星大道长郡中学新校区北侧,83㎡,中层（共33层）,钰龙天下,172万,湖南,2室2厅,南向,20723元/㎡,2013年建,https://cs.esf.fang.com/chushou/3_154618045.htm
2801,长沙,市政府-佑母塘路799号(金星大道长郡中学新校区北侧,83㎡,中层（共33层）,钰龙天下,172万,湖南,2室2厅,南向,20723元/㎡,2013年建,https://cs.esf.fang.com/chushou/3_154618045.htm
2802,长沙,金星北-金星北路与银星路交汇处东南角(玫瑰园公交站北,85㎡,高层（共33层）,时代倾城,74.8万,湖南,3室2厅,南北向,8800元/㎡,2019年建,https://cs.esf.fang.com/chushou/3_155576825.htm
2803,长沙,金星北-金星北路与银星路交汇处东南角(玫瑰园公交站北,85㎡,高层（共33层）,时代倾城,74.8万,湖南,3室2厅,南北向,8800元/㎡,2019年建,https://cs.esf.fang.com/chushou/3_155576825.htm
2804,长沙,雷锋大道-时代年华雷锋大道与黄金大道交汇处东北角,83㎡,中层（共33层）,时代年华,68.9万,湖南,3室2厅,南北向,8301元/㎡,2019年建,https://cs.esf.fang.com/chushou/3_155661065.htm
2805,长沙,雷锋大道-时代年华雷锋大道与黄金大道交汇处东北角,83㎡,中层（共33层）,时代年华,68.9万,湖南,3室2厅,南北向,8301元/㎡,2019年建,https://cs.esf.fang.com/chushou/3_155661065.htm
2806,长沙,雨花亭-韶山中路448号,120㎡,高层（共33层）,融科三万英尺,135.5万,湖南,4室2厅,南北向,11292元/㎡,2007年建,https://cs.esf.fang.com/chushou/3_155542297.htm
2807,长沙,雨花亭-韶山中路448号,120㎡,高层（共33层）,融科三万英尺,135.5万,湖南,4室2厅,南北向,11292元/㎡,2007年建,https://cs.esf.fang.com/chushou/3_155542297.htm
2808,长沙,芙蓉区政府-荷花路与古曲中路交汇处东南角,115㎡,中层（共6层）,三和家园,95万,湖南,3室2厅,南北向,8261元/㎡,2010年建,https://cs.esf.fang.com/chushou/3_155291845.htm
2809,长沙,芙蓉区政府-荷花路与古曲中路交汇处东南角,115㎡,中层（共6层）,三和家园,95万,湖南,3室2厅,南北向,8261元/㎡,2010年建,https://cs.esf.fang.com/chushou/3_155291845.htm
2810,长沙,万家丽北路-湘龙路与南塘路交汇处东南角(月湖公园向北18,118㎡,中层（共28层）,盛地尊域,107.8万,湖南,4室2厅,南北向,9136元/㎡,2013年建,https://cs.esf.fang.com/chushou/3_155119507.htm
2811,长沙,万家丽北路-湘龙路与南塘路交汇处东南角(月湖公园向北18,118㎡,中层（共28层）,盛地尊域,107.8万,湖南,4室2厅,南北向,9136元/㎡,2013年建,https://cs.esf.fang.com/chushou/3_155119507.htm
2812,长沙,武广新城-劳动路与花候路交叉口西北角(恒大绿洲附近),118㎡,中层（共40层）,明昇壹城,144.9万,湖南,3室2厅,南北向,12280元/㎡,2019年建,https://cs.esf.fang.com/chushou/3_155642061.htm
2813,长沙,武广新城-劳动路与花候路交叉口西北角(恒大绿洲附近),118㎡,中层（共40层）,明昇壹城,144.9万,湖南,3室2厅,南北向,12280元/㎡,2019年建,https://cs.esf.fang.com/chushou/3_155642061.htm
2814,长沙,普瑞大道-银星路999号(银星路与黄金大道交汇处东南角,95㎡,中层（共33层）,澳海澜庭,57万,湖南,3室2厅,南北向,6000元/㎡,2018年建,https://cs.esf.fang.com/chushou/3_155424012.htm
2815,长沙,普瑞大道-银星路999号(银星路与黄金大道交汇处东南角,95㎡,中层（共33层）,澳海澜庭,57万,湖南,3室2厅,南北向,6000元/㎡,2018年建,https://cs.esf.fang.com/chushou/3_155424012.htm
2816,长沙,金星北-金星北路与银星路交汇处东南角(玫瑰园公交站北,100㎡,中层（共32层）,时代倾城,86.8万,湖南,3室2厅,南向,8680元/㎡,2016年建,https://cs.esf.fang.com/chushou/3_155664815.htm
2817,长沙,金星北-金星北路与银星路交汇处东南角(玫瑰园公交站北,100㎡,中层（共32层）,时代倾城,86.8万,湖南,3室2厅,南向,8680元/㎡,2016年建,https://cs.esf.fang.com/chushou/3_155664815.htm
2818,长沙,暮云-韶山南路与万家丽路交汇处东南角(理工大学云塘,128.1㎡,低层（共24层）,丽发新城,125万,湖南,4室2厅,南北向,9758元/㎡,2012年建,https://cs.esf.fang.com/chushou/3_155586941.htm
2819,长沙,暮云-韶山南路与万家丽路交汇处东南角(理工大学云塘,128.1㎡,低层（共24层）,丽发新城,125万,湖南,4室2厅,南北向,9758元/㎡,2012年建,https://cs.esf.fang.com/chushou/3_155586941.htm
2820,长沙,侯家塘-曙光中路,127㎡,低层（共8层）,建委宿舍,103万,湖南,3室2厅,南北向,8110元/㎡,2000年建,https://cs.esf.fang.com/chushou/3_155473298.htm
2821,长沙,侯家塘-曙光中路,127㎡,低层（共8层）,建委宿舍,103万,湖南,3室2厅,南北向,8110元/㎡,2000年建,https://cs.esf.fang.com/chushou/3_155473298.htm
2822,长沙,开福区政府-长沙市开福区金泰路199号,123㎡,中层（共23层）,湘江世纪城,160万,湖南,3室2厅,南向,13008元/㎡,2011年建,https://cs.esf.fang.com/chushou/3_155670340.htm
2823,长沙,开福区政府-长沙市开福区金泰路199号,123㎡,中层（共23层）,湘江世纪城,160万,湖南,3室2厅,南向,13008元/㎡,2011年建,https://cs.esf.fang.com/chushou/3_155670340.htm
2824,长沙,溁湾镇-岳麓区河西荣湾镇新外滩旁,52.78㎡,高层（共6层）,望月湖小区,47万,湖南,2室1厅,南向,8905元/㎡,1996年建,https://cs.esf.fang.com/chushou/3_155156520.htm
2825,长沙,溁湾镇-岳麓区河西荣湾镇新外滩旁,52.78㎡,高层（共6层）,望月湖小区,47万,湖南,2室1厅,南向,8905元/㎡,1996年建,https://cs.esf.fang.com/chushou/3_155156520.htm
2826,长沙,开福区政府-长沙市开福区金泰路199号,144㎡,高层（共33层）,湘江世纪城,168万,湖南,3室2厅,南向,11667元/㎡,2011年建,https://cs.esf.fang.com/chushou/3_155514994.htm
2827,长沙,开福区政府-长沙市开福区金泰路199号,144㎡,高层（共33层）,湘江世纪城,168万,湖南,3室2厅,南向,11667元/㎡,2011年建,https://cs.esf.fang.com/chushou/3_155514994.htm
2828,长沙,泉塘-黄兴大道和远大二路交汇处西北角,136㎡,中层（共16层）,博雅湘水湾,103万,湖南,3室2厅,南北向,7574元/㎡,2011年建,https://cs.esf.fang.com/chushou/3_155418274.htm
2829,长沙,泉塘-黄兴大道和远大二路交汇处西北角,136㎡,中层（共16层）,博雅湘水湾,103万,湖南,3室2厅,南北向,7574元/㎡,2011年建,https://cs.esf.fang.com/chushou/3_155418274.htm
2830,长沙,武广新城-劳动路与花候路交叉口西北角(恒大绿洲附近),141㎡,中层（共49层）,明昇壹城,169万,湖南,4室2厅,南北向,11986元/㎡,2019年建,https://cs.esf.fang.com/chushou/3_155527593.htm
2831,长沙,武广新城-劳动路与花候路交叉口西北角(恒大绿洲附近),141㎡,中层（共49层）,明昇壹城,169万,湖南,4室2厅,南北向,11986元/㎡,2019年建,https://cs.esf.fang.com/chushou/3_155527593.htm
2832,长沙,开元路-东一路与棠坡路交汇处,108.7㎡,高层（共34层）,华润凤凰城二期,125万,湖南,3室2厅,南北向,11500元/㎡,2013年建,https://cs.esf.fang.com/chushou/3_155595251.htm
2833,长沙,开元路-东一路与棠坡路交汇处,108.7㎡,高层（共34层）,华润凤凰城二期,125万,湖南,3室2厅,南北向,11500元/㎡,2013年建,https://cs.esf.fang.com/chushou/3_155595251.htm
2834,长沙,星沙大道-湖南省长沙市长沙县星沙大道141号,118㎡,高层（共18层）,未来现代城,103万,湖南,3室2厅,南北向,8729元/㎡,2010年建,https://cs.esf.fang.com/chushou/3_154552896.htm
2835,长沙,星沙大道-湖南省长沙市长沙县星沙大道141号,118㎡,高层（共18层）,未来现代城,103万,湖南,3室2厅,南北向,8729元/㎡,2010年建,https://cs.esf.fang.com/chushou/3_154552896.htm
2836,长沙,雨花亭-韶山北路641号,43㎡,高层（共33层）,东塘瑞府,52万,湖南,1室1厅,南向,12093元/㎡,2013年建,https://cs.esf.fang.com/chushou/3_155550285.htm
2837,长沙,雨花亭-韶山北路641号,43㎡,高层（共33层）,东塘瑞府,52万,湖南,1室1厅,南向,12093元/㎡,2013年建,https://cs.esf.fang.com/chushou/3_155550285.htm
2838,长沙,红星-万家丽路与木莲路交汇处(圭塘河西岸),140㎡,高层（共32层）,清溪川九号,160万,湖南,4室2厅,南北向,11429元/㎡,2015年建,https://cs.esf.fang.com/chushou/3_155532398.htm
2839,长沙,红星-万家丽路与木莲路交汇处(圭塘河西岸),140㎡,高层（共32层）,清溪川九号,160万,湖南,4室2厅,南北向,11429元/㎡,2015年建,https://cs.esf.fang.com/chushou/3_155532398.htm
2840,长沙,梅溪湖-梅溪湖映日路以东雪松路以北,100㎡,低层（共28层）,建发央著,150万,湖南,3室2厅,南北向,15000元/㎡,2019年建,https://cs.esf.fang.com/chushou/3_155524543.htm
2841,长沙,梅溪湖-梅溪湖映日路以东雪松路以北,100㎡,低层（共28层）,建发央著,150万,湖南,3室2厅,南北向,15000元/㎡,2019年建,https://cs.esf.fang.com/chushou/3_155524543.htm
2842,长沙,金星北-金星北路与银星路交汇处东南角(玫瑰园公交站北,97㎡,中层（共32层）,时代倾城,83.2万,湖南,3室2厅,东南向,8577元/㎡,2019年建,https://cs.esf.fang.com/chushou/3_155478969.htm
2843,长沙,金星北-金星北路与银星路交汇处东南角(玫瑰园公交站北,97㎡,中层（共32层）,时代倾城,83.2万,湖南,3室2厅,东南向,8577元/㎡,2019年建,https://cs.esf.fang.com/chushou/3_155478969.htm
2844,常宁,西外环路-西外环与衡州大道立交桥处,133.11㎡,中层（共8层）,金雁翔龙,59万,湖南,3室2厅,南北向,4432元/㎡,2010年建,https://hengyang.esf.fang.com/chushou/3_175858851.htm
2845,常宁,西外环路-西外环与衡州大道立交桥处,133.11㎡,中层（共8层）,金雁翔龙,59万,湖南,3室2厅,南北向,4432元/㎡,2010年建,https://hengyang.esf.fang.com/chushou/3_175858851.htm
2846,长沙,开元路-星沙开元东路与东四线交汇处西南角(易初莲花向,46.5㎡,高层（共33层）,东方航标,38万,湖南,1室1厅,南北向,8172元/㎡,2008年建,https://cs.esf.fang.com/chushou/3_155593237.htm
2847,长沙,开元路-星沙开元东路与东四线交汇处西南角(易初莲花向,46.5㎡,高层（共33层）,东方航标,38万,湖南,1室1厅,南北向,8172元/㎡,2008年建,https://cs.esf.fang.com/chushou/3_155593237.htm
2848,长沙,银盆岭-岳麓大道与潇湘大道交汇处西南角(银盆岭大桥西,136㎡,低层（共45层）,保利西海岸,196.8万,湖南,4室2厅,南北向,14471元/㎡,2014年建,https://cs.esf.fang.com/chushou/3_155692253.htm
2849,长沙,银盆岭-岳麓大道与潇湘大道交汇处西南角(银盆岭大桥西,136㎡,低层（共45层）,保利西海岸,196.8万,湖南,4室2厅,南北向,14471元/㎡,2014年建,https://cs.esf.fang.com/chushou/3_155692253.htm
2850,长沙,开福区政府-长沙市开福区金泰路199号,119㎡,低层（共33层）,湘江世纪城,145万,湖南,3室2厅,南向,12185元/㎡,2011年建,https://cs.esf.fang.com/chushou/3_155564528.htm
2851,长沙,开福区政府-长沙市开福区金泰路199号,119㎡,低层（共33层）,湘江世纪城,145万,湖南,3室2厅,南向,12185元/㎡,2011年建,https://cs.esf.fang.com/chushou/3_155564528.htm
2852,长沙,桐梓坡路-桐梓坡路421号,138㎡,中层（共11层）,沁园春御院,195万,湖南,3室2厅,南北向,14130元/㎡,2011年建,https://cs.esf.fang.com/chushou/3_155453884.htm
2853,长沙,桐梓坡路-桐梓坡路421号,138㎡,中层（共11层）,沁园春御院,195万,湖南,3室2厅,南北向,14130元/㎡,2011年建,https://cs.esf.fang.com/chushou/3_155453884.htm
2854,长沙,赤岗冲-曙光中路525号,120㎡,高层（共7层）,泰时花园,84万,湖南,3室2厅,南向,7000元/㎡,2000年建,https://cs.esf.fang.com/chushou/3_155545386.htm
2855,长沙,赤岗冲-曙光中路525号,120㎡,高层（共7层）,泰时花园,84万,湖南,3室2厅,南向,7000元/㎡,2000年建,https://cs.esf.fang.com/chushou/3_155545386.htm
2856,常宁,华新开发区-华新开发区太阳广场边,164㎡,高层（共7层）,三化馨园,65.8万,湖南,5室2厅,南北向,4012元/㎡,2010年建,https://hengyang.esf.fang.com/chushou/3_174574634.htm
2857,常宁,华新开发区-华新开发区太阳广场边,164㎡,高层（共7层）,三化馨园,65.8万,湖南,5室2厅,南北向,4012元/㎡,2010年建,https://hengyang.esf.fang.com/chushou/3_174574634.htm
2858,常宁,蒸湘南路-衡阳市蒸湘区外环路40号,72㎡,中层（共9层）,中天星城·万联阁,29.8万,湖南,2室2厅,南向,4139元/㎡,2009年建,https://hengyang.esf.fang.com/chushou/3_174706575.htm
2859,常宁,蒸湘南路-衡阳市蒸湘区外环路40号,72㎡,中层（共9层）,中天星城·万联阁,29.8万,湖南,2室2厅,南向,4139元/㎡,2009年建,https://hengyang.esf.fang.com/chushou/3_174706575.htm
2860,常宁,蒸湘南路-华新祝融路57号(蒸水风光带),160㎡,低层（共24层）,衡府,105万,湖南,4室2厅,南北向,6562元/㎡,2010年建,https://hengyang.esf.fang.com/chushou/3_169679519.htm
2861,常宁,蒸湘南路-华新祝融路57号(蒸水风光带),160㎡,低层（共24层）,衡府,105万,湖南,4室2厅,南北向,6562元/㎡,2010年建,https://hengyang.esf.fang.com/chushou/3_169679519.htm
2862,常宁,白沙洲-黄白路32号,120.9㎡,中层（共31层）,金钟.时代城,70万,湖南,3室2厅,南北向,5790元/㎡,2014年建,https://hengyang.esf.fang.com/chushou/3_171341183.htm
2863,常宁,白沙洲-黄白路32号,120.9㎡,中层（共31层）,金钟.时代城,70万,湖南,3室2厅,南北向,5790元/㎡,2014年建,https://hengyang.esf.fang.com/chushou/3_171341183.htm
2864,常宁,立新开发区-船山大道立新开发区,125㎡,高层（共8层）,立新开发区,36.8万,湖南,3室2厅,南向,2944元/㎡,,https://hengyang.esf.fang.com/chushou/3_173891609.htm
2865,常宁,立新开发区-船山大道立新开发区,125㎡,高层（共8层）,立新开发区,36.8万,湖南,3室2厅,南向,2944元/㎡,,https://hengyang.esf.fang.com/chushou/3_173891609.htm
2866,常宁,湘江南路-蒸湘南路,120㎡,低层（共30层）,金钟大悦城,61万,湖南,4室2厅,南北向,5083元/㎡,2015年建,https://hengyang.esf.fang.com/chushou/3_174932351.htm
2867,常宁,湘江南路-蒸湘南路,120㎡,低层（共30层）,金钟大悦城,61万,湖南,4室2厅,南北向,5083元/㎡,2015年建,https://hengyang.esf.fang.com/chushou/3_174932351.htm
2868,长沙,梅溪湖-步步高梅溪新天地南侧,121㎡,中层（共34层）,梦想新天地,131万,湖南,3室2厅,南向,10826元/㎡,2019年建,https://cs.esf.fang.com/chushou/3_155585975.htm
2869,长沙,梅溪湖-步步高梅溪新天地南侧,121㎡,中层（共34层）,梦想新天地,131万,湖南,3室2厅,南向,10826元/㎡,2019年建,https://cs.esf.fang.com/chushou/3_155585975.htm
2870,长沙,浦沅-韶山路中南铁道学院北竹塘西路180号,126.9㎡,低层（共30层）,天鸿天府,147万,湖南,3室2厅,南北向,11584元/㎡,2018年建,https://cs.esf.fang.com/chushou/3_155586833.htm
2871,长沙,浦沅-韶山路中南铁道学院北竹塘西路180号,126.9㎡,低层（共30层）,天鸿天府,147万,湖南,3室2厅,南北向,11584元/㎡,2018年建,https://cs.esf.fang.com/chushou/3_155586833.htm
2872,长沙,赤岗冲-左家塘阿弥岭路,127㎡,高层（共7层）,天韵家园,93万,湖南,3室2厅,南北向,7323元/㎡,2004年建,https://cs.esf.fang.com/chushou/3_155474775.htm
2873,长沙,赤岗冲-左家塘阿弥岭路,127㎡,高层（共7层）,天韵家园,93万,湖南,3室2厅,南北向,7323元/㎡,2004年建,https://cs.esf.fang.com/chushou/3_155474775.htm
2874,长沙,麓谷-岳麓区桐梓坡西路408号,29㎡,中层（共32层）,保利麓谷林语,27万,湖南,1室2厅,南向,9310元/㎡,2019年建,https://cs.esf.fang.com/chushou/3_155693877.htm
2875,长沙,麓谷-岳麓区桐梓坡西路408号,29㎡,中层（共32层）,保利麓谷林语,27万,湖南,1室2厅,南向,9310元/㎡,2019年建,https://cs.esf.fang.com/chushou/3_155693877.htm
2876,长沙,雷锋大道-湘江新区雷锋大道与月亮岛路交汇处西行800米,115㎡,中层（共32层）,光明碧桂园培文府,92万,湖南,3室2厅,南向,8000元/㎡,2019年建,https://cs.esf.fang.com/chushou/3_155538377.htm
2877,长沙,雷锋大道-湘江新区雷锋大道与月亮岛路交汇处西行800米,115㎡,中层（共32层）,光明碧桂园培文府,92万,湖南,3室2厅,南向,8000元/㎡,2019年建,https://cs.esf.fang.com/chushou/3_155538377.htm
2878,常宁,蒸湘南路-蒸湘区,189㎡,高层（共31层）,香江城市花园,140万,湖南,4室2厅,南向,7407元/㎡,,https://hengyang.esf.fang.com/chushou/3_175703218.htm
2879,常宁,蒸湘南路-蒸湘区,189㎡,高层（共31层）,香江城市花园,140万,湖南,4室2厅,南向,7407元/㎡,,https://hengyang.esf.fang.com/chushou/3_175703218.htm
2880,常宁,华新开发区-红湘南路10号(解放路和红湘路交汇处),113.5㎡,中层（共30层）,中泰峰境,95万,湖南,3室2厅,南向,8370元/㎡,2013年建,https://hengyang.esf.fang.com/chushou/3_171732423.htm
2881,常宁,华新开发区-红湘南路10号(解放路和红湘路交汇处),113.5㎡,中层（共30层）,中泰峰境,95万,湖南,3室2厅,南向,8370元/㎡,2013年建,https://hengyang.esf.fang.com/chushou/3_171732423.htm
2882,常宁,解放西路-华新开发区,98㎡,低层（共8层）,M国际楼盘,49.8万,湖南,3室2厅,南向,5082元/㎡,2010年建,https://hengyang.esf.fang.com/chushou/3_175433038.htm
2883,常宁,解放西路-华新开发区,98㎡,低层（共8层）,M国际楼盘,49.8万,湖南,3室2厅,南向,5082元/㎡,2010年建,https://hengyang.esf.fang.com/chushou/3_175433038.htm
2884,常宁,西外环路-幸福路58号,144㎡,中层（共32层）,创发城1938,84万,湖南,4室2厅,南北向,5833元/㎡,2015年建,https://hengyang.esf.fang.com/chushou/3_174931768.htm
2885,常宁,西外环路-幸福路58号,144㎡,中层（共32层）,创发城1938,84万,湖南,4室2厅,南北向,5833元/㎡,2015年建,https://hengyang.esf.fang.com/chushou/3_174931768.htm
2886,常宁,立新开发区-红湘北路,110㎡,高层（共31层）,香格里拉,65.8万,湖南,3室2厅,南北向,5982元/㎡,2014年建,https://hengyang.esf.fang.com/chushou/3_174789256.htm
2887,常宁,立新开发区-红湘北路,110㎡,高层（共31层）,香格里拉,65.8万,湖南,3室2厅,南北向,5982元/㎡,2014年建,https://hengyang.esf.fang.com/chushou/3_174789256.htm
2888,常宁,回雁峰-衡阳市湘江南路(市五中旁),204㎡,高层（共32层）,云沙诗意,125万,湖南,5室2厅,南北向,6127元/㎡,2012年建,https://hengyang.esf.fang.com/chushou/3_174296579.htm
2889,常宁,回雁峰-衡阳市湘江南路(市五中旁),204㎡,高层（共32层）,云沙诗意,125万,湖南,5室2厅,南北向,6127元/㎡,2012年建,https://hengyang.esf.fang.com/chushou/3_174296579.htm
2890,长沙,武广新城-雨花区体育新城古曲路188号,175㎡,高层（共16层）,中隆国际御玺,195.6万,湖南,4室2厅,南北向,11177元/㎡,2009年建,https://cs.esf.fang.com/chushou/3_155532565.htm
2891,长沙,武广新城-雨花区体育新城古曲路188号,175㎡,高层（共16层）,中隆国际御玺,195.6万,湖南,4室2厅,南北向,11177元/㎡,2009年建,https://cs.esf.fang.com/chushou/3_155532565.htm
2892,长沙,雷锋大道-湘江新区雷锋大道与月亮岛路交汇处西行800米,115㎡,低层（共33层）,光明碧桂园培文府,88万,湖南,3室2厅,南北向,7652元/㎡,2019年建,https://cs.esf.fang.com/chushou/3_155550346.htm
2893,长沙,雷锋大道-湘江新区雷锋大道与月亮岛路交汇处西行800米,115㎡,低层（共33层）,光明碧桂园培文府,88万,湖南,3室2厅,南北向,7652元/㎡,2019年建,https://cs.esf.fang.com/chushou/3_155550346.htm
2894,长沙,赤岗冲-天韵家园左家塘阿弥岭路,103㎡,高层（共7层）,天韵家园,68万,湖南,3室2厅,南北向,6602元/㎡,2004年建,https://cs.esf.fang.com/chushou/3_155695861.htm
2895,长沙,赤岗冲-天韵家园左家塘阿弥岭路,103㎡,高层（共7层）,天韵家园,68万,湖南,3室2厅,南北向,6602元/㎡,2004年建,https://cs.esf.fang.com/chushou/3_155695861.htm
2896,长沙,市政府-恒大华府金星北路二段89号,135.7㎡,中层（共18层）,恒大华府,240万,湖南,3室2厅,南北向,17686元/㎡,2010年建,https://cs.esf.fang.com/chushou/3_155890956.htm
2897,长沙,市政府-恒大华府金星北路二段89号,135.7㎡,中层（共18层）,恒大华府,240万,湖南,3室2厅,南北向,17686元/㎡,2010年建,https://cs.esf.fang.com/chushou/3_155890956.htm
2898,长沙,暮云-长沙县芙蓉南路四段977号,181㎡,高层（共18层）,和美星城,150万,湖南,4室3厅,南北向,8287元/㎡,2013年建,https://cs.esf.fang.com/chushou/3_155518991.htm
2899,长沙,暮云-长沙县芙蓉南路四段977号,181㎡,高层（共18层）,和美星城,150万,湖南,4室3厅,南北向,8287元/㎡,2013年建,https://cs.esf.fang.com/chushou/3_155518991.htm
2900,常宁,西外环路-衡阳市华新开发区解放大道林隐对面,172㎡,高层（共13层）,俊景花园,93.8万,湖南,4室2厅,南向,5453元/㎡,2010年建,https://hengyang.esf.fang.com/chushou/3_175539621.htm
2901,常宁,西外环路-衡阳市华新开发区解放大道林隐对面,172㎡,高层（共13层）,俊景花园,93.8万,湖南,4室2厅,南向,5453元/㎡,2010年建,https://hengyang.esf.fang.com/chushou/3_175539621.htm
2902,常宁,白沙洲-衡阳市八中往南300米(原棉纺厂),115㎡,中层（共30层）,金钟·时代城,70万,湖南,3室2厅,南北向,6087元/㎡,2014年建,https://hengyang.esf.fang.com/chushou/3_174298203.htm
2903,常宁,白沙洲-衡阳市八中往南300米(原棉纺厂),115㎡,中层（共30层）,金钟·时代城,70万,湖南,3室2厅,南北向,6087元/㎡,2014年建,https://hengyang.esf.fang.com/chushou/3_174298203.htm
2904,常宁,西外环路-光辉街,118㎡,中层（共32层）,金钟府,77万,湖南,4室2厅,南北向,6525元/㎡,2015年建,https://hengyang.esf.fang.com/chushou/3_174932036.htm
2905,常宁,西外环路-光辉街,118㎡,中层（共32层）,金钟府,77万,湖南,4室2厅,南北向,6525元/㎡,2015年建,https://hengyang.esf.fang.com/chushou/3_174932036.htm
2906,常宁,华新开发区-衡阳市蒸湘区蒸水西路一号(华新汽车站斜对面),106㎡,中层（共18层）,愉景新城,69.8万,湖南,3室2厅,南向,6585元/㎡,2016年建,https://hengyang.esf.fang.com/chushou/3_175838074.htm
2907,常宁,华新开发区-衡阳市蒸湘区蒸水西路一号(华新汽车站斜对面),106㎡,中层（共18层）,愉景新城,69.8万,湖南,3室2厅,南向,6585元/㎡,2016年建,https://hengyang.esf.fang.com/chushou/3_175838074.htm
2908,常宁,华新开发区-衡阳市蒸湘区蒸水西路一号(华新汽车站斜对面),126㎡,高层（共32层）,愉景新城,67.8万,湖南,3室2厅,南北向,5381元/㎡,2016年建,https://hengyang.esf.fang.com/chushou/3_174568710.htm
2909,常宁,华新开发区-衡阳市蒸湘区蒸水西路一号(华新汽车站斜对面),126㎡,高层（共32层）,愉景新城,67.8万,湖南,3室2厅,南北向,5381元/㎡,2016年建,https://hengyang.esf.fang.com/chushou/3_174568710.htm
2910,常宁,西外环路-西外环与衡州大道立交桥处,97㎡,高层（共27层）,金雁翔龙,45万,湖南,2室1厅,南向,4639元/㎡,,https://hengyang.esf.fang.com/chushou/3_174419376.htm
2911,常宁,西外环路-西外环与衡州大道立交桥处,97㎡,高层（共27层）,金雁翔龙,45万,湖南,2室1厅,南向,4639元/㎡,,https://hengyang.esf.fang.com/chushou/3_174419376.htm
2912,长沙,麓谷-岳麓区岳华路,113.6㎡,中层（共18层）,鸣沙苑,108.8万,湖南,3室2厅,南向,9577元/㎡,2012年建,https://cs.esf.fang.com/chushou/3_155558225.htm
2913,长沙,麓谷-岳麓区岳华路,113.6㎡,中层（共18层）,鸣沙苑,108.8万,湖南,3室2厅,南向,9577元/㎡,2012年建,https://cs.esf.fang.com/chushou/3_155558225.htm
2914,长沙,晚报大道-东二环线与火炬路交汇处东北角,79㎡,中层（共28层）,上东莱克辛顿,83.6万,湖南,2室2厅,南向,10582元/㎡,2010年建,https://cs.esf.fang.com/chushou/3_155329739.htm
2915,长沙,晚报大道-东二环线与火炬路交汇处东北角,79㎡,中层（共28层）,上东莱克辛顿,83.6万,湖南,2室2厅,南向,10582元/㎡,2010年建,https://cs.esf.fang.com/chushou/3_155329739.htm
2916,长沙,板仓路-星沙镇凉塘路210号,132㎡,中层（共6层）,欣安小区,85万,湖南,3室2厅,南北向,6439元/㎡,2011年建,https://cs.esf.fang.com/chushou/3_155615344.htm
2917,长沙,板仓路-星沙镇凉塘路210号,132㎡,中层（共6层）,欣安小区,85万,湖南,3室2厅,南北向,6439元/㎡,2011年建,https://cs.esf.fang.com/chushou/3_155615344.htm
2918,长沙,金星北-CROSS尚公馆河西金星北路与普瑞大道交叉口,85㎡,高层（共30层）,CROSS尚公馆,71.8万,湖南,3室2厅,南向,8447元/㎡,2014年建,https://cs.esf.fang.com/chushou/3_155918562.htm
2919,长沙,金星北-CROSS尚公馆河西金星北路与普瑞大道交叉口,85㎡,高层（共30层）,CROSS尚公馆,71.8万,湖南,3室2厅,南向,8447元/㎡,2014年建,https://cs.esf.fang.com/chushou/3_155918562.htm
2920,长沙,银盆岭-岳麓大道与潇湘大道交汇处西南角(银盆岭大桥西,92.9㎡,低层（共44层）,保利西海岸,145万,湖南,3室2厅,南向,15608元/㎡,2012年建,https://cs.esf.fang.com/chushou/3_155692508.htm
2921,长沙,银盆岭-岳麓大道与潇湘大道交汇处西南角(银盆岭大桥西,92.9㎡,低层（共44层）,保利西海岸,145万,湖南,3室2厅,南向,15608元/㎡,2012年建,https://cs.esf.fang.com/chushou/3_155692508.htm
2922,长沙,汽车西站-宜居莱茵城湖南省长沙市岳麓区雷锋大道36号(,125㎡,中层（共32层）,宜居莱茵城,142.8万,湖南,3室2厅,南向,11424元/㎡,2014年建,https://cs.esf.fang.com/chushou/3_155670323.htm
2923,长沙,汽车西站-宜居莱茵城湖南省长沙市岳麓区雷锋大道36号(,125㎡,中层（共32层）,宜居莱茵城,142.8万,湖南,3室2厅,南向,11424元/㎡,2014年建,https://cs.esf.fang.com/chushou/3_155670323.htm
2924,常宁,华新开发区-衡阳市蒸湘区延安路36号,109㎡,低层（共18层）,愉景湾东域,84.8万,湖南,3室2厅,东南向,7780元/㎡,2012年建,https://hengyang.esf.fang.com/chushou/3_174750907.htm
2925,常宁,华新开发区-衡阳市蒸湘区延安路36号,109㎡,低层（共18层）,愉景湾东域,84.8万,湖南,3室2厅,东南向,7780元/㎡,2012年建,https://hengyang.esf.fang.com/chushou/3_174750907.htm
2926,常宁,西外环路-幸福路58号,133㎡,低层（共32层）,创发城1938,82万,湖南,4室2厅,南向,6165元/㎡,2018年建,https://hengyang.esf.fang.com/chushou/3_174992083.htm
2927,常宁,西外环路-幸福路58号,133㎡,低层（共32层）,创发城1938,82万,湖南,4室2厅,南向,6165元/㎡,2018年建,https://hengyang.esf.fang.com/chushou/3_174992083.htm
2928,常宁,解放西路-蒸湘区解放路,120㎡,低层（共7层）,总工会家属房,37.8万,湖南,3室2厅,南北向,3150元/㎡,2003年建,https://hengyang.esf.fang.com/chushou/3_173343237.htm
2929,常宁,解放西路-蒸湘区解放路,120㎡,低层（共7层）,总工会家属房,37.8万,湖南,3室2厅,南北向,3150元/㎡,2003年建,https://hengyang.esf.fang.com/chushou/3_173343237.htm
2930,常宁,华新开发区-华新区解放大道42号(生态公园对面),87㎡,低层（共18层）,尚书房,61.8万,湖南,2室2厅,南向,7103元/㎡,,https://hengyang.esf.fang.com/chushou/3_173417543.htm
2931,常宁,华新开发区-华新区解放大道42号(生态公园对面),87㎡,低层（共18层）,尚书房,61.8万,湖南,2室2厅,南向,7103元/㎡,,https://hengyang.esf.fang.com/chushou/3_173417543.htm
2932,常宁,湘江南路-蒸阳南路69号,129㎡,低层（共32层）,德源翡翠滨江,82万,湖南,3室2厅,南北向,6357元/㎡,2017年建,https://hengyang.esf.fang.com/chushou/3_174934803.htm
2933,常宁,湘江南路-蒸阳南路69号,129㎡,低层（共32层）,德源翡翠滨江,82万,湖南,3室2厅,南北向,6357元/㎡,2017年建,https://hengyang.esf.fang.com/chushou/3_174934803.htm
2934,常宁,华新开发区中心-华新开发区-华新开发区中心-温家台社区,160.86㎡,中层（共9层）,温家台社区,58.8万,湖南,4室2厅,南北向,3655元/㎡,2008年建,https://hengyang.esf.fang.com/chushou/3_175866838.htm
2935,常宁,华新开发区中心-华新开发区-华新开发区中心-温家台社区,160.86㎡,中层（共9层）,温家台社区,58.8万,湖南,4室2厅,南北向,3655元/㎡,2008年建,https://hengyang.esf.fang.com/chushou/3_175866838.htm
2936,常宁,蒸湘区政府-蒸湘区立新大道与长湖街交汇处,140㎡,中层（共6层）,鸿都英伦首府,88.8万,湖南,4室2厅,南向,6343元/㎡,2015年建,https://hengyang.esf.fang.com/chushou/3_175745789.htm
2937,常宁,蒸湘区政府-蒸湘区立新大道与长湖街交汇处,140㎡,中层（共6层）,鸿都英伦首府,88.8万,湖南,4室2厅,南向,6343元/㎡,2015年建,https://hengyang.esf.fang.com/chushou/3_175745789.htm
2938,常宁,西外环路-幸福路58号,110㎡,低层（共33层）,创发城1938,70万,湖南,3室2厅,南向,6364元/㎡,2018年建,https://hengyang.esf.fang.com/chushou/3_174936416.htm
2939,常宁,西外环路-幸福路58号,110㎡,低层（共33层）,创发城1938,70万,湖南,3室2厅,南向,6364元/㎡,2018年建,https://hengyang.esf.fang.com/chushou/3_174936416.htm
2940,常宁,华新开发区-蒸湘高新技术开发区52号街区,104㎡,中层（共30层）,银泰红城二手房,70.8万,湖南,3室2厅,南向,6808元/㎡,2014年建,https://hengyang.esf.fang.com/chushou/3_175673409.htm
2941,常宁,华新开发区-蒸湘高新技术开发区52号街区,104㎡,中层（共30层）,银泰红城二手房,70.8万,湖南,3室2厅,南向,6808元/㎡,2014年建,https://hengyang.esf.fang.com/chushou/3_175673409.htm
2942,常宁,华新开发区-华新开发区白云路68号(新一中旁),128㎡,低层（共18层）,山水华庭,96万,湖南,3室2厅,南北向,7500元/㎡,2013年建,https://hengyang.esf.fang.com/chushou/3_174750736.htm
2943,常宁,华新开发区-华新开发区白云路68号(新一中旁),128㎡,低层（共18层）,山水华庭,96万,湖南,3室2厅,南北向,7500元/㎡,2013年建,https://hengyang.esf.fang.com/chushou/3_174750736.htm
2944,常宁,蒸阳北路-华源支路6号(雅士林大桥北),57㎡,低层（共30层）,雅士林欣城江岳府,42.8万,湖南,2室1厅,东西向,7509元/㎡,2013年建,https://hengyang.esf.fang.com/chushou/3_175784197.htm
2945,常宁,蒸阳北路-华源支路6号(雅士林大桥北),57㎡,低层（共30层）,雅士林欣城江岳府,42.8万,湖南,2室1厅,东西向,7509元/㎡,2013年建,https://hengyang.esf.fang.com/chushou/3_175784197.htm
2946,常宁,华新开发区-高新开发区华新大道56号(市一中斜对面),115㎡,中层（共7层）,珠江棕榈园,86万,湖南,4室2厅,南北向,7478元/㎡,2015年建,https://hengyang.esf.fang.com/chushou/3_175783299.htm
2947,常宁,华新开发区-高新开发区华新大道56号(市一中斜对面),115㎡,中层（共7层）,珠江棕榈园,86万,湖南,4室2厅,南北向,7478元/㎡,2015年建,https://hengyang.esf.fang.com/chushou/3_175783299.htm
2948,常宁,东风路-珠晖-东风路-东方名居,101㎡,中层（共12层）,东方名居,49.8万,湖南,3室2厅,东向,4931元/㎡,2008年建,https://hengyang.esf.fang.com/chushou/3_175333139.htm
2949,常宁,东风路-珠晖-东风路-东方名居,101㎡,中层（共12层）,东方名居,49.8万,湖南,3室2厅,东向,4931元/㎡,2008年建,https://hengyang.esf.fang.com/chushou/3_175333139.htm
2950,常宁,立新开发区-红湘北路,130㎡,中层（共9层）,香格里拉,49.8万,湖南,3室2厅,南北向,3831元/㎡,2012年建,https://hengyang.esf.fang.com/chushou/3_175608499.htm
2951,常宁,立新开发区-红湘北路,130㎡,中层（共9层）,香格里拉,49.8万,湖南,3室2厅,南北向,3831元/㎡,2012年建,https://hengyang.esf.fang.com/chushou/3_175608499.htm
2952,常宁,华新开发区-华新开发区长丰大道48号(曲园酒楼斜对面),107㎡,中层（共30层）,锦绣湘城,79.8万,湖南,3室2厅,南北向,7458元/㎡,2012年建,https://hengyang.esf.fang.com/chushou/3_175783398.htm
2953,常宁,华新开发区-华新开发区长丰大道48号(曲园酒楼斜对面),107㎡,中层（共30层）,锦绣湘城,79.8万,湖南,3室2厅,南北向,7458元/㎡,2012年建,https://hengyang.esf.fang.com/chushou/3_175783398.htm
2954,常宁,华新开发区-华新开发区38号街区07号地,156㎡,高层（共22层）,锦绣华府,85万,湖南,4室2厅,南北向,5449元/㎡,2013年建,https://hengyang.esf.fang.com/chushou/3_174720787.htm
2955,常宁,华新开发区-华新开发区38号街区07号地,156㎡,高层（共22层）,锦绣华府,85万,湖南,4室2厅,南北向,5449元/㎡,2013年建,https://hengyang.esf.fang.com/chushou/3_174720787.htm
2956,常宁,华新开发区-衡阳市蒸湘区蒸水西路一号(华新汽车站斜对面),107㎡,中层（共18层）,愉景新城,69.8万,湖南,3室2厅,南北向,6523元/㎡,2016年建,https://hengyang.esf.fang.com/chushou/3_172101314.htm
2957,常宁,华新开发区-衡阳市蒸湘区蒸水西路一号(华新汽车站斜对面),107㎡,中层（共18层）,愉景新城,69.8万,湖南,3室2厅,南北向,6523元/㎡,2016年建,https://hengyang.esf.fang.com/chushou/3_172101314.htm
2958,常宁,华新车站-西二环,92㎡,中层（共32层）,拓新.阳光新城,69.8万,湖南,2室2厅,北向,7587元/㎡,2015年建,https://hengyang.esf.fang.com/chushou/3_175411989.htm
2959,常宁,华新车站-西二环,92㎡,中层（共32层）,拓新.阳光新城,69.8万,湖南,2室2厅,北向,7587元/㎡,2015年建,https://hengyang.esf.fang.com/chushou/3_175411989.htm
2960,常宁,湘江南路-衡常路10号,91㎡,低层（共32层）,山水天城,49万,湖南,3室2厅,南向,5385元/㎡,2015年建,https://hengyang.esf.fang.com/chushou/3_174932142.htm
2961,常宁,湘江南路-衡常路10号,91㎡,低层（共32层）,山水天城,49万,湖南,3室2厅,南向,5385元/㎡,2015年建,https://hengyang.esf.fang.com/chushou/3_174932142.htm
2962,常宁,蒸湘南路-蒸湘-蒸湘南路-八角亭小区,96㎡,低层（共7层）,八角亭小区,28.8万,湖南,3室2厅,南北向,3000元/㎡,1990年建,https://hengyang.esf.fang.com/chushou/3_174876872.htm
2963,常宁,蒸湘南路-蒸湘-蒸湘南路-八角亭小区,96㎡,低层（共7层）,八角亭小区,28.8万,湖南,3室2厅,南北向,3000元/㎡,1990年建,https://hengyang.esf.fang.com/chushou/3_174876872.htm
2964,常宁,不限-西合路,98㎡,高层（共31层）,合胜广场华府,68万,湖南,3室2厅,南北向,6939元/㎡,,https://hengyang.esf.fang.com/chushou/3_174381294.htm
2965,常宁,不限-西合路,98㎡,高层（共31层）,合胜广场华府,68万,湖南,3室2厅,南北向,6939元/㎡,,https://hengyang.esf.fang.com/chushou/3_174381294.htm
2966,常宁,白沙洲-南郊大道,125㎡,高层（共7层）,电缆小区,34.8万,湖南,3室2厅,南北向,2784元/㎡,,https://hengyang.esf.fang.com/chushou/3_172375015.htm
2967,常宁,白沙洲-南郊大道,125㎡,高层（共7层）,电缆小区,34.8万,湖南,3室2厅,南北向,2784元/㎡,,https://hengyang.esf.fang.com/chushou/3_172375015.htm
2968,常宁,蒸湘北路-易赖街12号,100㎡,中层（共7层）,金帆小区,38.8万,湖南,3室2厅,南北向,3880元/㎡,2005年建,https://hengyang.esf.fang.com/chushou/3_173417250.htm
2969,常宁,蒸湘北路-易赖街12号,100㎡,中层（共7层）,金帆小区,38.8万,湖南,3室2厅,南北向,3880元/㎡,2005年建,https://hengyang.esf.fang.com/chushou/3_173417250.htm
2970,常宁,白沙洲-衡阳市雁峰区白沙州,124㎡,中层（共7层）,玉景花苑,45万,湖南,3室2厅,南北向,3629元/㎡,,https://hengyang.esf.fang.com/chushou/3_172970550.htm
2971,常宁,白沙洲-衡阳市雁峰区白沙州,124㎡,中层（共7层）,玉景花苑,45万,湖南,3室2厅,南北向,3629元/㎡,,https://hengyang.esf.fang.com/chushou/3_172970550.htm
2972,常宁,华新开发区-高新开发区华新大道56号(市一中斜对面),102.01㎡,中层（共32层）,珠江棕榈园,69万,湖南,3室2厅,南北向,6764元/㎡,2015年建,https://hengyang.esf.fang.com/chushou/3_174273063.htm
2973,常宁,华新开发区-高新开发区华新大道56号(市一中斜对面),102.01㎡,中层（共32层）,珠江棕榈园,69万,湖南,3室2厅,南北向,6764元/㎡,2015年建,https://hengyang.esf.fang.com/chushou/3_174273063.htm
2974,常宁,蒸阳北路-华源支路6号(雅士林大桥北),140㎡,中层（共18层）,雅士林欣城,81.8万,湖南,3室2厅,南北向,5843元/㎡,2015年建,https://hengyang.esf.fang.com/chushou/3_174578710.htm
2975,常宁,蒸阳北路-华源支路6号(雅士林大桥北),140㎡,中层（共18层）,雅士林欣城,81.8万,湖南,3室2厅,南北向,5843元/㎡,2015年建,https://hengyang.esf.fang.com/chushou/3_174578710.htm
2976,常宁,蒸阳北路-石鼓区蒸阳路,71㎡,中层（共25层）,峰景国际,46.8万,湖南,2室2厅,南向,6592元/㎡,2010年建,https://hengyang.esf.fang.com/chushou/3_175888957.htm
2977,常宁,蒸阳北路-石鼓区蒸阳路,71㎡,中层（共25层）,峰景国际,46.8万,湖南,2室2厅,南向,6592元/㎡,2010年建,https://hengyang.esf.fang.com/chushou/3_175888957.htm
2978,常宁,白沙洲-南郊大道,50㎡,高层（共4层）,一纺机,15万,湖南,2室1厅,南北向,3000元/㎡,,https://hengyang.esf.fang.com/chushou/3_174315994.htm
2979,常宁,白沙洲-南郊大道,50㎡,高层（共4层）,一纺机,15万,湖南,2室1厅,南北向,3000元/㎡,,https://hengyang.esf.fang.com/chushou/3_174315994.htm
2980,常宁,华新开发区中心-华新开发区-华新开发区中心-金钟环球中心,52㎡,中层（共28层）,金钟环球中心,35万,湖南,1室1厅,东向,6731元/㎡,,https://hengyang.esf.fang.com/chushou/3_173198487.htm
2981,常宁,华新开发区中心-华新开发区-华新开发区中心-金钟环球中心,52㎡,中层（共28层）,金钟环球中心,35万,湖南,1室1厅,东向,6731元/㎡,,https://hengyang.esf.fang.com/chushou/3_173198487.htm
2982,常宁,华新开发区-衡阳市蒸湘区祝融路26号,113.33㎡,低层（共24层）,泰宇花园,79.8万,湖南,3室2厅,南向,7041元/㎡,2018年建,https://hengyang.esf.fang.com/chushou/3_174586623.htm
2983,常宁,华新开发区-衡阳市蒸湘区祝融路26号,113.33㎡,低层（共24层）,泰宇花园,79.8万,湖南,3室2厅,南向,7041元/㎡,2018年建,https://hengyang.esf.fang.com/chushou/3_174586623.htm
2984,常宁,解放西路-华新开发区,97.36㎡,中层（共31层）,M国际楼盘,48.8万,湖南,2室2厅,南向,5012元/㎡,,https://hengyang.esf.fang.com/chushou/3_174374439.htm
2985,常宁,解放西路-华新开发区,97.36㎡,中层（共31层）,M国际楼盘,48.8万,湖南,2室2厅,南向,5012元/㎡,,https://hengyang.esf.fang.com/chushou/3_174374439.htm
2986,常宁,立新开发区-红湘北路,84㎡,低层（共30层）,香格里拉,47.9万,湖南,2室2厅,南北向,5702元/㎡,2011年建,https://hengyang.esf.fang.com/chushou/3_175934333.htm
2987,常宁,立新开发区-红湘北路,84㎡,低层（共30层）,香格里拉,47.9万,湖南,2室2厅,南北向,5702元/㎡,2011年建,https://hengyang.esf.fang.com/chushou/3_175934333.htm
2988,常宁,华新开发区-衡阳市蒸湘区蒸水西路一号(华新汽车站斜对面),124㎡,高层（共32层）,愉景新城,76万,湖南,3室2厅,南北向,6129元/㎡,2016年建,https://hengyang.esf.fang.com/chushou/3_175977811.htm
2989,常宁,华新开发区-衡阳市蒸湘区蒸水西路一号(华新汽车站斜对面),124㎡,高层（共32层）,愉景新城,76万,湖南,3室2厅,南北向,6129元/㎡,2016年建,https://hengyang.esf.fang.com/chushou/3_175977811.htm
2990,常宁,华新开发区-蒸湘区船山西路与光辉北路交汇处(蒸湘区政府西,112㎡,中层（共30层）,冠佳.西子莲花,88万,湖南,3室2厅,南北向,7857元/㎡,2015年建,https://hengyang.esf.fang.com/chushou/3_175455323.htm
2991,常宁,华新开发区-蒸湘区船山西路与光辉北路交汇处(蒸湘区政府西,112㎡,中层（共30层）,冠佳.西子莲花,88万,湖南,3室2厅,南北向,7857元/㎡,2015年建,https://hengyang.esf.fang.com/chushou/3_175455323.htm
2992,常宁,华新车站-华新汽车站,113.08㎡,中层（共32层）,愉景.南苑,76.8万,湖南,4室2厅,南向,6792元/㎡,2016年建,https://hengyang.esf.fang.com/chushou/3_160980833.htm
2993,常宁,华新车站-华新汽车站,113.08㎡,中层（共32层）,愉景.南苑,76.8万,湖南,4室2厅,南向,6792元/㎡,2016年建,https://hengyang.esf.fang.com/chushou/3_160980833.htm
2994,常宁,蒸湘北路-石鼓-蒸湘北路-珠江帝景山庄,116㎡,中层（共31层）,珠江帝景山庄,79万,湖南,3室2厅,南向,6810元/㎡,2016年建,https://hengyang.esf.fang.com/chushou/3_174829123.htm
2995,常宁,蒸湘北路-石鼓-蒸湘北路-珠江帝景山庄,116㎡,中层（共31层）,珠江帝景山庄,79万,湖南,3室2厅,南向,6810元/㎡,2016年建,https://hengyang.esf.fang.com/chushou/3_174829123.htm
2996,常宁,华新开发区-立新大道32号,117㎡,高层（共32层）,融冠水映豪廷,79.8万,湖南,3室2厅,南北向,6821元/㎡,2015年建,https://hengyang.esf.fang.com/chushou/3_175445563.htm
2997,常宁,华新开发区-立新大道32号,117㎡,高层（共32层）,融冠水映豪廷,79.8万,湖南,3室2厅,南北向,6821元/㎡,2015年建,https://hengyang.esf.fang.com/chushou/3_175445563.htm
2998,常宁,"西外环路-高新开发区西南角,蒸水大道西侧",100㎡,中层（共6层）,蒸水花苑三期,43万,湖南,3室2厅,南北向,4300元/㎡,2015年建,https://hengyang.esf.fang.com/chushou/3_175526229.htm
2999,常宁,"西外环路-高新开发区西南角,蒸水大道西侧",100㎡,中层（共6层）,蒸水花苑三期,43万,湖南,3室2厅,南北向,4300元/㎡,2015年建,https://hengyang.esf.fang.com/chushou/3_175526229.htm
